ID,descr,bridgeId,bridgeName*,assetClass,route,routeNumber,state*,region,lga,latitude*,longitude*,location,assetOwner*,managingAuthority,structureType,yearBuilt,designLoad,designStandard,clearanceHeight,spanLength,material,spanCount,totalLength,deckWidth,numberOfLanes,condition,conditionRating,structuralAdequacyRating,postingStatus,conditionStandard,seismicZone,asBuiltDrawingReference,floodImmunityAriYears,floodImpacted,highPriorityAsset,remarks,status,lastInspectionDate,nhvrAssessed,nhvrAssessmentDate,loadRating,pbsApprovalClass,importanceLevel,averageDailyTraffic,heavyVehiclePercent,gazetteReference,nhvrReferenceUrl,freightRoute,overMassRoute,hmlApproved,bDoubleApproved,dataSource,sourceReferenceUrl,openDataReference,sourceRecordId,restriction_ID,geoJson
,,OSM-3095436,Foreshore Road,Road Bridge,,,NSW,Sydney Metropolitan,,-33.945758,151.188714,,Local Council (inferred),,Beam Bridge,,,,,,,,45,,3,,,,,,,,,,,"OPEN DATA (OpenStreetMap, ODbL). DQ: INCOMPLETE - geometry & identity captured; owner/region/importance INFERRED (verify). Missing: condition, conditionRating, lastInspectionDate, lga, yearBuilt, postingStatus. No engineering/inspection data from open source.",Active,,,,,,3,,,,,,,,,"OpenStreetMap (open data, ODbL)",https://www.openstreetmap.org/way/3095436,OSM:way/3095436,3095436,,"{""type"":""LineString"",""coordinates"":[[151.1886334,-33.9455674],[151.1887939,-33.9459492]]}"
,,OSM-3188015,Pier Street,Road Bridge,,,NSW,Sydney Metropolitan,,-33.877681,151.201323,,Local Council (inferred),,Beam Bridge,,,,,,,,121,,1,,,,,,,,,,,"OPEN DATA (OpenStreetMap, ODbL). DQ: INCOMPLETE - geometry & identity captured; owner/region/importance INFERRED (verify). Missing: condition, conditionRating, lastInspectionDate, lga, yearBuilt, postingStatus. No engineering/inspection data from open source.",Active,,,,,,2,,,,,,,,,"OpenStreetMap (open data, ODbL)",https://www.openstreetmap.org/way/3188015,OSM:way/3188015,3188015,,"{""type"":""LineString"",""coordinates"":[[151.2019629,-33.8773664],[151.2017516,-33.8775501],[151.2016182,-33.8776139],[151.2014215,-33.8776912],[151.2013332,-33.8777179],[151.2012338,-33.8777427],[151.2011436,-33.87776],[151.2010433,-33.8777756],[151.200915,-33.8777918],[151.2008095,-33.8778031]]}"
,,OSM-3501868,Princes Street,Road Bridge,,,NSW,Mid North Coast,,-31.899502,152.532967,,Local Council (inferred),,Beam Bridge,,,,,,,,60,,2,,,,,,,,,,,"OPEN DATA (OpenStreetMap, ODbL). DQ: INCOMPLETE - geometry & identity captured; owner/region/importance INFERRED (verify). Missing: condition, conditionRating, lastInspectionDate, lga, yearBuilt, postingStatus. No engineering/inspection data from open source.",Active,,,,,,2,,,,,,,,,"OpenStreetMap (open data, ODbL)",https://www.openstreetmap.org/way/3501868,OSM:way/3501868,3501868,,"{""type"":""LineString"",""coordinates"":[[152.5331475,-31.8997227],[152.532787,-31.8992808]]}"
,,A1,Pacific Highway,Road Bridge,,A1,NSW,Mid North Coast,,-31.802557,152.641604,,Transport for NSW (inferred),,Beam Bridge,2013,,,,,,,93,,2,,,,,,,,,,,"OPEN DATA (OpenStreetMap, ODbL). DQ: PARTIAL - geometry & identity captured; owner/region/importance INFERRED (verify). Missing: condition, conditionRating, lastInspectionDate, lga, postingStatus. No engineering/inspection data from open source.",Active,,,,,,4,,,,,,,,,"OpenStreetMap (open data, ODbL)",https://www.openstreetmap.org/way/3502498,OSM:way/3502498,3502498,,"{""type"":""LineString"",""coordinates"":[[152.6417632,-31.8021611],[152.6416046,-31.8025578],[152.6414452,-31.8029526]]}"
,,A4,Western Distributor,Road Bridge,,A4,NSW,Sydney Metropolitan,,-33.874524,151.19567,,Transport for NSW (inferred),,Viaduct,2013,,,,,,,239,,3,,,,,,,,,,,"OPEN DATA (OpenStreetMap, ODbL). DQ: PARTIAL - geometry & identity captured; owner/region/importance INFERRED (verify). Missing: condition, conditionRating, lastInspectionDate, lga, postingStatus. No engineering/inspection data from open source.",Active,,,,,,4,,,,,,,,,"OpenStreetMap (open data, ODbL)",https://www.openstreetmap.org/way/3508815,OSM:way/3508815,3508815,,"{""type"":""LineString"",""coordinates"":[[151.1946848,-33.87344],[151.1951056,-33.8741164],[151.1953347,-33.8743808],[151.1954003,-33.8744385],[151.1955167,-33.8745454],[151.1956379,-33.8746382],[151.1958135,-33.8747411],[151.1960367,-33.8748218],[151.1961554,-33.8748589],[151.1962781,-33.8748832],[151.1964105,-33.8749012]]}"
,,OSM-3509103,Loch Street,Road Bridge,,,NSW,Sydney Metropolitan,,-33.91268,151.097614,,Local Council (inferred),,Beam Bridge,,,,,,,,40,,,,,,,,,,,,,"OPEN DATA (OpenStreetMap, ODbL). DQ: INCOMPLETE - geometry & identity captured; owner/region/importance INFERRED (verify). Missing: condition, conditionRating, lastInspectionDate, lga, yearBuilt, postingStatus. No engineering/inspection data from open source.",Active,,,,,,1,,,,,,,,,"OpenStreetMap (open data, ODbL)",https://www.openstreetmap.org/way/3509103,OSM:way/3509103,3509103,,"{""type"":""LineString"",""coordinates"":[[151.0977089,-33.9128425],[151.0975182,-33.9125177]]}"
,,OSM-3726782,Lawson Street,Road Bridge,,,NSW,Sydney Metropolitan,,-33.891579,151.199058,,Local Council (inferred),,Beam Bridge,,,,,,,,86,,2,,,,Restricted,,,,,,,"OPEN DATA (OpenStreetMap, ODbL). DQ: PARTIAL - geometry & identity captured; owner/region/importance INFERRED (verify). Missing: condition, conditionRating, lastInspectionDate, lga, yearBuilt. No engineering/inspection data from open source. HV: load limit 3t (posted, open data; NHVR gazettal/route approval NOT verified).",Active,,,,3,,1,,,,,,,,,"OpenStreetMap (open data, ODbL)",https://www.openstreetmap.org/way/3726782,OSM:way/3726782,3726782,,"{""type"":""LineString"",""coordinates"":[[151.1985996,-33.8915096],[151.19885,-33.8915463],[151.1992645,-33.891607],[151.1995167,-33.8916516]]}"
,,A4,Western Distributor,Road Bridge,,A4,NSW,Sydney Metropolitan,,-33.871244,151.192095,,Transport for NSW (inferred),,Viaduct,2013,,,,,,,247,,3,,,,,,,,,,,"OPEN DATA (OpenStreetMap, ODbL). DQ: PARTIAL - geometry & identity captured; owner/region/importance INFERRED (verify). Missing: condition, conditionRating, lastInspectionDate, lga, postingStatus. No engineering/inspection data from open source.",Active,,,,,,4,,,,,,,,,"OpenStreetMap (open data, ODbL)",https://www.openstreetmap.org/way/3919480,OSM:way/3919480,3919480,,"{""type"":""LineString"",""coordinates"":[[151.1931139,-33.87176],[151.1929232,-33.8715772],[151.1927981,-33.8714752],[151.1927018,-33.8714142],[151.1924572,-33.8712819],[151.1922282,-33.8711828],[151.1920343,-33.8711209],[151.1918279,-33.8710697],[151.191235,-33.8709927],[151.1909839,-33.8709413],[151.1907391,-33.870869]]}"
,,A4,Western Distributor,Road Bridge,,A4,NSW,Sydney Metropolitan,,-33.870463,151.190033,,Transport for NSW (inferred),,Viaduct,2013,,,,,,,118,,4,,,,,,,,,,,"OPEN DATA (OpenStreetMap, ODbL). DQ: PARTIAL - geometry & identity captured; owner/region/importance INFERRED (verify). Missing: condition, conditionRating, lastInspectionDate, lga, postingStatus. No engineering/inspection data from open source.",Active,,,,,,4,,,,,,,,,"OpenStreetMap (open data, ODbL)",https://www.openstreetmap.org/way/3997051,OSM:way/3997051,3997051,,"{""type"":""LineString"",""coordinates"":[[151.1895359,-33.8702458],[151.1897517,-33.8703439],[151.1901763,-33.8705261],[151.1906664,-33.8707364]]}"
,,OSM-3999079,Blaxland Road,Road Bridge,,,NSW,Regional NSW,,-33.708019,150.375914,,Local Council (inferred),,Beam Bridge,,,,,,,,28,,,,,,,,,,,,,"OPEN DATA (OpenStreetMap, ODbL). DQ: INCOMPLETE - geometry & identity captured; owner/region/importance INFERRED (verify). Missing: condition, conditionRating, lastInspectionDate, lga, yearBuilt, postingStatus. No engineering/inspection data from open source.",Active,,,,,,2,,,,,,,,,"OpenStreetMap (open data, ODbL)",https://www.openstreetmap.org/way/3999079,OSM:way/3999079,3999079,,"{""type"":""LineString"",""coordinates"":[[150.3758414,-33.7081313],[150.375986,-33.7079077]]}"
,,OSM-4000052,Cliff Top Board Walk,Pedestrian Bridge,,,NSW,Sydney Metropolitan,,-33.867521,151.283696,,Local Council (inferred),,Boardwalk,,,,,,,,72,,,,,,,,,,,,,"OPEN DATA (OpenStreetMap, ODbL). DQ: INCOMPLETE - geometry & identity captured; owner/region/importance INFERRED (verify). Missing: condition, conditionRating, lastInspectionDate, lga, yearBuilt, postingStatus. No engineering/inspection data from open source.",Active,,,,,,1,,,,,,,,,"OpenStreetMap (open data, ODbL)",https://www.openstreetmap.org/way/4000052,OSM:way/4000052,4000052,,"{""type"":""LineString"",""coordinates"":[[151.283697,-33.8673131],[151.2836965,-33.8673417],[151.2836586,-33.8673858],[151.2836345,-33.8674788],[151.2836559,-33.8675406],[151.2837211,-33.8676588],[151.2838067,-33.8679265]]}"
,,OSM-4040193,Kyogle Road,Road Bridge,,,NSW,Northern Rivers,,-28.601789,153.037503,,Local Council (inferred),,Beam Bridge,,,,,,,,37,,2,,,,,,,,,,,"OPEN DATA (OpenStreetMap, ODbL). DQ: INCOMPLETE - geometry & identity captured; owner/region/importance INFERRED (verify). Missing: condition, conditionRating, lastInspectionDate, lga, yearBuilt, postingStatus. No engineering/inspection data from open source.",Active,,,,,,2,,,,,,,,,"OpenStreetMap (open data, ODbL)",https://www.openstreetmap.org/way/4040193,OSM:way/4040193,4040193,,"{""type"":""LineString"",""coordinates"":[[153.0376843,-28.6018312],[153.0373212,-28.6017463]]}"
,,M31,Hume Highway,Road Bridge,,M31,NSW,South East & Tablelands,,-34.78671,149.657018,,Transport for NSW (inferred),,Beam Bridge,,,,,,,,59,,2,,,,,,,,,,,"OPEN DATA (OpenStreetMap, ODbL). DQ: INCOMPLETE - geometry & identity captured; owner/region/importance INFERRED (verify). Missing: condition, conditionRating, lastInspectionDate, lga, yearBuilt, postingStatus. No engineering/inspection data from open source.",Active,,,,,,4,,,,,,,,,"OpenStreetMap (open data, ODbL)",https://www.openstreetmap.org/way/4175320,OSM:way/4175320,4175320,,"{""type"":""LineString"",""coordinates"":[[149.6572946,-34.7865722],[149.6567409,-34.7868488]]}"
,,M23,Federal Highway,Road Bridge,,M23,NSW,South East & Tablelands,,-34.923736,149.426281,,Transport for NSW (inferred),,Beam Bridge,,,,,,,,183,,2,,,,,,,,,,,"OPEN DATA (OpenStreetMap, ODbL). DQ: INCOMPLETE - geometry & identity captured; owner/region/importance INFERRED (verify). Missing: condition, conditionRating, lastInspectionDate, lga, yearBuilt, postingStatus. No engineering/inspection data from open source.",Active,,,,,,4,,,,,,,,,"OpenStreetMap (open data, ODbL)",https://www.openstreetmap.org/way/4176410,OSM:way/4176410,4176410,,"{""type"":""LineString"",""coordinates"":[[149.4255289,-34.9244743],[149.4264871,-34.923516],[149.4268265,-34.9232191]]}"
,,A1,Princes Highway,Road Bridge,,A1,NSW,South East & Tablelands,,-35.388406,150.44623,,Transport for NSW (inferred),,Beam Bridge,,,,,,,,287,,2,,,,,,,,,,,"OPEN DATA (OpenStreetMap, ODbL). DQ: INCOMPLETE - geometry & identity captured; owner/region/importance INFERRED (verify). Missing: condition, conditionRating, lastInspectionDate, lga, yearBuilt, postingStatus. No engineering/inspection data from open source.",Active,,,,,,4,,,,,,,,,"OpenStreetMap (open data, ODbL)",https://www.openstreetmap.org/way/4286550,OSM:way/4286550,4286550,,"{""type"":""LineString"",""coordinates"":[[150.4447493,-35.3888573],[150.4477101,-35.3879547]]}"
,,B53,Main Road,Road Bridge,,B53,NSW,Central Coast,,-33.084824,151.500643,,Transport for NSW (inferred),,Beam Bridge,,,,,,,,161,,,,,,,,,,,,,"OPEN DATA (OpenStreetMap, ODbL). DQ: INCOMPLETE - geometry & identity captured; owner/region/importance INFERRED (verify). Missing: condition, conditionRating, lastInspectionDate, lga, yearBuilt, postingStatus. No engineering/inspection data from open source.",Active,,,,,,3,,,,,,,,,"OpenStreetMap (open data, ODbL)",https://www.openstreetmap.org/way/4294952,OSM:way/4294952,4294952,,"{""type"":""LineString"",""coordinates"":[[151.5003587,-33.0855064],[151.5009264,-33.0841416]]}"
,,B63,Teal Street,Road Bridge,,B63,NSW,Hunter,,-32.884475,151.787748,,Transport for NSW (inferred),,Beam Bridge,,,,,,,,1016,,,,,,,,,,,,,"OPEN DATA (OpenStreetMap, ODbL). DQ: INCOMPLETE - geometry & identity captured; owner/region/importance INFERRED (verify). Missing: condition, conditionRating, lastInspectionDate, lga, yearBuilt, postingStatus. No engineering/inspection data from open source.",Active,,,,,,3,,,,,,,,,"OpenStreetMap (open data, ODbL)",https://www.openstreetmap.org/way/4295432,OSM:way/4295432,4295432,,"{""type"":""LineString"",""coordinates"":[[151.7809868,-32.8847974],[151.7819914,-32.8847763],[151.7826746,-32.8847526],[151.7850401,-32.8846591],[151.7863231,-32.8846147],[151.7869301,-32.8845881],[151.7892274,-32.8845005],[151.7897002,-32.8844803],[151.7900526,-32.884458],[151.7903009,-32.8844248],[151.7907429,-32.8843407],[151.7911917,-32.8842101],[151.7915583,-32.8840718],[151.7917516,-32.8839734]]}"
,,16,Giinagay Way,Road Bridge,,16,NSW,Mid North Coast,,-30.492059,153.012963,,Transport for NSW (inferred),,Beam Bridge,2013,,,,,,,235,,2,,,,,,,,,,,"OPEN DATA (OpenStreetMap, ODbL). DQ: PARTIAL - geometry & identity captured; owner/region/importance INFERRED (verify). Missing: condition, conditionRating, lastInspectionDate, lga, postingStatus. No engineering/inspection data from open source.",Active,,,,,,2,,,,,,,,,"OpenStreetMap (open data, ODbL)",https://www.openstreetmap.org/way/4298478,OSM:way/4298478,4298478,,"{""type"":""LineString"",""coordinates"":[[153.0137785,-30.4928465],[153.0121478,-30.4912719]]}"
,,22,Craig Street,Road Bridge,,22,NSW,Regional NSW,,-29.698101,152.942151,,Transport for NSW (inferred),,Beam Bridge,,,,,,,,370,,2,,,,,,,,,,,"OPEN DATA (OpenStreetMap, ODbL). DQ: INCOMPLETE - geometry & identity captured; owner/region/importance INFERRED (verify). Missing: condition, conditionRating, lastInspectionDate, lga, yearBuilt, postingStatus. No engineering/inspection data from open source.",Active,,,,,,1,,,,,,,,,"OpenStreetMap (open data, ODbL)",https://www.openstreetmap.org/way/4298725,OSM:way/4298725,4298725,,"{""type"":""LineString"",""coordinates"":[[152.9424604,-29.6994683],[152.9423047,-29.6987839],[152.942115,-29.6979484],[152.9417257,-29.6962021]]}"
,,M5,M5 Motorway,Road Bridge,,M5,NSW,Sydney Metropolitan,,-33.93913,150.919405,,Transport for NSW (inferred),,Beam Bridge,2013,,,,,,,286,,4,,,,,,,,,,,"OPEN DATA (OpenStreetMap, ODbL). DQ: PARTIAL - geometry & identity captured; owner/region/importance INFERRED (verify). Missing: condition, conditionRating, lastInspectionDate, lga, postingStatus. No engineering/inspection data from open source.",Active,,,,,,4,,,,,,,,,"OpenStreetMap (open data, ODbL)",https://www.openstreetmap.org/way/4305946,OSM:way/4305946,4305946,,"{""type"":""LineString"",""coordinates"":[[150.9209399,-33.9393032],[150.9178705,-33.9389578]]}"
,,OSM-4331725,Port Botany Freight Line,Rail Bridge,,,NSW,Sydney Metropolitan,,-33.937419,151.196276,,Transport Asset Holding Entity (inferred),,Beam Bridge,,,,,,,,74,,,,,,,,,,,,,"OPEN DATA (OpenStreetMap, ODbL). DQ: INCOMPLETE - geometry & identity captured; owner/region/importance INFERRED (verify). Missing: condition, conditionRating, lastInspectionDate, lga, yearBuilt, postingStatus. No engineering/inspection data from open source.",Active,,,,,,4,,,,,,,,,"OpenStreetMap (open data, ODbL)",https://www.openstreetmap.org/way/4331725,OSM:way/4331725,4331725,,"{""type"":""LineString"",""coordinates"":[[151.1959301,-33.9373358],[151.1961184,-33.9373892],[151.1963509,-33.9374422],[151.1967063,-33.9375074]]}"
,,A1,General Holmes Drive,Road Bridge,,A1,NSW,Sydney Metropolitan,,-33.947735,151.167077,,Transport for NSW (inferred),,Beam Bridge,2013,,,,,,,172,,3,,,,,,,,,,,"OPEN DATA (OpenStreetMap, ODbL). DQ: PARTIAL - geometry & identity captured; owner/region/importance INFERRED (verify). Missing: condition, conditionRating, lastInspectionDate, lga, postingStatus. No engineering/inspection data from open source.",Active,,,,,,4,,,,,,,,,"OpenStreetMap (open data, ODbL)",https://www.openstreetmap.org/way/4331807,OSM:way/4331807,4331807,,"{""type"":""LineString"",""coordinates"":[[151.1677949,-33.9472427],[151.16636,-33.9482277]]}"
,,OSM-4334262,Cahill Expressway,Road Bridge,,,NSW,Sydney Metropolitan,,-33.861119,151.207453,,Local Council (inferred),,Beam Bridge,,,,,,,,122,,2,,,,,,,,,,,"OPEN DATA (OpenStreetMap, ODbL). DQ: INCOMPLETE - geometry & identity captured; owner/region/importance INFERRED (verify). Missing: condition, conditionRating, lastInspectionDate, lga, yearBuilt, postingStatus. No engineering/inspection data from open source.",Active,,,,,,4,,,,,,,,,"OpenStreetMap (open data, ODbL)",https://www.openstreetmap.org/way/4334262,OSM:way/4334262,4334262,,"{""type"":""LineString"",""coordinates"":[[151.2080854,-33.8611767],[151.2077496,-33.8611461],[151.2072098,-33.8610911],[151.2067668,-33.8610632]]}"
,,OSM-4336109,Pacific Highway Offramp,Road Bridge,,,NSW,Sydney Metropolitan,,-33.606091,151.163794,,Local Council (inferred),,Beam Bridge,,,,,,,,129,,2,,,,,,,,,,,"OPEN DATA (OpenStreetMap, ODbL). DQ: INCOMPLETE - geometry & identity captured; owner/region/importance INFERRED (verify). Missing: condition, conditionRating, lastInspectionDate, lga, yearBuilt, postingStatus. No engineering/inspection data from open source.",Active,,,,,,4,,,,,,,,,"OpenStreetMap (open data, ODbL)",https://www.openstreetmap.org/way/4336109,OSM:way/4336109,4336109,,"{""type"":""LineString"",""coordinates"":[[151.1644677,-33.6059476],[151.1631201,-33.6062336]]}"
,,B83,Pacific Highway,Road Bridge,,B83,NSW,Sydney Metropolitan,,-33.60649,151.16198,,Transport for NSW (inferred),,Beam Bridge,,,,,,,,65,,1,,,,,,,,,,,"OPEN DATA (OpenStreetMap, ODbL). DQ: INCOMPLETE - geometry & identity captured; owner/region/importance INFERRED (verify). Missing: condition, conditionRating, lastInspectionDate, lga, yearBuilt, postingStatus. No engineering/inspection data from open source.",Active,,,,,,3,,,,,,,,,"OpenStreetMap (open data, ODbL)",https://www.openstreetmap.org/way/4336112,OSM:way/4336112,4336112,,"{""type"":""LineString"",""coordinates"":[[151.1621804,-33.6062517],[151.1617795,-33.6067274]]}"
,,B83,Pacific Highway,Road Bridge,,B83,NSW,Sydney Metropolitan,,-33.558935,151.192617,,Transport for NSW (inferred),,Beam Bridge,,,,,,,,82,,3,,,,,,,,,,,"OPEN DATA (OpenStreetMap, ODbL). DQ: INCOMPLETE - geometry & identity captured; owner/region/importance INFERRED (verify). Missing: condition, conditionRating, lastInspectionDate, lga, yearBuilt, postingStatus. No engineering/inspection data from open source.",Active,,,,,,3,,,,,,,,,"OpenStreetMap (open data, ODbL)",https://www.openstreetmap.org/way/4336210,OSM:way/4336210,4336210,,"{""type"":""LineString"",""coordinates"":[[151.1922465,-33.5591344],[151.1929875,-33.5587347]]}"
,,B83,Pacific Highway,Road Bridge,,B83,NSW,Central Coast,,-33.540123,151.198909,,Transport for NSW (inferred),,Beam Bridge,,,,,,,,285,,2,,,,,,,,,,,"OPEN DATA (OpenStreetMap, ODbL). DQ: INCOMPLETE - geometry & identity captured; owner/region/importance INFERRED (verify). Missing: condition, conditionRating, lastInspectionDate, lga, yearBuilt, postingStatus. No engineering/inspection data from open source.",Active,,,,,,3,,,,,,,,,"OpenStreetMap (open data, ODbL)",https://www.openstreetmap.org/way/4336327,OSM:way/4336327,4336327,,"{""type"":""LineString"",""coordinates"":[[151.1986186,-33.5413801],[151.1991987,-33.5388651]]}"
,,OSM-4336535,Russell Street Offramp,Road Bridge,,,NSW,Sydney Metropolitan,,-33.76004,150.652911,,Local Council (inferred),,Beam Bridge,,,,,,,,47,,2,,,,,,,,,,,"OPEN DATA (OpenStreetMap, ODbL). DQ: INCOMPLETE - geometry & identity captured; owner/region/importance INFERRED (verify). Missing: condition, conditionRating, lastInspectionDate, lga, yearBuilt, postingStatus. No engineering/inspection data from open source.",Active,,,,,,4,,,,,,,,,"OpenStreetMap (open data, ODbL)",https://www.openstreetmap.org/way/4336535,OSM:way/4336535,4336535,,"{""type"":""LineString"",""coordinates"":[[150.6531444,-33.7601228],[150.6526773,-33.7599569]]}"
,,M4,Western Motorway,Road Bridge,,M4,NSW,Sydney Metropolitan,,-33.76433,150.659359,,Transport for NSW (inferred),,Beam Bridge,2013,,,,,,,325,,2,,,,,,,,,,,"OPEN DATA (OpenStreetMap, ODbL). DQ: PARTIAL - geometry & identity captured; owner/region/importance INFERRED (verify). Missing: condition, conditionRating, lastInspectionDate, lga, postingStatus. No engineering/inspection data from open source.",Active,,,,,,4,,,,,,,,,"OpenStreetMap (open data, ODbL)",https://www.openstreetmap.org/way/4336537,OSM:way/4336537,4336537,,"{""type"":""LineString"",""coordinates"":[[150.6606431,-33.7653295],[150.6580749,-33.7633313]]}"
,,A44,Great Western Highway,Road Bridge,,A44,NSW,Sydney Metropolitan,,-33.769235,150.762257,,Transport for NSW (inferred),,Beam Bridge,2013,,,,,,,62,,,,,,,,,,,,,"OPEN DATA (OpenStreetMap, ODbL). DQ: PARTIAL - geometry & identity captured; owner/region/importance INFERRED (verify). Missing: condition, conditionRating, lastInspectionDate, lga, postingStatus. No engineering/inspection data from open source.",Active,,,,,,4,,,,,,,,,"OpenStreetMap (open data, ODbL)",https://www.openstreetmap.org/way/4336617,OSM:way/4336617,4336617,,"{""type"":""LineString"",""coordinates"":[[150.7619334,-33.7691613],[150.7625796,-33.7693084]]}"
,,OSM-4354468,Parsley Bay Bridge,Shared Path Bridge,,,NSW,Sydney Metropolitan,,-33.850829,151.277129,,Local Council (inferred),,Beam Bridge,,,,,,,,59,,,,,,,,,,,,,"OPEN DATA (OpenStreetMap, ODbL). DQ: INCOMPLETE - geometry & identity captured; owner/region/importance INFERRED (verify). Missing: condition, conditionRating, lastInspectionDate, lga, yearBuilt, postingStatus. No engineering/inspection data from open source.",Active,,,,,,1,,,,,,,,,"OpenStreetMap (open data, ODbL)",https://www.openstreetmap.org/way/4354468,OSM:way/4354468,4354468,,"{""type"":""LineString"",""coordinates"":[[151.2768609,-33.850974],[151.2773977,-33.8506846]]}"
,,OSM-4368596,Darling Drive,Road Bridge,,,NSW,Sydney Metropolitan,,-33.870697,151.198424,,Local Council (inferred),,Beam Bridge,,,,,,,,112,,2,,,,,,,,,,,"OPEN DATA (OpenStreetMap, ODbL). DQ: INCOMPLETE - geometry & identity captured; owner/region/importance INFERRED (verify). Missing: condition, conditionRating, lastInspectionDate, lga, yearBuilt, postingStatus. No engineering/inspection data from open source.",Active,,,,,,1,,,,,,,,,"OpenStreetMap (open data, ODbL)",https://www.openstreetmap.org/way/4368596,OSM:way/4368596,4368596,,"{""type"":""LineString"",""coordinates"":[[151.1982631,-33.8703202],[151.1983353,-33.8704131],[151.1983777,-33.8704803],[151.198414,-33.8705543],[151.1984477,-33.8706333],[151.1984669,-33.8706945],[151.1984841,-33.8707737],[151.198491,-33.8708609],[151.1984917,-33.8709443],[151.1984674,-33.8712908]]}"
,,OSM-4368600,Western Distributor Onramp,Road Bridge,,,NSW,Sydney Metropolitan,,-33.873593,151.200712,,Local Council (inferred),,Viaduct,,,,,,,,184,,2,,,,,,,,,,,"OPEN DATA (OpenStreetMap, ODbL). DQ: INCOMPLETE - geometry & identity captured; owner/region/importance INFERRED (verify). Missing: condition, conditionRating, lastInspectionDate, lga, yearBuilt, postingStatus. No engineering/inspection data from open source.",Active,,,,,,4,,,,,,,,,"OpenStreetMap (open data, ODbL)",https://www.openstreetmap.org/way/4368600,OSM:way/4368600,4368600,,"{""type"":""LineString"",""coordinates"":[[151.1995508,-33.8738747],[151.1999904,-33.8737759],[151.2005396,-33.8736424],[151.2009668,-33.8735337],[151.2011586,-33.8734839],[151.2013217,-33.8734335],[151.2014579,-33.8734083]]}"
,,OSM-4368601,Bathurst Street Offramp,Road Bridge,,,NSW,Sydney Metropolitan,,-33.874642,151.197755,,Local Council (inferred),,Viaduct,,,,,,,,87,,2,,,,,,,,,,,"OPEN DATA (OpenStreetMap, ODbL). DQ: INCOMPLETE - geometry & identity captured; owner/region/importance INFERRED (verify). Missing: condition, conditionRating, lastInspectionDate, lga, yearBuilt, postingStatus. No engineering/inspection data from open source.",Active,,,,,,4,,,,,,,,,"OpenStreetMap (open data, ODbL)",https://www.openstreetmap.org/way/4368601,OSM:way/4368601,4368601,,"{""type"":""LineString"",""coordinates"":[[151.1972585,-33.8747779],[151.1974418,-33.874747],[151.1978872,-33.8746097],[151.198046,-33.8745549],[151.1981439,-33.8745216]]}"
,,OSM-4368604,Bathurst Street Offramp,Road Bridge,,,NSW,Sydney Metropolitan,,-33.874071,151.200676,,Local Council (inferred),,Viaduct,,,,,,,,110,,3,,,,,,,,,,,"OPEN DATA (OpenStreetMap, ODbL). DQ: INCOMPLETE - geometry & identity captured; owner/region/importance INFERRED (verify). Missing: condition, conditionRating, lastInspectionDate, lga, yearBuilt, postingStatus. No engineering/inspection data from open source.",Active,,,,,,4,,,,,,,,,"OpenStreetMap (open data, ODbL)",https://www.openstreetmap.org/way/4368604,OSM:way/4368604,4368604,,"{""type"":""LineString"",""coordinates"":[[151.2000358,-33.8741555],[151.2004137,-33.8741027],[151.2007119,-33.8740645],[151.2009992,-33.8740275],[151.2012185,-33.8740047]]}"
,,A3,Concord Road,Road Bridge,,A3,NSW,Sydney Metropolitan,,-33.822787,151.096212,,Transport for NSW (inferred),,Beam Bridge,,,,,,,,80,,4,,,,,,,,,,,"OPEN DATA (OpenStreetMap, ODbL). DQ: INCOMPLETE - geometry & identity captured; owner/region/importance INFERRED (verify). Missing: condition, conditionRating, lastInspectionDate, lga, yearBuilt, postingStatus. No engineering/inspection data from open source.",Active,,,,,,4,,,,,,,,,"OpenStreetMap (open data, ODbL)",https://www.openstreetmap.org/way/4377272,OSM:way/4377272,4377272,,"{""type"":""LineString"",""coordinates"":[[151.096509,-33.8225906],[151.0962925,-33.8227327],[151.0958334,-33.8230379]]}"
,,A3,Homebush Bay Drive,Road Bridge,,A3,NSW,Sydney Metropolitan,,-33.853999,151.077141,,Transport for NSW (inferred),,Beam Bridge,,,,,,,,87,,3,,,,,,,,,,,"OPEN DATA (OpenStreetMap, ODbL). DQ: INCOMPLETE - geometry & identity captured; owner/region/importance INFERRED (verify). Missing: condition, conditionRating, lastInspectionDate, lga, yearBuilt, postingStatus. No engineering/inspection data from open source.",Active,,,,,,4,,,,,,,,,"OpenStreetMap (open data, ODbL)",https://www.openstreetmap.org/way/4385571,OSM:way/4385571,4385571,,"{""type"":""LineString"",""coordinates"":[[151.0767821,-33.8541884],[151.0770309,-33.8540605],[151.077179,-33.8539869],[151.0775729,-33.8537604]]}"
,,A3,Lane Cove Road,Road Bridge,,A3,NSW,Sydney Metropolitan,,-33.77577,151.135351,,Transport for NSW (inferred),,Beam Bridge,,,,,,,,185,,3,,,,,,,,,,,"OPEN DATA (OpenStreetMap, ODbL). DQ: INCOMPLETE - geometry & identity captured; owner/region/importance INFERRED (verify). Missing: condition, conditionRating, lastInspectionDate, lga, yearBuilt, postingStatus. No engineering/inspection data from open source.",Active,,,,,,4,,,,,,,,,"OpenStreetMap (open data, ODbL)",https://www.openstreetmap.org/way/4568901,OSM:way/4568901,4568901,,"{""type"":""LineString"",""coordinates"":[[151.1353869,-33.7766002],[151.135316,-33.774939]]}"
,,OSM-4570741,The Grand Parade,Road Bridge,,,NSW,Sydney Metropolitan,,-34.028892,151.059297,,Local Council (inferred),,Beam Bridge,,,,,,,,121,,2,,,,,,,,,,,"OPEN DATA (OpenStreetMap, ODbL). DQ: INCOMPLETE - geometry & identity captured; owner/region/importance INFERRED (verify). Missing: condition, conditionRating, lastInspectionDate, lga, yearBuilt, postingStatus. No engineering/inspection data from open source.",Active,,,,,,3,,,,,,,,,"OpenStreetMap (open data, ODbL)",https://www.openstreetmap.org/way/4570741,OSM:way/4570741,4570741,,"{""type"":""LineString"",""coordinates"":[[151.0586027,-34.0287857],[151.0591624,-34.0288655],[151.0595308,-34.0289228],[151.0598932,-34.0289923]]}"
,,A38,Delhi Road,Road Bridge,,A38,NSW,Sydney Metropolitan,,-33.794011,151.136203,,Transport for NSW (inferred),,Beam Bridge,2013,,,,,,,9,,4,,,,,,,,,,,"OPEN DATA (OpenStreetMap, ODbL). DQ: PARTIAL - geometry & identity captured; owner/region/importance INFERRED (verify). Missing: condition, conditionRating, lastInspectionDate, lga, postingStatus. No engineering/inspection data from open source. On NSW freight network (OSM hgv=designated, spatial join); NHVR B-double/road-train/HML approval NOT verified.",Active,,,,,,3,,,,,true,,,,"OpenStreetMap (open data, ODbL)",https://www.openstreetmap.org/way/4574049,OSM:way/4574049,4574049,,"{""type"":""LineString"",""coordinates"":[[151.1362495,-33.7940142],[151.1361568,-33.7940073]]}"
,,A1,Pacific Highway,Road Bridge,,A1,NSW,Sydney Metropolitan,,-33.733344,151.1294,,Transport for NSW (inferred),,Beam Bridge,2013,,,,,,,40,,3,,,,,,,,,,,"OPEN DATA (OpenStreetMap, ODbL). DQ: PARTIAL - geometry & identity captured; owner/region/importance INFERRED (verify). Missing: condition, conditionRating, lastInspectionDate, lga, postingStatus. No engineering/inspection data from open source.",Active,,,,,,4,,,,,,,,,"OpenStreetMap (open data, ODbL)",https://www.openstreetmap.org/way/4602519,OSM:way/4602519,4602519,,"{""type"":""LineString"",""coordinates"":[[151.1296124,-33.7333057],[151.1291871,-33.7333815]]}"
,,M2,M2 Hills Motorway,Road Bridge,,M2,NSW,Sydney Metropolitan,,-33.777098,151.12702,,Transport for NSW (inferred),,Beam Bridge,,,,,,,,32,,3,,,,,,,,,,,"OPEN DATA (OpenStreetMap, ODbL). DQ: INCOMPLETE - geometry & identity captured; owner/region/importance INFERRED (verify). Missing: condition, conditionRating, lastInspectionDate, lga, yearBuilt, postingStatus. No engineering/inspection data from open source.",Active,,,,,,4,,,,,,,,,"OpenStreetMap (open data, ODbL)",https://www.openstreetmap.org/way/4631601,OSM:way/4631601,4631601,,"{""type"":""LineString"",""coordinates"":[[151.1268917,-33.7770047],[151.1271491,-33.7771907]]}"
,,OSM-4631876,Miller Street,Road Bridge,,,NSW,Sydney Metropolitan,,-33.824419,151.209904,,Local Council (inferred),,Beam Bridge,,,,,,,,7,,3,,,,,,,,,,,"OPEN DATA (OpenStreetMap, ODbL). DQ: INCOMPLETE - geometry & identity captured; owner/region/importance INFERRED (verify). Missing: condition, conditionRating, lastInspectionDate, lga, yearBuilt, postingStatus. No engineering/inspection data from open source.",Active,,,,,,3,,,,,,,,,"OpenStreetMap (open data, ODbL)",https://www.openstreetmap.org/way/4631876,OSM:way/4631876,4631876,,"{""type"":""LineString"",""coordinates"":[[151.2098974,-33.8244511],[151.20991,-33.8243864]]}"
,,A3,Concord Road,Road Bridge,,A3,NSW,Sydney Metropolitan,,-33.824042,151.09408,,Transport for NSW (inferred),,Beam Bridge,,,,5.2,,,,136,7.5,3,,,,Restricted,,,,,,,"OPEN DATA (OpenStreetMap, ODbL). DQ: PARTIAL - geometry & identity captured; owner/region/importance INFERRED (verify). Missing: condition, conditionRating, lastInspectionDate, lga, yearBuilt. No engineering/inspection data from open source. HV: clearance 5.2m (posted, open data; NHVR gazettal/route approval NOT verified).",Active,,,,,,4,,,,,,,,,"OpenStreetMap (open data, ODbL)",https://www.openstreetmap.org/way/4633126,OSM:way/4633126,4633126,,"{""type"":""LineString"",""coordinates"":[[151.0935038,-33.824422],[151.0946557,-33.8236628]]}"
,,A25,Barton Highway,Road Bridge,,A25,NSW,South East & Tablelands,,-34.828185,148.957163,,Transport for NSW (inferred),,Beam Bridge,,,,,,,,69,,,,,,,,,,,,,"OPEN DATA (OpenStreetMap, ODbL). DQ: INCOMPLETE - geometry & identity captured; owner/region/importance INFERRED (verify). Missing: condition, conditionRating, lastInspectionDate, lga, yearBuilt, postingStatus. No engineering/inspection data from open source.",Active,,,,,,4,,,,,,,,,"OpenStreetMap (open data, ODbL)",https://www.openstreetmap.org/way/4640555,OSM:way/4640555,4640555,,"{""type"":""LineString"",""coordinates"":[[148.9571055,-34.8284929],[148.9572195,-34.8278775]]}"
,,M1,Pacific Motorway,Road Bridge,,M1,NSW,Central Coast,,-33.538691,151.198737,,Transport for NSW (inferred),,Beam Bridge,2013,,,,,,,617,,3,,,,,,,,,,,"OPEN DATA (OpenStreetMap, ODbL). DQ: PARTIAL - geometry & identity captured; owner/region/importance INFERRED (verify). Missing: condition, conditionRating, lastInspectionDate, lga, postingStatus. No engineering/inspection data from open source.",Active,,,,,,4,,,,,,,,,"OpenStreetMap (open data, ODbL)",https://www.openstreetmap.org/way/4672212,OSM:way/4672212,4672212,,"{""type"":""LineString"",""coordinates"":[[151.1980133,-33.5413996],[151.1994614,-33.5359826]]}"
,,OSM-4676411,Wakehurst Parkway,Road Bridge,,,NSW,Sydney Metropolitan,,-33.710921,151.275553,,Local Council (inferred),,Beam Bridge,,,,,,,,48,,2,,,,,,,,,,,"OPEN DATA (OpenStreetMap, ODbL). DQ: INCOMPLETE - geometry & identity captured; owner/region/importance INFERRED (verify). Missing: condition, conditionRating, lastInspectionDate, lga, yearBuilt, postingStatus. No engineering/inspection data from open source.",Active,,,,,,3,,,,,,,,,"OpenStreetMap (open data, ODbL)",https://www.openstreetmap.org/way/4676411,OSM:way/4676411,4676411,,"{""type"":""LineString"",""coordinates"":[[151.2757843,-33.7108269],[151.2753207,-33.7110147]]}"
,,OSM-4676418,Wakehurst Parkway,Road Bridge,,,NSW,Sydney Metropolitan,,-33.717106,151.268785,,Local Council (inferred),,Beam Bridge,,,,,,,,40,,2,,,,,,,,,,,"OPEN DATA (OpenStreetMap, ODbL). DQ: INCOMPLETE - geometry & identity captured; owner/region/importance INFERRED (verify). Missing: condition, conditionRating, lastInspectionDate, lga, yearBuilt, postingStatus. No engineering/inspection data from open source.",Active,,,,,,3,,,,,,,,,"OpenStreetMap (open data, ODbL)",https://www.openstreetmap.org/way/4676418,OSM:way/4676418,4676418,,"{""type"":""LineString"",""coordinates"":[[151.2689373,-33.7169761],[151.2687881,-33.7171119],[151.2686307,-33.7172285]]}"
,,OSM-4734794,Sutton Road,Road Bridge,,,NSW,South East & Tablelands,,-35.181886,149.258257,,Local Council (inferred),,Beam Bridge,,,,,,,,72,,2,,,,,,,,,,,"OPEN DATA (OpenStreetMap, ODbL). DQ: INCOMPLETE - geometry & identity captured; owner/region/importance INFERRED (verify). Missing: condition, conditionRating, lastInspectionDate, lga, yearBuilt, postingStatus. No engineering/inspection data from open source.",Active,,,,,,3,,,,,,,,,"OpenStreetMap (open data, ODbL)",https://www.openstreetmap.org/way/4734794,OSM:way/4734794,4734794,,"{""type"":""LineString"",""coordinates"":[[149.2583223,-35.1822049],[149.2581914,-35.1815664]]}"
,,OSM-4781350,Prospect Highway,Road Bridge,,,NSW,Sydney Metropolitan,,-33.802292,150.916102,,Local Council (inferred),,Beam Bridge,,,,,,,,61,,2,,,,,,,,,,,"OPEN DATA (OpenStreetMap, ODbL). DQ: INCOMPLETE - geometry & identity captured; owner/region/importance INFERRED (verify). Missing: condition, conditionRating, lastInspectionDate, lga, yearBuilt, postingStatus. No engineering/inspection data from open source.",Active,,,,,,3,,,,,,,,,"OpenStreetMap (open data, ODbL)",https://www.openstreetmap.org/way/4781350,OSM:way/4781350,4781350,,"{""type"":""LineString"",""coordinates"":[[150.9161361,-33.8020181],[150.9160675,-33.8025661]]}"
,,OSM-4819028,Engadine Track,Road Bridge,,,NSW,Sydney Metropolitan,,-34.076467,151.055591,,Local Council (inferred),,Beam Bridge,,,,,,,,53,,,,,,,,,,,,,"OPEN DATA (OpenStreetMap, ODbL). DQ: INCOMPLETE - geometry & identity captured; owner/region/importance INFERRED (verify). Missing: condition, conditionRating, lastInspectionDate, lga, yearBuilt, postingStatus. No engineering/inspection data from open source.",Active,,,,,,1,,,,,,,,,"OpenStreetMap (open data, ODbL)",https://www.openstreetmap.org/way/4819028,OSM:way/4819028,4819028,,"{""type"":""LineString"",""coordinates"":[[151.0558393,-34.0763499],[151.0553437,-34.0765834]]}"
,,OSM-4869179,Coleman Street,Road Bridge,,,NSW,Sydney Metropolitan,,-33.818832,150.981693,,Transport for NSW (inferred),,Beam Bridge,,,,,,,,92,,4,,,,,,,,,,,"OPEN DATA (OpenStreetMap, ODbL). DQ: INCOMPLETE - geometry & identity captured; owner/region/importance INFERRED (verify). Missing: condition, conditionRating, lastInspectionDate, lga, yearBuilt, postingStatus. No engineering/inspection data from open source.",Active,,,,,,4,,,,,,,,,"OpenStreetMap (open data, ODbL)",https://www.openstreetmap.org/way/4869179,OSM:way/4869179,4869179,,"{""type"":""LineString"",""coordinates"":[[150.9817375,-33.8184201],[150.9816475,-33.8192436]]}"
,,M1,Southern Cross Drive,Road Bridge,,M1,NSW,Sydney Metropolitan,,-33.912385,151.212896,,Transport for NSW (inferred),,Beam Bridge,2013,,,,,,,60,,3,,,,,,,,,,,"OPEN DATA (OpenStreetMap, ODbL). DQ: PARTIAL - geometry & identity captured; owner/region/importance INFERRED (verify). Missing: condition, conditionRating, lastInspectionDate, lga, postingStatus. No engineering/inspection data from open source.",Active,,,,,,4,,,,,,,,,"OpenStreetMap (open data, ODbL)",https://www.openstreetmap.org/way/4869834,OSM:way/4869834,4869834,,"{""type"":""LineString"",""coordinates"":[[151.2129338,-33.9121175],[151.2128587,-33.9126529]]}"
,,A34,Newbridge Road,Road Bridge,,A34,NSW,Sydney Metropolitan,,-33.926549,150.92725,,Transport for NSW (inferred),,Beam Bridge,2013,,,,,,,278,,4,,,,,,,,,,,"OPEN DATA (OpenStreetMap, ODbL). DQ: PARTIAL - geometry & identity captured; owner/region/importance INFERRED (verify). Missing: condition, conditionRating, lastInspectionDate, lga, postingStatus. No engineering/inspection data from open source.",Active,,,,,,4,,,,,,,,,"OpenStreetMap (open data, ODbL)",https://www.openstreetmap.org/way/4893661,OSM:way/4893661,4893661,,"{""type"":""LineString"",""coordinates"":[[150.9259008,-33.9259886],[150.9285999,-33.9271086]]}"
,,M1,Princes Highway,Road Bridge,,M1,NSW,Illawarra & Shoalhaven,,-34.665197,150.846393,,Transport for NSW (inferred),,Beam Bridge,,,,,,,,54,,2,,,,,,,,,,,"OPEN DATA (OpenStreetMap, ODbL). DQ: INCOMPLETE - geometry & identity captured; owner/region/importance INFERRED (verify). Missing: condition, conditionRating, lastInspectionDate, lga, yearBuilt, postingStatus. No engineering/inspection data from open source.",Active,,,,,,4,,,,,,,,,"OpenStreetMap (open data, ODbL)",https://www.openstreetmap.org/way/4902878,OSM:way/4902878,4902878,,"{""type"":""LineString"",""coordinates"":[[150.846502,-34.6649725],[150.8462833,-34.665422]]}"
,,OSM-4903559,Bold Street,Road Bridge,,,NSW,Sydney Metropolitan,,-33.831689,151.010023,,Local Council (inferred),,Beam Bridge,,,,,,,,21,,4,,,,,,,,,,,"OPEN DATA (OpenStreetMap, ODbL). DQ: INCOMPLETE - geometry & identity captured; owner/region/importance INFERRED (verify). Missing: condition, conditionRating, lastInspectionDate, lga, yearBuilt, postingStatus. No engineering/inspection data from open source.",Active,,,,,,2,,,,,,,,,"OpenStreetMap (open data, ODbL)",https://www.openstreetmap.org/way/4903559,OSM:way/4903559,4903559,,"{""type"":""LineString"",""coordinates"":[[151.0100815,-33.8315837],[151.0099996,-33.8317317],[151.009989,-33.8317523]]}"
,,OSM-4904901,Cambewarra Road,Road Bridge,,,NSW,Illawarra & Shoalhaven,,-34.85013,150.611879,,Local Council (inferred),,Beam Bridge,,,,,,,,23,,2,,,,,,,,,,,"OPEN DATA (OpenStreetMap, ODbL). DQ: INCOMPLETE - geometry & identity captured; owner/region/importance INFERRED (verify). Missing: condition, conditionRating, lastInspectionDate, lga, yearBuilt, postingStatus. No engineering/inspection data from open source.",Active,,,,,,2,,,,,,,,,"OpenStreetMap (open data, ODbL)",https://www.openstreetmap.org/way/4904901,OSM:way/4904901,4904901,,"{""type"":""LineString"",""coordinates"":[[150.6117625,-34.8500883],[150.6119946,-34.8501716]]}"
,,A1,Princes Highway,Road Bridge,,A1,NSW,Illawarra & Shoalhaven,,-34.864002,150.60137,,Transport for NSW (inferred),,Beam Bridge,,,,,,,,359,,3,,,,,,,,,,,"OPEN DATA (OpenStreetMap, ODbL). DQ: INCOMPLETE - geometry & identity captured; owner/region/importance INFERRED (verify). Missing: condition, conditionRating, lastInspectionDate, lga, yearBuilt, postingStatus. No engineering/inspection data from open source.",Active,,,,,,4,,,,,,,,,"OpenStreetMap (open data, ODbL)",https://www.openstreetmap.org/way/4905102,OSM:way/4905102,4905102,,"{""type"":""LineString"",""coordinates"":[[150.6011019,-34.8624035],[150.6016387,-34.8656015]]}"
,,OSM-4911362,Woodhill Mountain Road,Road Bridge,,,NSW,Illawarra & Shoalhaven,,-34.772036,150.703723,,Local Council (inferred),,Beam Bridge,,,,,,,,26,,,,,,,,,,,,,"OPEN DATA (OpenStreetMap, ODbL). DQ: INCOMPLETE - geometry & identity captured; owner/region/importance INFERRED (verify). Missing: condition, conditionRating, lastInspectionDate, lga, yearBuilt, postingStatus. No engineering/inspection data from open source.",Active,,,,,,2,,,,,,,,,"OpenStreetMap (open data, ODbL)",https://www.openstreetmap.org/way/4911362,OSM:way/4911362,4911362,,"{""type"":""LineString"",""coordinates"":[[150.7037138,-34.7721528],[150.7037316,-34.7719192]]}"
,,B88,Picton Road,Road Bridge,,B88,NSW,Illawarra & Shoalhaven,,-34.229551,150.667712,,Transport for NSW (inferred),,Beam Bridge,,,,,,,,77,,2,,,,,,,,,,,"OPEN DATA (OpenStreetMap, ODbL). DQ: INCOMPLETE - geometry & identity captured; owner/region/importance INFERRED (verify). Missing: condition, conditionRating, lastInspectionDate, lga, yearBuilt, postingStatus. No engineering/inspection data from open source.",Active,,,,,,3,,,,,,,,,"OpenStreetMap (open data, ODbL)",https://www.openstreetmap.org/way/4916841,OSM:way/4916841,4916841,,"{""type"":""LineString"",""coordinates"":[[150.6674057,-34.2293181],[150.6677134,-34.2295515],[150.6680178,-34.2297843]]}"
,,B88,Picton Road,Road Bridge,,B88,NSW,Illawarra & Shoalhaven,,-34.365271,150.859251,,Transport for NSW (inferred),,Beam Bridge,,,,,,,,71,,,,,,,,,,,,,"OPEN DATA (OpenStreetMap, ODbL). DQ: INCOMPLETE - geometry & identity captured; owner/region/importance INFERRED (verify). Missing: condition, conditionRating, lastInspectionDate, lga, yearBuilt, postingStatus. No engineering/inspection data from open source.",Active,,,,,,3,,,,,,,,,"OpenStreetMap (open data, ODbL)",https://www.openstreetmap.org/way/4917797,OSM:way/4917797,4917797,,"{""type"":""LineString"",""coordinates"":[[150.8589072,-34.3651401],[150.8592459,-34.365252],[150.8596012,-34.3654198]]}"
,,OSM-4958280,Tannery Road,Road Bridge,,,NSW,Illawarra & Shoalhaven,,-34.776382,150.710841,,Local Council (inferred),,Beam Bridge,,,,,,,,47,,2,,,,,,,,,,,"OPEN DATA (OpenStreetMap, ODbL). DQ: INCOMPLETE - geometry & identity captured; owner/region/importance INFERRED (verify). Missing: condition, conditionRating, lastInspectionDate, lga, yearBuilt, postingStatus. No engineering/inspection data from open source.",Active,,,,,,2,,,,,,,,,"OpenStreetMap (open data, ODbL)",https://www.openstreetmap.org/way/4958280,OSM:way/4958280,4958280,,"{""type"":""LineString"",""coordinates"":[[150.710598,-34.7763116],[150.7110846,-34.776452]]}"
,,OSM-4958288,Bolong Road,Road Bridge,,,NSW,Illawarra & Shoalhaven,,-34.853579,150.677651,,Local Council (inferred),,Beam Bridge,,,,,,,,102,,,,,,,,,,,,,"OPEN DATA (OpenStreetMap, ODbL). DQ: INCOMPLETE - geometry & identity captured; owner/region/importance INFERRED (verify). Missing: condition, conditionRating, lastInspectionDate, lga, yearBuilt, postingStatus. No engineering/inspection data from open source.",Active,,,,,,2,,,,,,,,,"OpenStreetMap (open data, ODbL)",https://www.openstreetmap.org/way/4958288,OSM:way/4958288,4958288,,"{""type"":""LineString"",""coordinates"":[[150.6770992,-34.8535109],[150.6782026,-34.853648]]}"
,,OSM-4960489,Culburra Road,Road Bridge,,,NSW,Illawarra & Shoalhaven,,-34.936998,150.694469,,Local Council (inferred),,Beam Bridge,,,,,,,,12,,2,,,,,,,,,,,"OPEN DATA (OpenStreetMap, ODbL). DQ: INCOMPLETE - geometry & identity captured; owner/region/importance INFERRED (verify). Missing: condition, conditionRating, lastInspectionDate, lga, yearBuilt, postingStatus. No engineering/inspection data from open source.",Active,,,,,,2,,,,,,,,,"OpenStreetMap (open data, ODbL)",https://www.openstreetmap.org/way/4960489,OSM:way/4960489,4960489,,"{""type"":""LineString"",""coordinates"":[[150.6944068,-34.9369862],[150.6945315,-34.9370106]]}"
,,OSM-4960493,Pyree Lane,Road Bridge,,,NSW,Illawarra & Shoalhaven,,-34.921791,150.683216,,Local Council (inferred),,Beam Bridge,,,,,,,,58,,2,,,,,,,,,,,"OPEN DATA (OpenStreetMap, ODbL). DQ: INCOMPLETE - geometry & identity captured; owner/region/importance INFERRED (verify). Missing: condition, conditionRating, lastInspectionDate, lga, yearBuilt, postingStatus. No engineering/inspection data from open source.",Active,,,,,,2,,,,,,,,,"OpenStreetMap (open data, ODbL)",https://www.openstreetmap.org/way/4960493,OSM:way/4960493,4960493,,"{""type"":""LineString"",""coordinates"":[[150.6831482,-34.9215364],[150.6831865,-34.9217145],[150.6832322,-34.9218718],[150.6832968,-34.9220427]]}"
,,OSM-4960702,Warringah Freeway On Ramp,Road Bridge,,,NSW,Sydney Metropolitan,,-33.839445,151.21045,,Local Council (inferred),,Beam Bridge,,,,,,,,59,,1,,,,,,,,,,,"OPEN DATA (OpenStreetMap, ODbL). DQ: INCOMPLETE - geometry & identity captured; owner/region/importance INFERRED (verify). Missing: condition, conditionRating, lastInspectionDate, lga, yearBuilt, postingStatus. No engineering/inspection data from open source.",Active,,,,,,4,,,,,,,,,"OpenStreetMap (open data, ODbL)",https://www.openstreetmap.org/way/4960702,OSM:way/4960702,4960702,,"{""type"":""LineString"",""coordinates"":[[151.2102514,-33.8392763],[151.2103354,-33.8393216],[151.2103795,-33.8393396],[151.2104108,-33.8393545],[151.2104428,-33.8393746],[151.2104594,-33.8393907],[151.2104766,-33.839412],[151.2104871,-33.8394306],[151.2104974,-33.8394517],[151.2105072,-33.8394833],[151.2105127,-33.8395151],[151.2105167,-33.8395573],[151.2105184,-33.8396168],[151.2105107,-33.8397016]]}"
,,OSM-4961033,Marsh Street,Road Bridge,,,NSW,Sydney Metropolitan,,-33.933907,151.160769,,Local Council (inferred),,Beam Bridge,,,,,,,,128,,3,,,,,,,,,,,"OPEN DATA (OpenStreetMap, ODbL). DQ: INCOMPLETE - geometry & identity captured; owner/region/importance INFERRED (verify). Missing: condition, conditionRating, lastInspectionDate, lga, yearBuilt, postingStatus. No engineering/inspection data from open source.",Active,,,,,,3,,,,,,,,,"OpenStreetMap (open data, ODbL)",https://www.openstreetmap.org/way/4961033,OSM:way/4961033,4961033,,"{""type"":""LineString"",""coordinates"":[[151.1600925,-33.9340298],[151.1614447,-33.9337839]]}"
,,A9,Narellan Road,Road Bridge,,A9,NSW,Sydney Metropolitan,,-34.06192,150.785419,,Transport for NSW (inferred),,Beam Bridge,,,,,,,,72,,,,,,,,,,,,,"OPEN DATA (OpenStreetMap, ODbL). DQ: INCOMPLETE - geometry & identity captured; owner/region/importance INFERRED (verify). Missing: condition, conditionRating, lastInspectionDate, lga, yearBuilt, postingStatus. No engineering/inspection data from open source.",Active,,,,,,4,,,,,,,,,"OpenStreetMap (open data, ODbL)",https://www.openstreetmap.org/way/4964485,OSM:way/4964485,4964485,,"{""type"":""LineString"",""coordinates"":[[150.7851074,-34.0617219],[150.7854229,-34.0619187],[150.7857261,-34.0621201]]}"
,,OSM-4979854,Western Motorway Onramp,Road Bridge,,,NSW,Sydney Metropolitan,,-33.79759,150.853604,,Local Council (inferred),,Beam Bridge,,,,,,,,513,,1,,,,,,,,,,,"OPEN DATA (OpenStreetMap, ODbL). DQ: INCOMPLETE - geometry & identity captured; owner/region/importance INFERRED (verify). Missing: condition, conditionRating, lastInspectionDate, lga, yearBuilt, postingStatus. No engineering/inspection data from open source.",Active,,,,,,4,,,,,,,,,"OpenStreetMap (open data, ODbL)",https://www.openstreetmap.org/way/4979854,OSM:way/4979854,4979854,,"{""type"":""LineString"",""coordinates"":[[150.8553009,-33.7958633],[150.8552425,-33.7961704],[150.8551878,-33.796398],[150.8551439,-33.7965441],[150.8550866,-33.7966857],[150.8549989,-33.7968624],[150.8548935,-33.7970303],[150.8547891,-33.7971699],[150.8546662,-33.7973071],[150.8545807,-33.7973927],[150.8544787,-33.7974829],[150.8543815,-33.7975599],[150.854276,-33.7976368],[150.8541464,-33.7977192],[150.8540178,-33.7977895],[150.8538744,-33.7978596],[150.8537817,-33.7979011],[150.8536787,-33.7979391],[150.8535551,-33.7979805],[150.8533944,-33.7980252],[150.8532491,-33.7980602],[150.8531291,-33.7980802],[150.8529959,-33.7980987],[150.8528677,-33.7981102],[150.8527394,-33.7981182],[150.8525901,-33.7981181],[150.8524541,-33.7981136],[150.8523032,-33.7981005],[150.8521674,-33.7980835],[150.8520296,-33.798058],[150.8518867,-33.7980284],[150.8517341,-33.7979855],[150.8515816,-33.7979376],[150.8513374,-33.7978528]]}"
,,OSM-4979860,Western Motorway Onramp,Road Bridge,,,NSW,Sydney Metropolitan,,-33.798482,150.85504,,Local Council (inferred),,Beam Bridge,,,,,,,,381,,1,,,,,,,,,,,"OPEN DATA (OpenStreetMap, ODbL). DQ: INCOMPLETE - geometry & identity captured; owner/region/importance INFERRED (verify). Missing: condition, conditionRating, lastInspectionDate, lga, yearBuilt, postingStatus. No engineering/inspection data from open source.",Active,,,,,,4,,,,,,,,,"OpenStreetMap (open data, ODbL)",https://www.openstreetmap.org/way/4979860,OSM:way/4979860,4979860,,"{""type"":""LineString"",""coordinates"":[[150.8534762,-33.7995976],[150.8535255,-33.7994757],[150.8536,-33.7993328],[150.8537043,-33.7991746],[150.8538275,-33.799022],[150.8539326,-33.7989078],[150.8540723,-33.7987762],[150.8542356,-33.7986463],[150.8543554,-33.7985616],[150.8545081,-33.798468],[150.854649,-33.7983949],[150.8548506,-33.7983038],[150.8550265,-33.7982415],[150.8551796,-33.7981964],[150.8552803,-33.7981714],[150.855413,-33.7981417],[150.8555396,-33.7981218],[150.8556599,-33.7981049],[150.8557852,-33.7980929],[150.8559051,-33.7980868],[150.8560313,-33.7980841],[150.8561938,-33.7980875],[150.8563475,-33.7981011],[150.8565003,-33.7981207],[150.8566469,-33.7981455],[150.8567889,-33.7981733]]}"
,,OSM-4986815,Princes Highway,Road Bridge,,,NSW,Illawarra & Shoalhaven,,-34.429086,150.8671,,Local Council (inferred),,Beam Bridge,,,,,,,,86,,,,,,,,,,,,,"OPEN DATA (OpenStreetMap, ODbL). DQ: INCOMPLETE - geometry & identity captured; owner/region/importance INFERRED (verify). Missing: condition, conditionRating, lastInspectionDate, lga, yearBuilt, postingStatus. No engineering/inspection data from open source.",Active,,,,,,3,,,,,,,,,"OpenStreetMap (open data, ODbL)",https://www.openstreetmap.org/way/4986815,OSM:way/4986815,4986815,,"{""type"":""LineString"",""coordinates"":[[150.8668285,-34.4294325],[150.8669928,-34.4292093],[150.8671147,-34.4290578],[150.8672146,-34.4289384],[150.86735,-34.4287939]]}"
,,B65,Windang Road,Road Bridge,,B65,NSW,Illawarra & Shoalhaven,,-34.535128,150.867516,,Transport for NSW (inferred),,Beam Bridge,,,,,,,,363,,2,,,,,,,,,,,"OPEN DATA (OpenStreetMap, ODbL). DQ: INCOMPLETE - geometry & identity captured; owner/region/importance INFERRED (verify). Missing: condition, conditionRating, lastInspectionDate, lga, yearBuilt, postingStatus. No engineering/inspection data from open source.",Active,,,,,,3,,,,,,,,,"OpenStreetMap (open data, ODbL)",https://www.openstreetmap.org/way/4986979,OSM:way/4986979,4986979,,"{""type"":""LineString"",""coordinates"":[[150.8667323,-34.536625],[150.8683002,-34.5336309]]}"
,,M1,Princes Motorway,Road Bridge,,M1,NSW,Illawarra & Shoalhaven,,-34.45482,150.857858,,Transport for NSW (inferred),,Beam Bridge,2013,,,,,,,95,,2,,,,,,,,,,,"OPEN DATA (OpenStreetMap, ODbL). DQ: PARTIAL - geometry & identity captured; owner/region/importance INFERRED (verify). Missing: condition, conditionRating, lastInspectionDate, lga, postingStatus. No engineering/inspection data from open source.",Active,,,,,,4,,,,,,,,,"OpenStreetMap (open data, ODbL)",https://www.openstreetmap.org/way/4987055,OSM:way/4987055,4987055,,"{""type"":""LineString"",""coordinates"":[[150.8581276,-34.4544534],[150.8575885,-34.4551866]]}"
,,OSM-4987072,Toolijooa Road,Road Bridge,,,NSW,Illawarra & Shoalhaven,,-34.777569,150.741496,,Local Council (inferred),,Beam Bridge,,,,,,,,36,,,,,,,,,,,,,"OPEN DATA (OpenStreetMap, ODbL). DQ: INCOMPLETE - geometry & identity captured; owner/region/importance INFERRED (verify). Missing: condition, conditionRating, lastInspectionDate, lga, yearBuilt, postingStatus. No engineering/inspection data from open source.",Active,,,,,,1,,,,,,,,,"OpenStreetMap (open data, ODbL)",https://www.openstreetmap.org/way/4987072,OSM:way/4987072,4987072,,"{""type"":""LineString"",""coordinates"":[[150.7414567,-34.7777258],[150.7415356,-34.7774123]]}"
,,M1,Princes Motorway,Road Bridge,,M1,NSW,Illawarra & Shoalhaven,,-34.523546,150.788295,,Transport for NSW (inferred),,Beam Bridge,2013,,,,,,,31,,2,,,,,,,,,,,"OPEN DATA (OpenStreetMap, ODbL). DQ: PARTIAL - geometry & identity captured; owner/region/importance INFERRED (verify). Missing: condition, conditionRating, lastInspectionDate, lga, postingStatus. No engineering/inspection data from open source.",Active,,,,,,4,,,,,,,,,"OpenStreetMap (open data, ODbL)",https://www.openstreetmap.org/way/4990073,OSM:way/4990073,4990073,,"{""type"":""LineString"",""coordinates"":[[150.7883309,-34.5234078],[150.7882594,-34.5236845]]}"
,,M1,Princes Motorway,Road Bridge,,M1,NSW,Illawarra & Shoalhaven,,-34.523291,150.788121,,Transport for NSW (inferred),,Beam Bridge,2013,,,,,,,32,,2,,,,,,,,,,,"OPEN DATA (OpenStreetMap, ODbL). DQ: PARTIAL - geometry & identity captured; owner/region/importance INFERRED (verify). Missing: condition, conditionRating, lastInspectionDate, lga, postingStatus. No engineering/inspection data from open source.",Active,,,,,,4,,,,,,,,,"OpenStreetMap (open data, ODbL)",https://www.openstreetmap.org/way/4990437,OSM:way/4990437,4990437,,"{""type"":""LineString"",""coordinates"":[[150.7880844,-34.5234308],[150.7881568,-34.5231502]]}"
,,OSM-5000920,Princes Highway,Road Bridge,,,NSW,Illawarra & Shoalhaven,,-34.649903,150.852091,,Local Council (inferred),,Beam Bridge,,,,,,,,57,,2,,,,,,,,,,,"OPEN DATA (OpenStreetMap, ODbL). DQ: INCOMPLETE - geometry & identity captured; owner/region/importance INFERRED (verify). Missing: condition, conditionRating, lastInspectionDate, lga, yearBuilt, postingStatus. No engineering/inspection data from open source.",Active,,,,,,2,,,,,,,,,"OpenStreetMap (open data, ODbL)",https://www.openstreetmap.org/way/5000920,OSM:way/5000920,5000920,,"{""type"":""LineString"",""coordinates"":[[150.852245,-34.6496821],[150.8519379,-34.6501235]]}"
,,OSM-5001484,Rocky Point Road,Road Bridge,,,NSW,Sydney Metropolitan,,-34.007913,151.127646,,Local Council (inferred),,Beam Bridge,,,,,,,,523,,3,,,,,,,,,,,"OPEN DATA (OpenStreetMap, ODbL). DQ: INCOMPLETE - geometry & identity captured; owner/region/importance INFERRED (verify). Missing: condition, conditionRating, lastInspectionDate, lga, yearBuilt, postingStatus. No engineering/inspection data from open source.",Active,,,,,,3,,,,,,,,,"OpenStreetMap (open data, ODbL)",https://www.openstreetmap.org/way/5001484,OSM:way/5001484,5001484,,"{""type"":""LineString"",""coordinates"":[[151.128507,-34.0056699],[151.1267853,-34.0101558]]}"
,,OSM-5001517,Westlink M7 Offramp,Road Bridge,,,NSW,Sydney Metropolitan,,-33.93023,150.8671,,Local Council (inferred),,Beam Bridge,,,,,,,,133,,1,,,,,,,,,,,"OPEN DATA (OpenStreetMap, ODbL). DQ: INCOMPLETE - geometry & identity captured; owner/region/importance INFERRED (verify). Missing: condition, conditionRating, lastInspectionDate, lga, yearBuilt, postingStatus. No engineering/inspection data from open source.",Active,,,,,,4,,,,,,,,,"OpenStreetMap (open data, ODbL)",https://www.openstreetmap.org/way/5001517,OSM:way/5001517,5001517,,"{""type"":""LineString"",""coordinates"":[[150.8667243,-33.9297037],[150.8671224,-33.930254],[150.8674535,-33.9307316]]}"
,,M1,Princes Motorway,Road Bridge,,M1,NSW,Illawarra & Shoalhaven,,-34.296397,150.917232,,Transport for NSW (inferred),,Beam Bridge,2013,,,,,,,83,,2,,,,,,,,,,,"OPEN DATA (OpenStreetMap, ODbL). DQ: PARTIAL - geometry & identity captured; owner/region/importance INFERRED (verify). Missing: condition, conditionRating, lastInspectionDate, lga, postingStatus. No engineering/inspection data from open source.",Active,,,,,,4,,,,,,,,,"OpenStreetMap (open data, ODbL)",https://www.openstreetmap.org/way/5001841,OSM:way/5001841,5001841,,"{""type"":""LineString"",""coordinates"":[[150.9175127,-34.2961068],[150.9169511,-34.2966869]]}"
,,B69,Appin Road,Road Bridge,,B69,NSW,Illawarra & Shoalhaven,,-34.303842,150.904795,,Transport for NSW (inferred),,Beam Bridge,,,,,,,,131,,4,,,,,,,,,,,"OPEN DATA (OpenStreetMap, ODbL). DQ: INCOMPLETE - geometry & identity captured; owner/region/importance INFERRED (verify). Missing: condition, conditionRating, lastInspectionDate, lga, yearBuilt, postingStatus. No engineering/inspection data from open source.",Active,,,,,,3,,,,,,,,,"OpenStreetMap (open data, ODbL)",https://www.openstreetmap.org/way/5001846,OSM:way/5001846,5001846,,"{""type"":""LineString"",""coordinates"":[[150.9049419,-34.3032532],[150.9047922,-34.3038701],[150.9046511,-34.304403]]}"
,,OSM-5003377,Currarong Road,Road Bridge,,,NSW,Illawarra & Shoalhaven,,-35.018626,150.82059,,Local Council (inferred),,Beam Bridge,,,,,,,,13,,2,,,,,,,,,,,"OPEN DATA (OpenStreetMap, ODbL). DQ: INCOMPLETE - geometry & identity captured; owner/region/importance INFERRED (verify). Missing: condition, conditionRating, lastInspectionDate, lga, yearBuilt, postingStatus. No engineering/inspection data from open source.",Active,,,,,,2,,,,,,,,,"OpenStreetMap (open data, ODbL)",https://www.openstreetmap.org/way/5003377,OSM:way/5003377,5003377,,"{""type"":""LineString"",""coordinates"":[[150.8205197,-35.018632],[150.8206608,-35.0186202]]}"
,,OSM-5006537,Westlink M7 Onramp,Road Bridge,,,NSW,Sydney Metropolitan,,-33.74526,150.939443,,Local Council (inferred),,Beam Bridge,,,,,,,,167,,1,,,,,,,,,,,"OPEN DATA (OpenStreetMap, ODbL). DQ: INCOMPLETE - geometry & identity captured; owner/region/importance INFERRED (verify). Missing: condition, conditionRating, lastInspectionDate, lga, yearBuilt, postingStatus. No engineering/inspection data from open source.",Active,,,,,,4,,,,,,,,,"OpenStreetMap (open data, ODbL)",https://www.openstreetmap.org/way/5006537,OSM:way/5006537,5006537,,"{""type"":""LineString"",""coordinates"":[[150.9402792,-33.7451392],[150.940242,-33.745151],[150.940129,-33.7451907],[150.9399384,-33.7452391],[150.9397653,-33.7452752],[150.9396162,-33.7452986],[150.9394411,-33.7453177],[150.9392552,-33.7453232],[150.9391468,-33.745321],[150.9390077,-33.7453158],[150.9387831,-33.745295],[150.9386522,-33.7452737],[150.9385084,-33.745242]]}"
,,OSM-5008081,Callala Beach Road,Road Bridge,,,NSW,Illawarra & Shoalhaven,,-34.999632,150.701352,,Local Council (inferred),,Beam Bridge,,,,,,,,37,,,,,,,,,,,,,"OPEN DATA (OpenStreetMap, ODbL). DQ: INCOMPLETE - geometry & identity captured; owner/region/importance INFERRED (verify). Missing: condition, conditionRating, lastInspectionDate, lga, yearBuilt, postingStatus. No engineering/inspection data from open source.",Active,,,,,,2,,,,,,,,,"OpenStreetMap (open data, ODbL)",https://www.openstreetmap.org/way/5008081,OSM:way/5008081,5008081,,"{""type"":""LineString"",""coordinates"":[[150.7013787,-34.9994661],[150.7013259,-34.9997983]]}"
,,OSM-5020507,Church Street,Road Bridge,,,NSW,Sydney Metropolitan,,-33.6565,151.135503,,Local Council (inferred),,Beam Bridge,,,,,,,,88,,2,,,,,,,,,,,"OPEN DATA (OpenStreetMap, ODbL). DQ: INCOMPLETE - geometry & identity captured; owner/region/importance INFERRED (verify). Missing: condition, conditionRating, lastInspectionDate, lga, yearBuilt, postingStatus. No engineering/inspection data from open source.",Active,,,,,,1,,,,,,,,,"OpenStreetMap (open data, ODbL)",https://www.openstreetmap.org/way/5020507,OSM:way/5020507,5020507,,"{""type"":""LineString"",""coordinates"":[[151.1351158,-33.6562258],[151.1353351,-33.6564117],[151.1354248,-33.6564767],[151.1355542,-33.6565569],[151.1357123,-33.6566356],[151.1358728,-33.6566932]]}"
,,M1,Princes Highway,Road Bridge,,M1,NSW,Illawarra & Shoalhaven,,-34.795522,150.66984,,Transport for NSW (inferred),,Beam Bridge,,,,,,,,34,,2,,,,,,,,,,,"OPEN DATA (OpenStreetMap, ODbL). DQ: INCOMPLETE - geometry & identity captured; owner/region/importance INFERRED (verify). Missing: condition, conditionRating, lastInspectionDate, lga, yearBuilt, postingStatus. No engineering/inspection data from open source.",Active,,,,,,4,,,,,,,,,"OpenStreetMap (open data, ODbL)",https://www.openstreetmap.org/way/5031364,OSM:way/5031364,5031364,,"{""type"":""LineString"",""coordinates"":[[150.6699328,-34.7953901],[150.669748,-34.7956535]]}"
,,M1,Princes Highway,Road Bridge,,M1,NSW,Illawarra & Shoalhaven,,-34.800838,150.662143,,Transport for NSW (inferred),,Beam Bridge,,,,,,,,76,,2,,,,,,,,,,,"OPEN DATA (OpenStreetMap, ODbL). DQ: INCOMPLETE - geometry & identity captured; owner/region/importance INFERRED (verify). Missing: condition, conditionRating, lastInspectionDate, lga, yearBuilt, postingStatus. No engineering/inspection data from open source.",Active,,,,,,4,,,,,,,,,"OpenStreetMap (open data, ODbL)",https://www.openstreetmap.org/way/5031366,OSM:way/5031366,5031366,,"{""type"":""LineString"",""coordinates"":[[150.6624342,-34.8005968],[150.6618522,-34.8010797]]}"
,,M31,Hume Motorway,Road Bridge,,M31,NSW,Sydney Metropolitan,,-34.082737,150.77151,,Transport for NSW (inferred),,Beam Bridge,,,,,,,,85,7.8,2,,,,,,,,,,,"OPEN DATA (OpenStreetMap, ODbL). DQ: INCOMPLETE - geometry & identity captured; owner/region/importance INFERRED (verify). Missing: condition, conditionRating, lastInspectionDate, lga, yearBuilt, postingStatus. No engineering/inspection data from open source.",Active,,,,,,4,,,,,,,,,"OpenStreetMap (open data, ODbL)",https://www.openstreetmap.org/way/5049141,OSM:way/5049141,5049141,,"{""type"":""LineString"",""coordinates"":[[150.771707,-34.082392],[150.7713132,-34.0830813]]}"
,,OSM-5049143,Menangle Road,Road Bridge,,,NSW,Sydney Metropolitan,,-34.117515,150.73969,,Local Council (inferred),,Beam Bridge,,,,,,,,62,,,,,,,,,,,,,"OPEN DATA (OpenStreetMap, ODbL). DQ: INCOMPLETE - geometry & identity captured; owner/region/importance INFERRED (verify). Missing: condition, conditionRating, lastInspectionDate, lga, yearBuilt, postingStatus. No engineering/inspection data from open source.",Active,,,,,,2,,,,,,,,,"OpenStreetMap (open data, ODbL)",https://www.openstreetmap.org/way/5049143,OSM:way/5049143,5049143,,"{""type"":""LineString"",""coordinates"":[[150.7399191,-34.1174157],[150.7398365,-34.1174412],[150.7397556,-34.1174755],[150.7395963,-34.1175441],[150.7393434,-34.1176995]]}"
,,M31,Hume Motorway,Road Bridge,,M31,NSW,Sydney Metropolitan,,-34.120589,150.756061,,Transport for NSW (inferred),,Beam Bridge,,,,,,,,186,7.8,2,,,,,,,,,,,"OPEN DATA (OpenStreetMap, ODbL). DQ: INCOMPLETE - geometry & identity captured; owner/region/importance INFERRED (verify). Missing: condition, conditionRating, lastInspectionDate, lga, yearBuilt, postingStatus. No engineering/inspection data from open source.",Active,,,,,,4,,,,,,,,,"OpenStreetMap (open data, ODbL)",https://www.openstreetmap.org/way/5049149,OSM:way/5049149,5049149,,"{""type"":""LineString"",""coordinates"":[[150.7565689,-34.1198683],[150.7555529,-34.1213096]]}"
,,M31,Hume Motorway,Road Bridge,,M31,NSW,Sydney Metropolitan,,-34.120336,150.755855,,Transport for NSW (inferred),,Beam Bridge,,,,,,,,186,7.8,2,,,,,,,,,,,"OPEN DATA (OpenStreetMap, ODbL). DQ: INCOMPLETE - geometry & identity captured; owner/region/importance INFERRED (verify). Missing: condition, conditionRating, lastInspectionDate, lga, yearBuilt, postingStatus. No engineering/inspection data from open source.",Active,,,,,,4,,,,,,,,,"OpenStreetMap (open data, ODbL)",https://www.openstreetmap.org/way/5049155,OSM:way/5049155,5049155,,"{""type"":""LineString"",""coordinates"":[[150.7553496,-34.1210585],[150.75636,-34.1196132]]}"
,,M31,Hume Motorway,Road Bridge,,M31,NSW,Sydney Metropolitan,,-34.08283,150.771097,,Transport for NSW (inferred),,Beam Bridge,,,,,,,,85,7.8,2,,,,,,,,,,,"OPEN DATA (OpenStreetMap, ODbL). DQ: INCOMPLETE - geometry & identity captured; owner/region/importance INFERRED (verify). Missing: condition, conditionRating, lastInspectionDate, lga, yearBuilt, postingStatus. No engineering/inspection data from open source.",Active,,,,,,4,,,,,,,,,"OpenStreetMap (open data, ODbL)",https://www.openstreetmap.org/way/5049158,OSM:way/5049158,5049158,,"{""type"":""LineString"",""coordinates"":[[150.7709017,-34.0831765],[150.7712918,-34.0824842]]}"
,,M31,Hume Motorway,Road Bridge,,M31,NSW,Sydney Metropolitan,,-34.192204,150.711945,,Transport for NSW (inferred),,Beam Bridge,,,,,,,,295,,2,,,,,,,,,,,"OPEN DATA (OpenStreetMap, ODbL). DQ: INCOMPLETE - geometry & identity captured; owner/region/importance INFERRED (verify). Missing: condition, conditionRating, lastInspectionDate, lga, yearBuilt, postingStatus. No engineering/inspection data from open source.",Active,,,,,,4,,,,,,,,,"OpenStreetMap (open data, ODbL)",https://www.openstreetmap.org/way/5049215,OSM:way/5049215,5049215,,"{""type"":""LineString"",""coordinates"":[[150.7110417,-34.1932562],[150.7119041,-34.1922672],[150.7128885,-34.191089]]}"
,,M1,Princes Highway,Road Bridge,,M1,NSW,Illawarra & Shoalhaven,,-34.641265,150.832887,,Transport for NSW (inferred),,Beam Bridge,,,,,,,,342,,2,,,,,,,,,,,"OPEN DATA (OpenStreetMap, ODbL). DQ: INCOMPLETE - geometry & identity captured; owner/region/importance INFERRED (verify). Missing: condition, conditionRating, lastInspectionDate, lga, yearBuilt, postingStatus. No engineering/inspection data from open source.",Active,,,,,,4,,,,,,,,,"OpenStreetMap (open data, ODbL)",https://www.openstreetmap.org/way/5049966,OSM:way/5049966,5049966,,"{""type"":""LineString"",""coordinates"":[[150.8336925,-34.6428766],[150.8335533,-34.6426112],[150.8333496,-34.6422257],[150.8330825,-34.6417238],[150.8329323,-34.6414388],[150.8328265,-34.6412257],[150.8327355,-34.6410276],[150.832644,-34.6408171],[150.8325635,-34.6406184],[150.832485,-34.6404033],[150.8324186,-34.640202],[150.8323604,-34.6400127]]}"
,,OSM-5050392,Riverside Drive,Road Bridge,,,NSW,Illawarra & Shoalhaven,,-34.616355,150.837925,,Local Council (inferred),,Beam Bridge,,,,,,,,56,,,,,,,,,,,,,"OPEN DATA (OpenStreetMap, ODbL). DQ: INCOMPLETE - geometry & identity captured; owner/region/importance INFERRED (verify). Missing: condition, conditionRating, lastInspectionDate, lga, yearBuilt, postingStatus. No engineering/inspection data from open source.",Active,,,,,,2,,,,,,,,,"OpenStreetMap (open data, ODbL)",https://www.openstreetmap.org/way/5050392,OSM:way/5050392,5050392,,"{""type"":""LineString"",""coordinates"":[[150.8376292,-34.6162854],[150.8382217,-34.6164252]]}"
,,M1,Princes Highway,Road Bridge,,M1,NSW,Illawarra & Shoalhaven,,-34.655465,150.854462,,Transport for NSW (inferred),,Beam Bridge,,,,,,,,25,,3,,,,,,,,,,,"OPEN DATA (OpenStreetMap, ODbL). DQ: INCOMPLETE - geometry & identity captured; owner/region/importance INFERRED (verify). Missing: condition, conditionRating, lastInspectionDate, lga, yearBuilt, postingStatus. No engineering/inspection data from open source.",Active,,,,,,4,,,,,,,,,"OpenStreetMap (open data, ODbL)",https://www.openstreetmap.org/way/5050458,OSM:way/5050458,5050458,,"{""type"":""LineString"",""coordinates"":[[150.8544909,-34.6553537],[150.8544339,-34.655577]]}"
,,M1,Princes Highway,Road Bridge,,M1,NSW,Illawarra & Shoalhaven,,-34.65377,150.854615,,Transport for NSW (inferred),,Beam Bridge,,,,,,,,29,,3,,,,,,,,,,,"OPEN DATA (OpenStreetMap, ODbL). DQ: INCOMPLETE - geometry & identity captured; owner/region/importance INFERRED (verify). Missing: condition, conditionRating, lastInspectionDate, lga, yearBuilt, postingStatus. No engineering/inspection data from open source.",Active,,,,,,4,,,,,,,,,"OpenStreetMap (open data, ODbL)",https://www.openstreetmap.org/way/5050466,OSM:way/5050466,5050466,,"{""type"":""LineString"",""coordinates"":[[150.8546193,-34.6538987],[150.8546111,-34.6536422]]}"
,,B88,Picton Road,Road Bridge,,B88,NSW,Illawarra & Shoalhaven,,-34.205786,150.652243,,Transport for NSW (inferred),,Beam Bridge,,,,,,,,178,,2,,,,,,,,,,,"OPEN DATA (OpenStreetMap, ODbL). DQ: INCOMPLETE - geometry & identity captured; owner/region/importance INFERRED (verify). Missing: condition, conditionRating, lastInspectionDate, lga, yearBuilt, postingStatus. No engineering/inspection data from open source.",Active,,,,,,3,,,,,,,,,"OpenStreetMap (open data, ODbL)",https://www.openstreetmap.org/way/5050591,OSM:way/5050591,5050591,,"{""type"":""LineString"",""coordinates"":[[150.6520008,-34.2050124],[150.6524843,-34.2065602]]}"
,,OSM-5058914,Springwood Road,Road Bridge,,,NSW,Sydney Metropolitan,,-33.613029,150.699398,,Local Council (inferred),,Beam Bridge,,,,,,,,75,,,,,,,,,,,,,"OPEN DATA (OpenStreetMap, ODbL). DQ: INCOMPLETE - geometry & identity captured; owner/region/importance INFERRED (verify). Missing: condition, conditionRating, lastInspectionDate, lga, yearBuilt, postingStatus. No engineering/inspection data from open source.",Active,,,,,,3,,,,,,,,,"OpenStreetMap (open data, ODbL)",https://www.openstreetmap.org/way/5058914,OSM:way/5058914,5058914,,"{""type"":""LineString"",""coordinates"":[[150.6990635,-33.613033],[150.6992614,-33.6130309],[150.6998684,-33.6130244]]}"
,,OSM-5059512,Golden Vale Road,Road Bridge,,,NSW,Illawarra & Shoalhaven,,-34.565748,150.319645,,Local Council (inferred),,Beam Bridge,,,,,,,,18,,,,,,,,,,,,,"OPEN DATA (OpenStreetMap, ODbL). DQ: INCOMPLETE - geometry & identity captured; owner/region/importance INFERRED (verify). Missing: condition, conditionRating, lastInspectionDate, lga, yearBuilt, postingStatus. No engineering/inspection data from open source.",Active,,,,,,1,,,,,,,,,"OpenStreetMap (open data, ODbL)",https://www.openstreetmap.org/way/5059512,OSM:way/5059512,5059512,,"{""type"":""LineString"",""coordinates"":[[150.3197203,-34.5657992],[150.3195699,-34.5656963]]}"
,,B59,Kurrajong Road,Road Bridge,,B59,NSW,Sydney Metropolitan,,-33.584794,150.724101,,Transport for NSW (inferred),,Beam Bridge,2013,,,,,,,192,,2,,,,,,,,,,,"OPEN DATA (OpenStreetMap, ODbL). DQ: PARTIAL - geometry & identity captured; owner/region/importance INFERRED (verify). Missing: condition, conditionRating, lastInspectionDate, lga, postingStatus. No engineering/inspection data from open source.",Active,,,,,,3,,,,,,,,,"OpenStreetMap (open data, ODbL)",https://www.openstreetmap.org/way/5059705,OSM:way/5059705,5059705,,"{""type"":""LineString"",""coordinates"":[[150.7247992,-33.5856697],[150.7238518,-33.5844803],[150.7236532,-33.5842309]]}"
,,A40,Victoria Road,Road Bridge,,A40,NSW,Sydney Metropolitan,,-33.840477,151.146183,,Transport for NSW (inferred),,Beam Bridge,,,,,,,,94,,2,,,,,,,,,,,"OPEN DATA (OpenStreetMap, ODbL). DQ: INCOMPLETE - geometry & identity captured; owner/region/importance INFERRED (verify). Missing: condition, conditionRating, lastInspectionDate, lga, yearBuilt, postingStatus. No engineering/inspection data from open source.",Active,,,,,,4,,,,,,,,,"OpenStreetMap (open data, ODbL)",https://www.openstreetmap.org/way/5066693,OSM:way/5066693,5066693,,"{""type"":""LineString"",""coordinates"":[[151.1465191,-33.8407964],[151.1458459,-33.8401573]]}"
,,OSM-5066695,Burns Bay Road,Road Bridge,,,NSW,Sydney Metropolitan,,-33.840336,151.146258,,Local Council (inferred),,Beam Bridge,,,,,,,,94,,2,,,,,,,,,,,"OPEN DATA (OpenStreetMap, ODbL). DQ: INCOMPLETE - geometry & identity captured; owner/region/importance INFERRED (verify). Missing: condition, conditionRating, lastInspectionDate, lga, yearBuilt, postingStatus. No engineering/inspection data from open source.",Active,,,,,,3,,,,,,,,,"OpenStreetMap (open data, ODbL)",https://www.openstreetmap.org/way/5066695,OSM:way/5066695,5066695,,"{""type"":""LineString"",""coordinates"":[[151.1460043,-33.8400573],[151.1461429,-33.8402231],[151.146627,-33.8407288]]}"
,,OSM-5066748,Burns Bay Road,Road Bridge,,,NSW,Sydney Metropolitan,,-33.837978,151.145119,,Local Council (inferred),,Beam Bridge,,,,,,,,94,,2,,,,,,,,,,,"OPEN DATA (OpenStreetMap, ODbL). DQ: INCOMPLETE - geometry & identity captured; owner/region/importance INFERRED (verify). Missing: condition, conditionRating, lastInspectionDate, lga, yearBuilt, postingStatus. No engineering/inspection data from open source.",Active,,,,,,3,,,,,,,,,"OpenStreetMap (open data, ODbL)",https://www.openstreetmap.org/way/5066748,OSM:way/5066748,5066748,,"{""type"":""LineString"",""coordinates"":[[151.1451276,-33.8383983],[151.1451142,-33.837983],[151.1451163,-33.8375533]]}"
,,M1,Princes Motorway,Road Bridge,,M1,NSW,Illawarra & Shoalhaven,,-34.204722,150.964281,,Transport for NSW (inferred),,Beam Bridge,2013,,,,,,,105,,2,,,,,,,,,,,"OPEN DATA (OpenStreetMap, ODbL). DQ: PARTIAL - geometry & identity captured; owner/region/importance INFERRED (verify). Missing: condition, conditionRating, lastInspectionDate, lga, postingStatus. No engineering/inspection data from open source.",Active,,,,,,4,,,,,,,,,"OpenStreetMap (open data, ODbL)",https://www.openstreetmap.org/way/5067687,OSM:way/5067687,5067687,,"{""type"":""LineString"",""coordinates"":[[150.9640864,-34.2051663],[150.9644754,-34.2042769]]}"
,,M1,Princes Motorway,Road Bridge,,M1,NSW,Illawarra & Shoalhaven,,-34.204962,150.964503,,Transport for NSW (inferred),,Beam Bridge,2013,,,,,,,120,,2,,,,,,,,,,,"OPEN DATA (OpenStreetMap, ODbL). DQ: PARTIAL - geometry & identity captured; owner/region/importance INFERRED (verify). Missing: condition, conditionRating, lastInspectionDate, lga, postingStatus. No engineering/inspection data from open source.",Active,,,,,,4,,,,,,,,,"OpenStreetMap (open data, ODbL)",https://www.openstreetmap.org/way/5067689,OSM:way/5067689,5067689,,"{""type"":""LineString"",""coordinates"":[[150.964707,-34.2044482],[150.9642991,-34.2054761]]}"
,,M1,Princes Motorway,Road Bridge,,M1,NSW,Sydney Metropolitan,,-34.186387,150.969593,,Transport for NSW (inferred),,Beam Bridge,2013,,,,,,,47,,,,,,,,,,,,,"OPEN DATA (OpenStreetMap, ODbL). DQ: PARTIAL - geometry & identity captured; owner/region/importance INFERRED (verify). Missing: condition, conditionRating, lastInspectionDate, lga, postingStatus. No engineering/inspection data from open source.",Active,,,,,,4,,,,,,,,,"OpenStreetMap (open data, ODbL)",https://www.openstreetmap.org/way/5067831,OSM:way/5067831,5067831,,"{""type"":""LineString"",""coordinates"":[[150.9697267,-34.1862096],[150.9694586,-34.1865646]]}"
,,M1,Princes Motorway,Road Bridge,,M1,NSW,Sydney Metropolitan,,-34.18616,150.969381,,Transport for NSW (inferred),,Beam Bridge,2013,,,,,,,46,,2,,,,,,,,,,,"OPEN DATA (OpenStreetMap, ODbL). DQ: PARTIAL - geometry & identity captured; owner/region/importance INFERRED (verify). Missing: condition, conditionRating, lastInspectionDate, lga, postingStatus. No engineering/inspection data from open source.",Active,,,,,,4,,,,,,,,,"OpenStreetMap (open data, ODbL)",https://www.openstreetmap.org/way/5067833,OSM:way/5067833,5067833,,"{""type"":""LineString"",""coordinates"":[[150.969247,-34.1863353],[150.9695146,-34.1859844]]}"
,,M1,Princes Motorway,Road Bridge,,M1,NSW,Illawarra & Shoalhaven,,-34.473709,150.832119,,Transport for NSW (inferred),,Beam Bridge,2013,,,,,,,69,,2,,,,,,,,,,,"OPEN DATA (OpenStreetMap, ODbL). DQ: PARTIAL - geometry & identity captured; owner/region/importance INFERRED (verify). Missing: condition, conditionRating, lastInspectionDate, lga, postingStatus. No engineering/inspection data from open source.",Active,,,,,,4,,,,,,,,,"OpenStreetMap (open data, ODbL)",https://www.openstreetmap.org/way/5070561,OSM:way/5070561,5070561,,"{""type"":""LineString"",""coordinates"":[[150.8323849,-34.4734864],[150.8318538,-34.4739308]]}"
,,OSM-5071848,Princes Highway,Road Bridge,,,NSW,Illawarra & Shoalhaven,,-34.407761,150.891097,,Local Council (inferred),,Beam Bridge,,,,,,,,76,,3,,,,,,,,,,,"OPEN DATA (OpenStreetMap, ODbL). DQ: INCOMPLETE - geometry & identity captured; owner/region/importance INFERRED (verify). Missing: condition, conditionRating, lastInspectionDate, lga, yearBuilt, postingStatus. No engineering/inspection data from open source.",Active,,,,,,3,,,,,,,,,"OpenStreetMap (open data, ODbL)",https://www.openstreetmap.org/way/5071848,OSM:way/5071848,5071848,,"{""type"":""LineString"",""coordinates"":[[150.89095,-34.4074342],[150.8910425,-34.4076714],[150.8911404,-34.4078673],[150.8912564,-34.4080726]]}"
,,OSM-5077833,Sydney Water Supply Canal,Culvert,,,NSW,Sydney Metropolitan,,-34.083452,150.768316,canal,Unknown (open data),,Culvert,,,,,,,,55,,,,,,,,,,,,,"OPEN DATA (OpenStreetMap, ODbL). DQ: INCOMPLETE - geometry & identity captured; owner/region/importance INFERRED (verify). Missing: condition, conditionRating, lastInspectionDate, lga, yearBuilt, postingStatus. No engineering/inspection data from open source.",Active,,,,,,,,,,,,,,,"OpenStreetMap (open data, ODbL)",https://www.openstreetmap.org/way/5077833,OSM:way/5077833,5077833,,"{""type"":""LineString"",""coordinates"":[[150.7683538,-34.083699],[150.768278,-34.083204]]}"
,,OSM-5086619,Jerrabomberra Parkway,Road Bridge,,,NSW,South East & Tablelands,,-35.383995,149.200636,,Local Council (inferred),,Beam Bridge,,,,,,,,20,,2,,,,,,,,,,,"OPEN DATA (OpenStreetMap, ODbL). DQ: INCOMPLETE - geometry & identity captured; owner/region/importance INFERRED (verify). Missing: condition, conditionRating, lastInspectionDate, lga, yearBuilt, postingStatus. No engineering/inspection data from open source.",Active,,,,,,2,,,,,,,,,"OpenStreetMap (open data, ODbL)",https://www.openstreetmap.org/way/5086619,OSM:way/5086619,5086619,,"{""type"":""LineString"",""coordinates"":[[149.2006071,-35.383907],[149.2006653,-35.3840836]]}"
,,B65,Princes Highway,Road Bridge,,B65,NSW,Illawarra & Shoalhaven,,-34.409357,150.892077,,Transport for NSW (inferred),,Beam Bridge,,,,,,,,73,,3,,,,,,,,,,,"OPEN DATA (OpenStreetMap, ODbL). DQ: INCOMPLETE - geometry & identity captured; owner/region/importance INFERRED (verify). Missing: condition, conditionRating, lastInspectionDate, lga, yearBuilt, postingStatus. No engineering/inspection data from open source.",Active,,,,,,3,,,,,,,,,"OpenStreetMap (open data, ODbL)",https://www.openstreetmap.org/way/5105482,OSM:way/5105482,5105482,,"{""type"":""LineString"",""coordinates"":[[150.8918981,-34.4090496],[150.8920966,-34.4093749],[150.8922367,-34.4096457]]}"
,,OSM-5105624,Bong Bong Street,Road Bridge,,,NSW,Illawarra & Shoalhaven,,-34.672845,150.854354,,Local Council (inferred),,Beam Bridge,,,,,,,,36,,,,,,,,,,,,,"OPEN DATA (OpenStreetMap, ODbL). DQ: INCOMPLETE - geometry & identity captured; owner/region/importance INFERRED (verify). Missing: condition, conditionRating, lastInspectionDate, lga, yearBuilt, postingStatus. No engineering/inspection data from open source.",Active,,,,,,1,,,,,,,,,"OpenStreetMap (open data, ODbL)",https://www.openstreetmap.org/way/5105624,OSM:way/5105624,5105624,,"{""type"":""LineString"",""coordinates"":[[150.8541946,-34.6727475],[150.8545127,-34.6729428]]}"
,,OSM-5105626,Saddleback Mountain Road,Road Bridge,,,NSW,Illawarra & Shoalhaven,,-34.682109,150.848006,,Local Council (inferred),,Beam Bridge,,,,,,,,24,,2,,,,,,,,,,,"OPEN DATA (OpenStreetMap, ODbL). DQ: INCOMPLETE - geometry & identity captured; owner/region/importance INFERRED (verify). Missing: condition, conditionRating, lastInspectionDate, lga, yearBuilt, postingStatus. No engineering/inspection data from open source.",Active,,,,,,2,,,,,,,,,"OpenStreetMap (open data, ODbL)",https://www.openstreetmap.org/way/5105626,OSM:way/5105626,5105626,,"{""type"":""LineString"",""coordinates"":[[150.847879,-34.6820879],[150.848134,-34.6821308]]}"
,,OSM-5105639,Crooked River Road,Road Bridge,,,NSW,Illawarra & Shoalhaven,,-34.770881,150.808197,,Local Council (inferred),,Beam Bridge,,,,,,,,138,,,,,,,,,,,,,"OPEN DATA (OpenStreetMap, ODbL). DQ: INCOMPLETE - geometry & identity captured; owner/region/importance INFERRED (verify). Missing: condition, conditionRating, lastInspectionDate, lga, yearBuilt, postingStatus. No engineering/inspection data from open source.",Active,,,,,,2,,,,,,,,,"OpenStreetMap (open data, ODbL)",https://www.openstreetmap.org/way/5105639,OSM:way/5105639,5105639,,"{""type"":""LineString"",""coordinates"":[[150.8079499,-34.771469],[150.8084447,-34.770293]]}"
,,M1,Southern Cross Drive,Road Bridge,,M1,NSW,Sydney Metropolitan,,-33.939514,151.19345,,Transport for NSW (inferred),,Beam Bridge,2013,,,,,,,491,,2,,,,,,,,,,,"OPEN DATA (OpenStreetMap, ODbL). DQ: PARTIAL - geometry & identity captured; owner/region/importance INFERRED (verify). Missing: condition, conditionRating, lastInspectionDate, lga, postingStatus. No engineering/inspection data from open source.",Active,,,,,,4,,,,,,,,,"OpenStreetMap (open data, ODbL)",https://www.openstreetmap.org/way/5150507,OSM:way/5150507,5150507,,"{""type"":""LineString"",""coordinates"":[[151.1952888,-33.9379908],[151.1948902,-33.9381568],[151.1945122,-33.9383179],[151.1942812,-33.938424],[151.1939939,-33.9385834],[151.1936654,-33.9388299],[151.1933603,-33.9391201],[151.1931447,-33.9393973],[151.1930505,-33.9395477],[151.1929724,-33.9396944],[151.1929045,-33.9398486],[151.1928323,-33.9400523],[151.192797,-33.9401675],[151.1927527,-33.9403821],[151.1927318,-33.9406135],[151.1927401,-33.9411593],[151.1927353,-33.9414446]]}"
,,M1,Southern Cross Drive,Road Bridge,,M1,NSW,Sydney Metropolitan,,-33.939235,151.193516,,Transport for NSW (inferred),,Beam Bridge,2013,,,,,,,578,,2,,,,,,,,,,,"OPEN DATA (OpenStreetMap, ODbL). DQ: PARTIAL - geometry & identity captured; owner/region/importance INFERRED (verify). Missing: condition, conditionRating, lastInspectionDate, lga, postingStatus. No engineering/inspection data from open source.",Active,,,,,,4,,,,,,,,,"OpenStreetMap (open data, ODbL)",https://www.openstreetmap.org/way/5150509,OSM:way/5150509,5150509,,"{""type"":""LineString"",""coordinates"":[[151.1924308,-33.9413453],[151.1924428,-33.9409652],[151.1924733,-33.9406803],[151.1925093,-33.9404793],[151.1925659,-33.94028],[151.192621,-33.9401317],[151.1926973,-33.9399337],[151.1927845,-33.9397494],[151.1929129,-33.9395168],[151.193043,-33.9393189],[151.1932711,-33.9390315],[151.1934675,-33.9388199],[151.1937146,-33.9385979],[151.1939667,-33.9384007],[151.1942404,-33.9382139],[151.1944639,-33.938087],[151.1946583,-33.9379884],[151.1948734,-33.9379001],[151.1952336,-33.9377624],[151.1959436,-33.9375023]]}"
,,M5,M5 Motorway,Road Bridge,,M5,NSW,Sydney Metropolitan,,-33.946504,151.167904,,Transport for NSW (inferred),,Beam Bridge,2013,,,,,,,581,,2,,,,,,,,,,,"OPEN DATA (OpenStreetMap, ODbL). DQ: PARTIAL - geometry & identity captured; owner/region/importance INFERRED (verify). Missing: condition, conditionRating, lastInspectionDate, lga, postingStatus. No engineering/inspection data from open source.",Active,,,,,,4,,,,,,,,,"OpenStreetMap (open data, ODbL)",https://www.openstreetmap.org/way/5151592,OSM:way/5151592,5151592,,"{""type"":""LineString"",""coordinates"":[[151.1709955,-33.9462928],[151.170485,-33.9463935],[151.1700178,-33.9464856],[151.1693874,-33.9466208],[151.1690077,-33.9466791],[151.1685437,-33.9467307],[151.1682425,-33.9467571],[151.1678494,-33.9467464],[151.1674908,-33.9467165],[151.1671831,-33.9466716],[151.1668111,-33.9466099],[151.1661936,-33.9464404],[151.1658196,-33.9463109],[151.1655737,-33.946207],[151.1649647,-33.9459017]]}"
,,OSM-5179019,Greenwell Point Road,Road Bridge,,,NSW,Illawarra & Shoalhaven,,-34.902041,150.669787,,Local Council (inferred),,Beam Bridge,,,,,,,,13,,2,,,,,,,,,,,"OPEN DATA (OpenStreetMap, ODbL). DQ: INCOMPLETE - geometry & identity captured; owner/region/importance INFERRED (verify). Missing: condition, conditionRating, lastInspectionDate, lga, yearBuilt, postingStatus. No engineering/inspection data from open source.",Active,,,,,,2,,,,,,,,,"OpenStreetMap (open data, ODbL)",https://www.openstreetmap.org/way/5179019,OSM:way/5179019,5179019,,"{""type"":""LineString"",""coordinates"":[[150.6697146,-34.902052],[150.6698595,-34.9020307]]}"
,,OSM-5179020,Springbank Road,Road Bridge,,,NSW,Illawarra & Shoalhaven,,-34.925148,150.669611,,Local Council (inferred),,Beam Bridge,,,,,,,,20,,,,,,,,,,,,,"OPEN DATA (OpenStreetMap, ODbL). DQ: INCOMPLETE - geometry & identity captured; owner/region/importance INFERRED (verify). Missing: condition, conditionRating, lastInspectionDate, lga, yearBuilt, postingStatus. No engineering/inspection data from open source.",Active,,,,,,1,,,,,,,,,"OpenStreetMap (open data, ODbL)",https://www.openstreetmap.org/way/5179020,OSM:way/5179020,5179020,,"{""type"":""LineString"",""coordinates"":[[150.6695402,-34.9252148],[150.6696822,-34.9250819]]}"
,,OSM-5179279,Bestic Street,Road Bridge,,,NSW,Sydney Metropolitan,,-33.950506,151.152995,,Local Council (inferred),,Beam Bridge,,,,,,,,23,,3,,,,,,,,,,,"OPEN DATA (OpenStreetMap, ODbL). DQ: INCOMPLETE - geometry & identity captured; owner/region/importance INFERRED (verify). Missing: condition, conditionRating, lastInspectionDate, lga, yearBuilt, postingStatus. No engineering/inspection data from open source.",Active,,,,,,2,,,,,,,,,"OpenStreetMap (open data, ODbL)",https://www.openstreetmap.org/way/5179279,OSM:way/5179279,5179279,,"{""type"":""LineString"",""coordinates"":[[151.1528745,-33.9504877],[151.1531162,-33.9505249]]}"
,,OSM-5182161,Greystanes Road,Road Bridge,,,NSW,Sydney Metropolitan,,-33.809978,150.937127,,Local Council (inferred),,Beam Bridge,,,,,,,,62,,,,,,,,,,,,,"OPEN DATA (OpenStreetMap, ODbL). DQ: INCOMPLETE - geometry & identity captured; owner/region/importance INFERRED (verify). Missing: condition, conditionRating, lastInspectionDate, lga, yearBuilt, postingStatus. No engineering/inspection data from open source.",Active,,,,,,2,,,,,,,,,"OpenStreetMap (open data, ODbL)",https://www.openstreetmap.org/way/5182161,OSM:way/5182161,5182161,,"{""type"":""LineString"",""coordinates"":[[150.9371127,-33.8102586],[150.9371414,-33.8096975]]}"
,,OSM-5182168,Beresford Road,Road Bridge,,,NSW,Sydney Metropolitan,,-33.811242,150.942113,,Local Council (inferred),,Beam Bridge,,,,,,,,46,,2,,,,,,,,,,,"OPEN DATA (OpenStreetMap, ODbL). DQ: INCOMPLETE - geometry & identity captured; owner/region/importance INFERRED (verify). Missing: condition, conditionRating, lastInspectionDate, lga, yearBuilt, postingStatus. No engineering/inspection data from open source.",Active,,,,,,1,,,,,,,,,"OpenStreetMap (open data, ODbL)",https://www.openstreetmap.org/way/5182168,OSM:way/5182168,5182168,,"{""type"":""LineString"",""coordinates"":[[150.9420752,-33.8114443],[150.9421515,-33.8110399]]}"
,,M5,M5 Motorway,Road Bridge,,M5,NSW,Sydney Metropolitan,,-33.944031,150.948245,,Transport for NSW (inferred),,Beam Bridge,2013,,,,,,,55,,3,,,,,,,,,,,"OPEN DATA (OpenStreetMap, ODbL). DQ: PARTIAL - geometry & identity captured; owner/region/importance INFERRED (verify). Missing: condition, conditionRating, lastInspectionDate, lga, postingStatus. No engineering/inspection data from open source.",Active,,,,,,4,,,,,,,,,"OpenStreetMap (open data, ODbL)",https://www.openstreetmap.org/way/5191269,OSM:way/5191269,5191269,,"{""type"":""LineString"",""coordinates"":[[150.9485063,-33.9441524],[150.9479829,-33.9439101]]}"
,,OSM-5197442,Military Road E-Ramp,Road Bridge,,,NSW,Sydney Metropolitan,,-33.829537,151.213867,,Local Council (inferred),,Beam Bridge,,,,,,,,41,,2,,,,,,,,,,,"OPEN DATA (OpenStreetMap, ODbL). DQ: INCOMPLETE - geometry & identity captured; owner/region/importance INFERRED (verify). Missing: condition, conditionRating, lastInspectionDate, lga, yearBuilt, postingStatus. No engineering/inspection data from open source.",Active,,,,,,4,,,,,,,,,"OpenStreetMap (open data, ODbL)",https://www.openstreetmap.org/way/5197442,OSM:way/5197442,5197442,,"{""type"":""LineString"",""coordinates"":[[151.2139687,-33.8296798],[151.2139427,-33.8296603],[151.2139095,-33.8296281],[151.213884,-33.8295981],[151.2138688,-33.8295754],[151.2138571,-33.8295549],[151.2138253,-33.8294845],[151.2138118,-33.829442],[151.2138037,-33.8293991],[151.2137982,-33.8293476]]}"
,,OSM-5204693,Elizabeth Drive,Road Bridge,,,NSW,Illawarra & Shoalhaven,,-35.051257,150.674666,,Local Council (inferred),,Beam Bridge,,,,,,,,72,,,,,,,,,,,,,"OPEN DATA (OpenStreetMap, ODbL). DQ: INCOMPLETE - geometry & identity captured; owner/region/importance INFERRED (verify). Missing: condition, conditionRating, lastInspectionDate, lga, yearBuilt, postingStatus. No engineering/inspection data from open source.",Active,,,,,,2,,,,,,,,,"OpenStreetMap (open data, ODbL)",https://www.openstreetmap.org/way/5204693,OSM:way/5204693,5204693,,"{""type"":""LineString"",""coordinates"":[[150.6744386,-35.0509922],[150.6748925,-35.051522]]}"
,,OSM-5212110,Menangle Road,Road Bridge,,,NSW,Sydney Metropolitan,,-34.090285,150.77276,,Local Council (inferred),,Beam Bridge,,,,,,,,13,,,,,,,,,,,,,"OPEN DATA (OpenStreetMap, ODbL). DQ: INCOMPLETE - geometry & identity captured; owner/region/importance INFERRED (verify). Missing: condition, conditionRating, lastInspectionDate, lga, yearBuilt, postingStatus. No engineering/inspection data from open source.",Active,,,,,,2,,,,,,,,,"OpenStreetMap (open data, ODbL)",https://www.openstreetmap.org/way/5212110,OSM:way/5212110,5212110,,"{""type"":""LineString"",""coordinates"":[[150.7728039,-34.090237],[150.7727166,-34.0903324]]}"
,,A3,Roberts Road,Road Bridge,,A3,NSW,Sydney Metropolitan,,-33.886916,151.068265,,Transport for NSW (inferred),,Beam Bridge,,,,,,,,462,,2,,,,,,,,,,,"OPEN DATA (OpenStreetMap, ODbL). DQ: INCOMPLETE - geometry & identity captured; owner/region/importance INFERRED (verify). Missing: condition, conditionRating, lastInspectionDate, lga, yearBuilt, postingStatus. No engineering/inspection data from open source.",Active,,,,,,4,,,,,,,,,"OpenStreetMap (open data, ODbL)",https://www.openstreetmap.org/way/5213147,OSM:way/5213147,5213147,,"{""type"":""LineString"",""coordinates"":[[151.0693575,-33.8855225],[151.0692776,-33.8856528],[151.0691401,-33.8858132],[151.0690189,-33.8859465],[151.0686515,-33.8862964],[151.0683817,-33.886553],[151.0682487,-33.8866829],[151.0681551,-33.8867795],[151.0680614,-33.8868859],[151.0679786,-33.8869915],[151.0679023,-33.8871112],[151.0678006,-33.8872985],[151.067738,-33.8874516],[151.0676867,-33.8876192],[151.0674505,-33.8888461],[151.0673853,-33.889211]]}"
,,OSM-5234092,James Ruse Drive Offramp,Road Bridge,,,NSW,Sydney Metropolitan,,-33.828346,151.016671,,Local Council (inferred),,Beam Bridge,,,,,,,,393,,1,,,,,,,,,,,"OPEN DATA (OpenStreetMap, ODbL). DQ: INCOMPLETE - geometry & identity captured; owner/region/importance INFERRED (verify). Missing: condition, conditionRating, lastInspectionDate, lga, yearBuilt, postingStatus. No engineering/inspection data from open source.",Active,,,,,,4,,,,,,,,,"OpenStreetMap (open data, ODbL)",https://www.openstreetmap.org/way/5234092,OSM:way/5234092,5234092,,"{""type"":""LineString"",""coordinates"":[[151.0151471,-33.8274974],[151.0154209,-33.8276158],[151.0155949,-33.8277],[151.0158378,-33.8278289],[151.0164996,-33.8281848],[151.0168862,-33.8284202],[151.0176393,-33.8289154],[151.0184015,-33.8294167],[151.0186141,-33.8295368]]}"
,,OSM-5366496,Jane Street,Road Bridge,,,NSW,Illawarra & Shoalhaven,,-34.876312,150.605408,,Local Council (inferred),,Beam Bridge,,,,2.4,,,,118,,,,,,Restricted,,,,,,,"OPEN DATA (OpenStreetMap, ODbL). DQ: PARTIAL - geometry & identity captured; owner/region/importance INFERRED (verify). Missing: condition, conditionRating, lastInspectionDate, lga, yearBuilt. No engineering/inspection data from open source. HV: load limit 3t, clearance 2.4m (posted, open data; NHVR gazettal/route approval NOT verified).",Active,,,,3,,1,,,,,,,,,"OpenStreetMap (open data, ODbL)",https://www.openstreetmap.org/way/5366496,OSM:way/5366496,5366496,,"{""type"":""LineString"",""coordinates"":[[150.6047447,-34.8762151],[150.6052237,-34.8762858],[150.6056431,-34.876347],[150.6060187,-34.8764012]]}"
,,OSM-5415775,Boundary Road,Road Bridge,,,NSW,Illawarra & Shoalhaven,,-34.745474,150.709277,,Local Council (inferred),,Beam Bridge,,,,,,,,22,,,,,,,,,,,,,"OPEN DATA (OpenStreetMap, ODbL). DQ: INCOMPLETE - geometry & identity captured; owner/region/importance INFERRED (verify). Missing: condition, conditionRating, lastInspectionDate, lga, yearBuilt, postingStatus. No engineering/inspection data from open source.",Active,,,,,,1,,,,,,,,,"OpenStreetMap (open data, ODbL)",https://www.openstreetmap.org/way/5415775,OSM:way/5415775,5415775,,"{""type"":""LineString"",""coordinates"":[[150.709157,-34.7454591],[150.7093961,-34.7454888]]}"
,,A1,Princes Highway,Road Bridge,,A1,NSW,South East & Tablelands,,-35.906946,150.081495,,Transport for NSW (inferred),,Beam Bridge,,,,,,,,273,,2,,,,,,,,,,,"OPEN DATA (OpenStreetMap, ODbL). DQ: INCOMPLETE - geometry & identity captured; owner/region/importance INFERRED (verify). Missing: condition, conditionRating, lastInspectionDate, lga, yearBuilt, postingStatus. No engineering/inspection data from open source.",Active,,,,,,4,,,,,,,,,"OpenStreetMap (open data, ODbL)",https://www.openstreetmap.org/way/5463631,OSM:way/5463631,5463631,,"{""type"":""LineString"",""coordinates"":[[150.0812211,-35.9081524],[150.0817688,-35.9057388]]}"
,,A36,Princes Highway,Road Bridge,,A36,NSW,Sydney Metropolitan,,-33.928756,151.157001,,Transport for NSW (inferred),,Beam Bridge,2013,,,,,,,110,,3,,,,,,,,,,,"OPEN DATA (OpenStreetMap, ODbL). DQ: PARTIAL - geometry & identity captured; owner/region/importance INFERRED (verify). Missing: condition, conditionRating, lastInspectionDate, lga, postingStatus. No engineering/inspection data from open source.",Active,,,,,,4,,,,,,,,,"OpenStreetMap (open data, ODbL)",https://www.openstreetmap.org/way/5536882,OSM:way/5536882,5536882,,"{""type"":""LineString"",""coordinates"":[[151.156643,-33.9291494],[151.1573592,-33.928363]]}"
,,A1,Princes Highway,Road Bridge,,A1,NSW,South East & Tablelands,,-36.209043,150.122126,,Transport for NSW (inferred),,Beam Bridge,,,,4.5,,,,56,,2,,,,Restricted,,,,,,,"OPEN DATA (OpenStreetMap, ODbL). DQ: PARTIAL - geometry & identity captured; owner/region/importance INFERRED (verify). Missing: condition, conditionRating, lastInspectionDate, lga, yearBuilt. No engineering/inspection data from open source. HV: clearance 4.5m (posted, open data; NHVR gazettal/route approval NOT verified).",Active,,,,,,4,,,,,,,,,"OpenStreetMap (open data, ODbL)",https://www.openstreetmap.org/way/5545376,OSM:way/5545376,5545376,,"{""type"":""LineString"",""coordinates"":[[150.1220752,-36.2087924],[150.1221776,-36.2092929]]}"
,,9,Wallaga Lake Road,Road Bridge,,9,NSW,South East & Tablelands,,-36.359141,150.075777,,Transport for NSW (inferred),,Beam Bridge,,,,,,,,97,,1,,,,,,,,,,,"OPEN DATA (OpenStreetMap, ODbL). DQ: INCOMPLETE - geometry & identity captured; owner/region/importance INFERRED (verify). Missing: condition, conditionRating, lastInspectionDate, lga, yearBuilt, postingStatus. No engineering/inspection data from open source.",Active,,,,,,2,,,,,,,,,"OpenStreetMap (open data, ODbL)",https://www.openstreetmap.org/way/5548957,OSM:way/5548957,5548957,,"{""type"":""LineString"",""coordinates"":[[150.0762774,-36.3589687],[150.075277,-36.3593124]]}"
,,9,Wallaga Lake Road,Road Bridge,,9,NSW,South East & Tablelands,,-36.424823,150.065677,,Transport for NSW (inferred),,Beam Bridge,,,,,,,,166,,2,,,,,,,,,,,"OPEN DATA (OpenStreetMap, ODbL). DQ: INCOMPLETE - geometry & identity captured; owner/region/importance INFERRED (verify). Missing: condition, conditionRating, lastInspectionDate, lga, yearBuilt, postingStatus. No engineering/inspection data from open source.",Active,,,,,,2,,,,,,,,,"OpenStreetMap (open data, ODbL)",https://www.openstreetmap.org/way/5549676,OSM:way/5549676,5549676,,"{""type"":""LineString"",""coordinates"":[[150.0651087,-36.4240977],[150.0658282,-36.4250124],[150.0660948,-36.4253586]]}"
,,A28;A40,James Ruse Drive,Road Bridge,,A28;A40,NSW,Sydney Metropolitan,,-33.791536,151.001522,,Transport for NSW (inferred),,Beam Bridge,2013,,,,,,,36,,2,,,,,,,,,,,"OPEN DATA (OpenStreetMap, ODbL). DQ: PARTIAL - geometry & identity captured; owner/region/importance INFERRED (verify). Missing: condition, conditionRating, lastInspectionDate, lga, postingStatus. No engineering/inspection data from open source.",Active,,,,,,4,,,,,,,,,"OpenStreetMap (open data, ODbL)",https://www.openstreetmap.org/way/5710787,OSM:way/5710787,5710787,,"{""type"":""LineString"",""coordinates"":[[151.0016999,-33.7915963],[151.0013435,-33.7914752]]}"
,,OSM-5721378,Western Motorway Onramp,Road Bridge,,,NSW,Sydney Metropolitan,,-33.829104,151.020011,,Local Council (inferred),,Beam Bridge,,,,,,,,57,,1,,,,,,,,,,,"OPEN DATA (OpenStreetMap, ODbL). DQ: INCOMPLETE - geometry & identity captured; owner/region/importance INFERRED (verify). Missing: condition, conditionRating, lastInspectionDate, lga, yearBuilt, postingStatus. No engineering/inspection data from open source.",Active,,,,,,4,,,,,,,,,"OpenStreetMap (open data, ODbL)",https://www.openstreetmap.org/way/5721378,OSM:way/5721378,5721378,,"{""type"":""LineString"",""coordinates"":[[151.0201779,-33.8288906],[151.0198437,-33.8293175]]}"
,,A1,Princes Highway,Road Bridge,,A1,NSW,South East & Tablelands,,-36.066514,150.050301,,Transport for NSW (inferred),,Beam Bridge,,,,,,,,165,,2,,,,,,,,,,,"OPEN DATA (OpenStreetMap, ODbL). DQ: INCOMPLETE - geometry & identity captured; owner/region/importance INFERRED (verify). Missing: condition, conditionRating, lastInspectionDate, lga, yearBuilt, postingStatus. No engineering/inspection data from open source. HV: axle 21t (posted, open data; NHVR gazettal/route approval NOT verified).",Active,,,,,,4,,,,,,,,,"OpenStreetMap (open data, ODbL)",https://www.openstreetmap.org/way/5750914,OSM:way/5750914,5750914,,"{""type"":""LineString"",""coordinates"":[[150.0503021,-36.0657735],[150.050299,-36.0672544]]}"
,,OSM-5757589,Morisset Street,Road Bridge,,,NSW,South East & Tablelands,,-35.348667,149.239415,,Local Council (inferred),,Beam Bridge,,,,,,,,32,,2,,,,,,,,,,,"OPEN DATA (OpenStreetMap, ODbL). DQ: INCOMPLETE - geometry & identity captured; owner/region/importance INFERRED (verify). Missing: condition, conditionRating, lastInspectionDate, lga, yearBuilt, postingStatus. No engineering/inspection data from open source.",Active,,,,,,1,,,,,,,,,"OpenStreetMap (open data, ODbL)",https://www.openstreetmap.org/way/5757589,OSM:way/5757589,5757589,,"{""type"":""LineString"",""coordinates"":[[149.2395963,-35.3487033],[149.2394977,-35.3486779],[149.2394581,-35.3486694],[149.2394155,-35.3486622],[149.239368,-35.3486564],[149.2393184,-35.3486522],[149.2392513,-35.3486496]]}"
,,B52,Monaro Street,Road Bridge,,B52,NSW,South East & Tablelands,,-35.352129,149.236855,,Transport for NSW (inferred),,Beam Bridge,,,,,,,,182,,2,,,,,,,,,,,"OPEN DATA (OpenStreetMap, ODbL). DQ: INCOMPLETE - geometry & identity captured; owner/region/importance INFERRED (verify). Missing: condition, conditionRating, lastInspectionDate, lga, yearBuilt, postingStatus. No engineering/inspection data from open source. On NSW freight network (OSM hgv=designated, spatial join); NHVR B-double/road-train/HML approval NOT verified.",Active,,,,,,1,,,,,true,,,,"OpenStreetMap (open data, ODbL)",https://www.openstreetmap.org/way/5791229,OSM:way/5791229,5791229,,"{""type"":""LineString"",""coordinates"":[[149.2359949,-35.3525468],[149.2377147,-35.3517106]]}"
,,OSM-5822266,Bombala Line,Rail Bridge,,,NSW,South East & Tablelands,,-35.336839,149.241633,,Transport Asset Holding Entity (inferred),,Beam Bridge,,,,,,,,38,,,,,,,,,,,,,"OPEN DATA (OpenStreetMap, ODbL). DQ: INCOMPLETE - geometry & identity captured; owner/region/importance INFERRED (verify). Missing: condition, conditionRating, lastInspectionDate, lga, yearBuilt, postingStatus. No engineering/inspection data from open source.",Active,,,,,,4,,,,,,,,,"OpenStreetMap (open data, ODbL)",https://www.openstreetmap.org/way/5822266,OSM:way/5822266,5822266,,"{""type"":""LineString"",""coordinates"":[[149.2414606,-35.3369365],[149.2418059,-35.3367415]]}"
,,OSM-5822481,McEwan Avenue,Road Bridge,,,NSW,South East & Tablelands,,-35.34313,149.229427,,Local Council (inferred),,Beam Bridge,,,,,,,,22,,2,,,,,,,,,,,"OPEN DATA (OpenStreetMap, ODbL). DQ: INCOMPLETE - geometry & identity captured; owner/region/importance INFERRED (verify). Missing: condition, conditionRating, lastInspectionDate, lga, yearBuilt, postingStatus. No engineering/inspection data from open source.",Active,,,,,,1,,,,,,,,,"OpenStreetMap (open data, ODbL)",https://www.openstreetmap.org/way/5822481,OSM:way/5822481,5822481,,"{""type"":""LineString"",""coordinates"":[[149.2294269,-35.3432307],[149.2294268,-35.3430294]]}"
,,OSM-6098838,Ruttleys Road,Road Bridge,,,NSW,Central Coast,,-33.153927,151.525426,,Local Council (inferred),,Beam Bridge,,,,,,,,36,,2,,,,,,,,,,,"OPEN DATA (OpenStreetMap, ODbL). DQ: INCOMPLETE - geometry & identity captured; owner/region/importance INFERRED (verify). Missing: condition, conditionRating, lastInspectionDate, lga, yearBuilt, postingStatus. No engineering/inspection data from open source.",Active,,,,,,2,,,,,,,,,"OpenStreetMap (open data, ODbL)",https://www.openstreetmap.org/way/6098838,OSM:way/6098838,6098838,,"{""type"":""LineString"",""coordinates"":[[151.5254931,-33.1540813],[151.5253589,-33.1537733]]}"
,,B70,Main Road,Road Bridge,,B70,NSW,Central Coast,,-33.262139,151.519667,,Transport for NSW (inferred),,Beam Bridge,,,,,,,,201,,,,,,,,,,,,,"OPEN DATA (OpenStreetMap, ODbL). DQ: INCOMPLETE - geometry & identity captured; owner/region/importance INFERRED (verify). Missing: condition, conditionRating, lastInspectionDate, lga, yearBuilt, postingStatus. No engineering/inspection data from open source.",Active,,,,,,3,,,,,,,,,"OpenStreetMap (open data, ODbL)",https://www.openstreetmap.org/way/6201982,OSM:way/6201982,6201982,,"{""type"":""LineString"",""coordinates"":[[151.5205443,-33.2626682],[151.5187906,-33.2616107]]}"
,,M1,Pacific Motorway,Road Bridge,,M1,NSW,Central Coast,,-33.091874,151.469417,,Transport for NSW (inferred),,Beam Bridge,2013,,,,,,,191,,2,,,,,,,,,,,"OPEN DATA (OpenStreetMap, ODbL). DQ: PARTIAL - geometry & identity captured; owner/region/importance INFERRED (verify). Missing: condition, conditionRating, lastInspectionDate, lga, postingStatus. No engineering/inspection data from open source.",Active,,,,,,4,,,,,,,,,"OpenStreetMap (open data, ODbL)",https://www.openstreetmap.org/way/6250062,OSM:way/6250062,6250062,,"{""type"":""LineString"",""coordinates"":[[151.4699955,-33.0911662],[151.4688392,-33.0925817]]}"
,,M1,Pacific Motorway,Road Bridge,,M1,NSW,Central Coast,,-33.072685,151.477908,,Transport for NSW (inferred),,Beam Bridge,2013,,,,,,,56,,2,,,,,,,,,,,"OPEN DATA (OpenStreetMap, ODbL). DQ: PARTIAL - geometry & identity captured; owner/region/importance INFERRED (verify). Missing: condition, conditionRating, lastInspectionDate, lga, postingStatus. No engineering/inspection data from open source.",Active,,,,,,4,,,,,,,,,"OpenStreetMap (open data, ODbL)",https://www.openstreetmap.org/way/6250067,OSM:way/6250067,6250067,,"{""type"":""LineString"",""coordinates"":[[151.4779526,-33.0724344],[151.4778638,-33.0729353]]}"
,,M1,Pacific Motorway,Road Bridge,,M1,NSW,Central Coast,,-33.093978,151.467296,,Transport for NSW (inferred),,Beam Bridge,2013,,,,,,,55,,2,,,,,,,,,,,"OPEN DATA (OpenStreetMap, ODbL). DQ: PARTIAL - geometry & identity captured; owner/region/importance INFERRED (verify). Missing: condition, conditionRating, lastInspectionDate, lga, postingStatus. No engineering/inspection data from open source.",Active,,,,,,4,,,,,,,,,"OpenStreetMap (open data, ODbL)",https://www.openstreetmap.org/way/6250071,OSM:way/6250071,6250071,,"{""type"":""LineString"",""coordinates"":[[151.4671317,-33.0941831],[151.4674609,-33.0937725]]}"
,,B53,Main Road,Road Bridge,,B53,NSW,Hunter,,-32.996607,151.59826,,Transport for NSW (inferred),,Beam Bridge,,,,,,,,223,,2,,,,,,,,,,,"OPEN DATA (OpenStreetMap, ODbL). DQ: INCOMPLETE - geometry & identity captured; owner/region/importance INFERRED (verify). Missing: condition, conditionRating, lastInspectionDate, lga, yearBuilt, postingStatus. No engineering/inspection data from open source.",Active,,,,,,3,,,,,,,,,"OpenStreetMap (open data, ODbL)",https://www.openstreetmap.org/way/7164140,OSM:way/7164140,7164140,,"{""type"":""LineString"",""coordinates"":[[151.5974048,-32.9976525],[151.5986168,-32.9961698],[151.5987571,-32.9959974]]}"
,,B53,Five Islands Road,Road Bridge,,B53,NSW,Hunter,,-32.959177,151.614645,,Transport for NSW (inferred),,Beam Bridge,,,,,,,,174,,2,,,,,,,,,,,"OPEN DATA (OpenStreetMap, ODbL). DQ: INCOMPLETE - geometry & identity captured; owner/region/importance INFERRED (verify). Missing: condition, conditionRating, lastInspectionDate, lga, yearBuilt, postingStatus. No engineering/inspection data from open source.",Active,,,,,,3,,,,,,,,,"OpenStreetMap (open data, ODbL)",https://www.openstreetmap.org/way/7187493,OSM:way/7187493,7187493,,"{""type"":""LineString"",""coordinates"":[[151.6139138,-32.9596636],[151.615376,-32.9586898]]}"
,,OSM-7215134,Cattai Road,Road Bridge,,,NSW,Sydney Metropolitan,,-33.55755,150.908122,,Local Council (inferred),,Beam Bridge,,,,,,,,47,,,,,,,,,,,,,"OPEN DATA (OpenStreetMap, ODbL). DQ: INCOMPLETE - geometry & identity captured; owner/region/importance INFERRED (verify). Missing: condition, conditionRating, lastInspectionDate, lga, yearBuilt, postingStatus. No engineering/inspection data from open source.",Active,,,,,,3,,,,,,,,,"OpenStreetMap (open data, ODbL)",https://www.openstreetmap.org/way/7215134,OSM:way/7215134,7215134,,"{""type"":""LineString"",""coordinates"":[[150.9080807,-33.5577593],[150.9081624,-33.5573411]]}"
,,A43,Pacific Highway,Road Bridge,,A43,NSW,Hunter,,-33.04628,151.655691,,Transport for NSW (inferred),,Beam Bridge,2013,,,,,,,18,,2,,,,,,,,,,,"OPEN DATA (OpenStreetMap, ODbL). DQ: PARTIAL - geometry & identity captured; owner/region/importance INFERRED (verify). Missing: condition, conditionRating, lastInspectionDate, lga, postingStatus. No engineering/inspection data from open source.",Active,,,,,,4,,,,,,,,,"OpenStreetMap (open data, ODbL)",https://www.openstreetmap.org/way/7303431,OSM:way/7303431,7303431,,"{""type"":""LineString"",""coordinates"":[[151.6556948,-33.0461984],[151.6556878,-33.0463611]]}"
,,OSM-7694053,Kosciuszko Road,Road Bridge,,,NSW,South East & Tablelands,,-36.369152,148.590322,,Local Council (inferred),,Beam Bridge,,,,,,,,49,,2,,,,,,,,,,,"OPEN DATA (OpenStreetMap, ODbL). DQ: INCOMPLETE - geometry & identity captured; owner/region/importance INFERRED (verify). Missing: condition, conditionRating, lastInspectionDate, lga, yearBuilt, postingStatus. No engineering/inspection data from open source.",Active,,,,,,2,,,,,,,,,"OpenStreetMap (open data, ODbL)",https://www.openstreetmap.org/way/7694053,OSM:way/7694053,7694053,,"{""type"":""LineString"",""coordinates"":[[148.5905279,-36.3692955],[148.5901156,-36.3690093]]}"
,,B72,Snowy Mountains Highway,Road Bridge,,B72,NSW,South East & Tablelands,,-35.884578,148.514123,,Transport for NSW (inferred),,Beam Bridge,,,,,,,,58,,,,,,,,,,,,,"OPEN DATA (OpenStreetMap, ODbL). DQ: INCOMPLETE - geometry & identity captured; owner/region/importance INFERRED (verify). Missing: condition, conditionRating, lastInspectionDate, lga, yearBuilt, postingStatus. No engineering/inspection data from open source.",Active,,,,,,4,,,,,,,,,"OpenStreetMap (open data, ODbL)",https://www.openstreetmap.org/way/7696573,OSM:way/7696573,7696573,,"{""type"":""LineString"",""coordinates"":[[148.5138156,-35.8846504],[148.5144307,-35.8845051]]}"
,,OSM-7706992,Wilde Avenue,Road Bridge,,,NSW,Sydney Metropolitan,,-33.811806,151.007301,,Local Council (inferred),,Beam Bridge,,,,,,,,63,,4,,,,,,,,,,,"OPEN DATA (OpenStreetMap, ODbL). DQ: INCOMPLETE - geometry & identity captured; owner/region/importance INFERRED (verify). Missing: condition, conditionRating, lastInspectionDate, lga, yearBuilt, postingStatus. No engineering/inspection data from open source.",Active,,,,,,1,,,,,,,,,"OpenStreetMap (open data, ODbL)",https://www.openstreetmap.org/way/7706992,OSM:way/7706992,7706992,,"{""type"":""LineString"",""coordinates"":[[151.0071588,-33.8120638],[151.0074426,-33.8115481]]}"
,,OSM-7795880,Friday Drive,Road Bridge,,,NSW,Regional NSW,,-36.497056,148.316459,,Local Council (inferred),,Beam Bridge,,,,,,,,24,,,,,,,,,,,,,"OPEN DATA (OpenStreetMap, ODbL). DQ: INCOMPLETE - geometry & identity captured; owner/region/importance INFERRED (verify). Missing: condition, conditionRating, lastInspectionDate, lga, yearBuilt, postingStatus. No engineering/inspection data from open source.",Active,,,,,,1,,,,,,,,,"OpenStreetMap (open data, ODbL)",https://www.openstreetmap.org/way/7795880,OSM:way/7795880,7795880,,"{""type"":""LineString"",""coordinates"":[[148.3165884,-36.4970776],[148.3163302,-36.4970352]]}"
,,OSM-7796089,Friday Drive,Road Bridge,,,NSW,Regional NSW,,-36.502812,148.308665,,Local Council (inferred),,Beam Bridge,,,,,,,,33,,,,,,,,,,,,,"OPEN DATA (OpenStreetMap, ODbL). DQ: INCOMPLETE - geometry & identity captured; owner/region/importance INFERRED (verify). Missing: condition, conditionRating, lastInspectionDate, lga, yearBuilt, postingStatus. No engineering/inspection data from open source.",Active,,,,,,1,,,,,,,,,"OpenStreetMap (open data, ODbL)",https://www.openstreetmap.org/way/7796089,OSM:way/7796089,7796089,,"{""type"":""LineString"",""coordinates"":[[148.3087478,-36.502687],[148.3087139,-36.5027507],[148.3086747,-36.5028087],[148.308624,-36.5028742],[148.3085633,-36.5029388]]}"
,,OSM-7921183,Cattai Ridge Road,Road Bridge,,,NSW,Sydney Metropolitan,,-33.580799,150.941894,,Local Council (inferred),,Beam Bridge,,,,,,,,61,,,,,,Restricted,,,,,,,"OPEN DATA (OpenStreetMap, ODbL). DQ: PARTIAL - geometry & identity captured; owner/region/importance INFERRED (verify). Missing: condition, conditionRating, lastInspectionDate, lga, yearBuilt. No engineering/inspection data from open source. HV: load limit 8t (posted, open data; NHVR gazettal/route approval NOT verified).",Active,,,,8,,2,,,,,,,,,"OpenStreetMap (open data, ODbL)",https://www.openstreetmap.org/way/7921183,OSM:way/7921183,7921183,,"{""type"":""LineString"",""coordinates"":[[150.9418867,-33.5805248],[150.9419016,-33.5810731]]}"
,,OSM-7973056,Sunnyside Road,Road Bridge,,,NSW,South East & Tablelands,,-36.300088,150.116459,,Local Council (inferred),,Beam Bridge,,,,,,,,7,,,,,,,,,,,,,"OPEN DATA (OpenStreetMap, ODbL). DQ: INCOMPLETE - geometry & identity captured; owner/region/importance INFERRED (verify). Missing: condition, conditionRating, lastInspectionDate, lga, yearBuilt, postingStatus. No engineering/inspection data from open source.",Active,,,,,,1,,,,,,,,,"OpenStreetMap (open data, ODbL)",https://www.openstreetmap.org/way/7973056,OSM:way/7973056,7973056,,"{""type"":""LineString"",""coordinates"":[[150.1164523,-36.3001169],[150.1164653,-36.3000588]]}"
,,OSM-7978347,Araluen Road,Road Bridge,,,NSW,South East & Tablelands,,-35.924255,150.044678,,Local Council (inferred),,Beam Bridge,,,,,,,,86,,,,,,,,,,,,,"OPEN DATA (OpenStreetMap, ODbL). DQ: INCOMPLETE - geometry & identity captured; owner/region/importance INFERRED (verify). Missing: condition, conditionRating, lastInspectionDate, lga, yearBuilt, postingStatus. No engineering/inspection data from open source.",Active,,,,,,2,,,,,,,,,"OpenStreetMap (open data, ODbL)",https://www.openstreetmap.org/way/7978347,OSM:way/7978347,7978347,,"{""type"":""LineString"",""coordinates"":[[150.0443161,-35.9245035],[150.0450399,-35.9240057]]}"
,,OSM-8014015,Shoreline Drive,Road Bridge,,,NSW,Mid North Coast,,-31.3983,152.891035,,Local Council (inferred),,Beam Bridge,,,,,,,,185,,,,,,,,,,,,,"OPEN DATA (OpenStreetMap, ODbL). DQ: INCOMPLETE - geometry & identity captured; owner/region/importance INFERRED (verify). Missing: condition, conditionRating, lastInspectionDate, lga, yearBuilt, postingStatus. No engineering/inspection data from open source.",Active,,,,,,1,,,,,,,,,"OpenStreetMap (open data, ODbL)",https://www.openstreetmap.org/way/8014015,OSM:way/8014015,8014015,,"{""type"":""LineString"",""coordinates"":[[152.8900731,-31.3981824],[152.8919976,-31.398417]]}"
,,15,Cooper Street,Road Bridge,,15,NSW,Mid North Coast,,-30.706045,152.921105,,Transport for NSW (inferred),,Beam Bridge,,,,5.2,,,,83,,2,,,,Restricted,,,,,,,"OPEN DATA (OpenStreetMap, ODbL). DQ: PARTIAL - geometry & identity captured; owner/region/importance INFERRED (verify). Missing: condition, conditionRating, lastInspectionDate, lga, yearBuilt. No engineering/inspection data from open source. HV: clearance 5.2m (posted, open data; NHVR gazettal/route approval NOT verified).",Active,,,,,,2,,,,,,,,,"OpenStreetMap (open data, ODbL)",https://www.openstreetmap.org/way/8027290,OSM:way/8027290,8027290,,"{""type"":""LineString"",""coordinates"":[[152.9210309,-30.7064118],[152.9211798,-30.7056787]]}"
,,OSM-8028313,North Coast Line,Rail Bridge,,,NSW,Mid North Coast,,-30.700085,152.915423,,Transport Asset Holding Entity (inferred),,Beam Bridge,,,,,,,,173,,,,,,,,,,,,,"OPEN DATA (OpenStreetMap, ODbL). DQ: INCOMPLETE - geometry & identity captured; owner/region/importance INFERRED (verify). Missing: condition, conditionRating, lastInspectionDate, lga, yearBuilt, postingStatus. No engineering/inspection data from open source.",Active,,,,,,4,,,,,,,,,"OpenStreetMap (open data, ODbL)",https://www.openstreetmap.org/way/8028313,OSM:way/8028313,8028313,,"{""type"":""LineString"",""coordinates"":[[152.9159491,-30.6994534],[152.9148977,-30.7007174]]}"
,,OSM-8028362,North Coast Line,Rail Bridge,,,NSW,Mid North Coast,,-31.086744,152.831377,,Transport Asset Holding Entity (inferred),,Beam Bridge,,,,,,,,206,,,,,,,,,,,,,"OPEN DATA (OpenStreetMap, ODbL). DQ: INCOMPLETE - geometry & identity captured; owner/region/importance INFERRED (verify). Missing: condition, conditionRating, lastInspectionDate, lga, yearBuilt, postingStatus. No engineering/inspection data from open source.",Active,,,,,,4,,,,,,,,,"OpenStreetMap (open data, ODbL)",https://www.openstreetmap.org/way/8028362,OSM:way/8028362,8028362,,"{""type"":""LineString"",""coordinates"":[[152.831275,-31.0858222],[152.8314786,-31.0876667]]}"
,,OSM-8028440,North Coast Line,Rail Bridge,,,NSW,Mid North Coast,,-31.328965,152.782725,,Transport Asset Holding Entity (inferred),,Beam Bridge,,,,,,,,256,,,,,,,,,,,,,"OPEN DATA (OpenStreetMap, ODbL). DQ: INCOMPLETE - geometry & identity captured; owner/region/importance INFERRED (verify). Missing: condition, conditionRating, lastInspectionDate, lga, yearBuilt, postingStatus. No engineering/inspection data from open source.",Active,,,,,,4,,,,,,,,,"OpenStreetMap (open data, ODbL)",https://www.openstreetmap.org/way/8028440,OSM:way/8028440,8028440,,"{""type"":""LineString"",""coordinates"":[[152.7835381,-31.3280471],[152.7819123,-31.3298837]]}"
,,OSM-8028444,Telegraph Point Road,Road Bridge,,,NSW,Mid North Coast,,-31.325761,152.797341,,Local Council (inferred),,Beam Bridge,2013,,,,,,,561,,2,,,,,,,,,,,"OPEN DATA (OpenStreetMap, ODbL). DQ: PARTIAL - geometry & identity captured; owner/region/importance INFERRED (verify). Missing: condition, conditionRating, lastInspectionDate, lga, postingStatus. No engineering/inspection data from open source.",Active,,,,,,1,,,,,,,,,"OpenStreetMap (open data, ODbL)",https://www.openstreetmap.org/way/8028444,OSM:way/8028444,8028444,,"{""type"":""LineString"",""coordinates"":[[152.7966741,-31.3282534],[152.796725,-31.3278196],[152.7967605,-31.3275793],[152.7968024,-31.327339],[152.7968932,-31.3269021],[152.7969524,-31.3266605],[152.7970583,-31.3262788],[152.797179,-31.3258912],[152.7972967,-31.3255609],[152.7973548,-31.3254095],[152.7974724,-31.325119],[152.797547,-31.3249492],[152.7976353,-31.3247542],[152.7978341,-31.3243564],[152.7980475,-31.3239552],[152.7982236,-31.3236588],[152.798346,-31.3234564]]}"
,,OSM-8030610,James Ruse Drive,Road Bridge,,,NSW,Sydney Metropolitan,,-33.828747,151.020733,,Local Council (inferred),,Beam Bridge,,,,,,,,253,,3,,,,,,,,,,,"OPEN DATA (OpenStreetMap, ODbL). DQ: INCOMPLETE - geometry & identity captured; owner/region/importance INFERRED (verify). Missing: condition, conditionRating, lastInspectionDate, lga, yearBuilt, postingStatus. No engineering/inspection data from open source.",Active,,,,,,3,,,,,,,,,"OpenStreetMap (open data, ODbL)",https://www.openstreetmap.org/way/8030610,OSM:way/8030610,8030610,,"{""type"":""LineString"",""coordinates"":[[151.0208564,-33.8276164],[151.0206099,-33.8298782]]}"
,,OSM-8030616,James Ruse Drive,Road Bridge,,,NSW,Sydney Metropolitan,,-33.814361,151.022563,,Local Council (inferred),,Beam Bridge,,,,,,,,162,,3,,,,,,,,,,,"OPEN DATA (OpenStreetMap, ODbL). DQ: INCOMPLETE - geometry & identity captured; owner/region/importance INFERRED (verify). Missing: condition, conditionRating, lastInspectionDate, lga, yearBuilt, postingStatus. No engineering/inspection data from open source.",Active,,,,,,3,,,,,,,,,"OpenStreetMap (open data, ODbL)",https://www.openstreetmap.org/way/8030616,OSM:way/8030616,8030616,,"{""type"":""LineString"",""coordinates"":[[151.0226575,-33.8135899],[151.0225525,-33.8144538],[151.0224801,-33.8150397]]}"
,,OSM-8030619,James Ruse Drive,Road Bridge,,,NSW,Sydney Metropolitan,,-33.814308,151.022442,,Local Council (inferred),,Beam Bridge,,,,,,,,163,,3,,,,,,,,,,,"OPEN DATA (OpenStreetMap, ODbL). DQ: INCOMPLETE - geometry & identity captured; owner/region/importance INFERRED (verify). Missing: condition, conditionRating, lastInspectionDate, lga, yearBuilt, postingStatus. No engineering/inspection data from open source.",Active,,,,,,3,,,,,,,,,"OpenStreetMap (open data, ODbL)",https://www.openstreetmap.org/way/8030619,OSM:way/8030619,8030619,,"{""type"":""LineString"",""coordinates"":[[151.0223486,-33.8150357],[151.0225351,-33.8135797]]}"
,,A6,Silverwater Road,Road Bridge,,A6,NSW,Sydney Metropolitan,,-33.824589,151.051199,,Transport for NSW (inferred),,Beam Bridge,,,,,,,,300,,2,,,,,,,,,,,"OPEN DATA (OpenStreetMap, ODbL). DQ: INCOMPLETE - geometry & identity captured; owner/region/importance INFERRED (verify). Missing: condition, conditionRating, lastInspectionDate, lga, yearBuilt, postingStatus. No engineering/inspection data from open source.",Active,,,,,,4,,,,,,,,,"OpenStreetMap (open data, ODbL)",https://www.openstreetmap.org/way/8030844,OSM:way/8030844,8030844,,"{""type"":""LineString"",""coordinates"":[[151.0510227,-33.8259297],[151.0513752,-33.8232483]]}"
,,A6,Silverwater Road,Road Bridge,,A6,NSW,Sydney Metropolitan,,-33.813825,151.052445,,Transport for NSW (inferred),,Beam Bridge,,,,,,,,41,,2,,,,,,,,,,,"OPEN DATA (OpenStreetMap, ODbL). DQ: INCOMPLETE - geometry & identity captured; owner/region/importance INFERRED (verify). Missing: condition, conditionRating, lastInspectionDate, lga, yearBuilt, postingStatus. No engineering/inspection data from open source.",Active,,,,,,4,,,,,,,,,"OpenStreetMap (open data, ODbL)",https://www.openstreetmap.org/way/8030895,OSM:way/8030895,8030895,,"{""type"":""LineString"",""coordinates"":[[151.0524242,-33.8140103],[151.0524655,-33.8136401]]}"
,,A6,Silverwater Road,Road Bridge,,A6,NSW,Sydney Metropolitan,,-33.813842,151.052551,,Transport for NSW (inferred),,Beam Bridge,,,,,,,,41,,3,,,,,,,,,,,"OPEN DATA (OpenStreetMap, ODbL). DQ: INCOMPLETE - geometry & identity captured; owner/region/importance INFERRED (verify). Missing: condition, conditionRating, lastInspectionDate, lga, yearBuilt, postingStatus. No engineering/inspection data from open source.",Active,,,,,,4,,,,,,,,,"OpenStreetMap (open data, ODbL)",https://www.openstreetmap.org/way/8030914,OSM:way/8030914,8030914,,"{""type"":""LineString"",""coordinates"":[[151.0525732,-33.8136565],[151.0525279,-33.8140268]]}"
,,OSM-8037541,Windsor Road,Road Bridge,,,NSW,Sydney Metropolitan,,-33.793431,150.999759,,Local Council (inferred),,Beam Bridge,,,,,,,,20,,4,,,,,,,,,,,"OPEN DATA (OpenStreetMap, ODbL). DQ: INCOMPLETE - geometry & identity captured; owner/region/importance INFERRED (verify). Missing: condition, conditionRating, lastInspectionDate, lga, yearBuilt, postingStatus. No engineering/inspection data from open source.",Active,,,,,,3,,,,,,,,,"OpenStreetMap (open data, ODbL)",https://www.openstreetmap.org/way/8037541,OSM:way/8037541,8037541,,"{""type"":""LineString"",""coordinates"":[[150.999824,-33.7935038],[150.999694,-33.7933575]]}"
,,M5,M5 Motorway,Road Bridge,,M5,NSW,Sydney Metropolitan,,-33.946426,151.167023,,Transport for NSW (inferred),,Beam Bridge,,,,4.4,,,,371,,2,,,,Restricted,,,,,,,"OPEN DATA (OpenStreetMap, ODbL). DQ: PARTIAL - geometry & identity captured; owner/region/importance INFERRED (verify). Missing: condition, conditionRating, lastInspectionDate, lga, yearBuilt. No engineering/inspection data from open source. HV: clearance 4.4m (posted, open data; NHVR gazettal/route approval NOT verified).",Active,,,,,,4,,,,,,,,,"OpenStreetMap (open data, ODbL)",https://www.openstreetmap.org/way/8038996,OSM:way/8038996,8038996,,"{""type"":""LineString"",""coordinates"":[[151.1650235,-33.9458295],[151.1654595,-33.9460467],[151.1658328,-33.9462197],[151.1661773,-33.9463488],[151.1665567,-33.9464561],[151.1668158,-33.9465185],[151.1671,-33.9465658],[151.1673738,-33.9465934],[151.167597,-33.9466093],[151.1677896,-33.9466148],[151.1681416,-33.9466163],[151.1685966,-33.946576],[151.1688387,-33.9465402]]}"
,,M5,M5 Motorway,Road Bridge,,M5,NSW,Sydney Metropolitan,,-33.941226,151.041757,,Transport for NSW (inferred),,Beam Bridge,2013,,,,,,,168,,3,,,,,,,,,,,"OPEN DATA (OpenStreetMap, ODbL). DQ: PARTIAL - geometry & identity captured; owner/region/importance INFERRED (verify). Missing: condition, conditionRating, lastInspectionDate, lga, postingStatus. No engineering/inspection data from open source.",Active,,,,,,4,,,,,,,,,"OpenStreetMap (open data, ODbL)",https://www.openstreetmap.org/way/8039303,OSM:way/8039303,8039303,,"{""type"":""LineString"",""coordinates"":[[151.0426559,-33.941348],[151.040858,-33.9411046]]}"
,,A6,Fairford Road,Road Bridge,,A6,NSW,Sydney Metropolitan,,-33.934711,151.036726,,Transport for NSW (inferred),,Beam Bridge,,,,,,,,452,,2,,,,,,,,,,,"OPEN DATA (OpenStreetMap, ODbL). DQ: INCOMPLETE - geometry & identity captured; owner/region/importance INFERRED (verify). Missing: condition, conditionRating, lastInspectionDate, lga, yearBuilt, postingStatus. No engineering/inspection data from open source.",Active,,,,,,4,,,,,,,,,"OpenStreetMap (open data, ODbL)",https://www.openstreetmap.org/way/8039382,OSM:way/8039382,8039382,,"{""type"":""LineString"",""coordinates"":[[151.0373313,-33.9324973],[151.037213,-33.9328499],[151.0371336,-33.9330853],[151.037059,-33.9333182],[151.0369878,-33.9335402],[151.0369127,-33.9337865],[151.0368385,-33.9340356],[151.0367788,-33.9342431],[151.0367424,-33.9343803],[151.0366615,-33.934711],[151.0366213,-33.9348995],[151.0365905,-33.9350455],[151.0365683,-33.9351686],[151.0365522,-33.9352811],[151.0365401,-33.9353791],[151.0365268,-33.9354917],[151.0365167,-33.9356039],[151.0365079,-33.9357179],[151.0365012,-33.9358214],[151.0364937,-33.9359397],[151.0364512,-33.9363755],[151.0364392,-33.9364813]]}"
,,OSM-8039492,Fairford Road Offramp,Road Bridge,,,NSW,Sydney Metropolitan,,-33.941029,151.03985,,Local Council (inferred),,Beam Bridge,,,,,,,,168,,,,,,,,,,,,,"OPEN DATA (OpenStreetMap, ODbL). DQ: INCOMPLETE - geometry & identity captured; owner/region/importance INFERRED (verify). Missing: condition, conditionRating, lastInspectionDate, lga, yearBuilt, postingStatus. No engineering/inspection data from open source.",Active,,,,,,4,,,,,,,,,"OpenStreetMap (open data, ODbL)",https://www.openstreetmap.org/way/8039492,OSM:way/8039492,8039492,,"{""type"":""LineString"",""coordinates"":[[151.040858,-33.9411046],[151.0396485,-33.941019],[151.0390422,-33.9409635]]}"
,,A6,Alfords Point Road,Road Bridge,,A6,NSW,Sydney Metropolitan,,-33.968495,151.031427,,Transport for NSW (inferred),,Beam Bridge,,,,,,,,103,,3,,,,,,,,,,,"OPEN DATA (OpenStreetMap, ODbL). DQ: INCOMPLETE - geometry & identity captured; owner/region/importance INFERRED (verify). Missing: condition, conditionRating, lastInspectionDate, lga, yearBuilt, postingStatus. No engineering/inspection data from open source.",Active,,,,,,4,,,,,,,,,"OpenStreetMap (open data, ODbL)",https://www.openstreetmap.org/way/8039568,OSM:way/8039568,8039568,,"{""type"":""LineString"",""coordinates"":[[151.0312125,-33.9688957],[151.0312649,-33.9687794],[151.0313117,-33.9686838],[151.0313632,-33.9685837],[151.0314185,-33.9684848],[151.0315424,-33.9682825],[151.0316087,-33.9681837],[151.0316939,-33.9680636]]}"
,,OSM-8047493,Station Street,Road Bridge,,,NSW,Sydney Metropolitan,,-33.96108,151.133075,,Local Council (inferred),,Beam Bridge,,,,,,,,11,,2,,,,,,,,,,,"OPEN DATA (OpenStreetMap, ODbL). DQ: INCOMPLETE - geometry & identity captured; owner/region/importance INFERRED (verify). Missing: condition, conditionRating, lastInspectionDate, lga, yearBuilt, postingStatus. No engineering/inspection data from open source.",Active,,,,,,1,,,,,,,,,"OpenStreetMap (open data, ODbL)",https://www.openstreetmap.org/way/8047493,OSM:way/8047493,8047493,,"{""type"":""LineString"",""coordinates"":[[151.1330171,-33.9610678],[151.133133,-33.9610929]]}"
,,M4,Western Motorway,Road Bridge,,M4,NSW,Sydney Metropolitan,,-33.828773,151.017151,,Transport for NSW (inferred),,Beam Bridge,2013,,,,,,,674,,4,,,,,,,,,,,"OPEN DATA (OpenStreetMap, ODbL). DQ: PARTIAL - geometry & identity captured; owner/region/importance INFERRED (verify). Missing: condition, conditionRating, lastInspectionDate, lga, postingStatus. No engineering/inspection data from open source.",Active,,,,,,4,,,,,,,,,"OpenStreetMap (open data, ODbL)",https://www.openstreetmap.org/way/8062651,OSM:way/8062651,8062651,,"{""type"":""LineString"",""coordinates"":[[151.0151471,-33.8274974],[151.015507,-33.8276898],[151.0157376,-33.8278067],[151.0165266,-33.8282777],[151.0174893,-33.8289311],[151.0188284,-33.8299076],[151.0208183,-33.8313031]]}"
,,M4,Western Motorway,Road Bridge,,M4,NSW,Sydney Metropolitan,,-33.827104,151.009561,,Transport for NSW (inferred),,Beam Bridge,2013,,,,,,,1087,,2,,,,,,,,,,,"OPEN DATA (OpenStreetMap, ODbL). DQ: PARTIAL - geometry & identity captured; owner/region/importance INFERRED (verify). Missing: condition, conditionRating, lastInspectionDate, lga, postingStatus. No engineering/inspection data from open source.",Active,,,,,,4,,,,,,,,,"OpenStreetMap (open data, ODbL)",https://www.openstreetmap.org/way/8062661,OSM:way/8062661,8062661,,"{""type"":""LineString"",""coordinates"":[[151.0156706,-33.8279558],[151.0152134,-33.8277247],[151.0147425,-33.8275285],[151.01429,-33.8273728],[151.0136625,-33.8271888],[151.0133538,-33.8271314],[151.0130233,-33.8270719],[151.0125122,-33.8270066],[151.0120633,-33.8269723],[151.011703,-33.8269671],[151.0113234,-33.8269732],[151.0109535,-33.8269958],[151.0105563,-33.8270317],[151.0100296,-33.827079],[151.0094894,-33.8271205],[151.0090435,-33.8271353],[151.0087001,-33.8271252],[151.0083505,-33.8271023],[151.0075092,-33.8270164],[151.0071242,-33.8269628],[151.0066472,-33.8269162],[151.0063116,-33.826898],[151.0059205,-33.8268977],[151.0055892,-33.8269006],[151.0052615,-33.8269182],[151.0049476,-33.8269488],[151.0046703,-33.8269885],[151.00444,-33.8270253],[151.0041762,-33.827071]]}"
,,M4,Western Motorway,Road Bridge,,M4,NSW,Sydney Metropolitan,,-33.801137,150.870043,,Transport for NSW (inferred),,Beam Bridge,2013,,,,,,,26,,3,,,,,,,,,,,"OPEN DATA (OpenStreetMap, ODbL). DQ: PARTIAL - geometry & identity captured; owner/region/importance INFERRED (verify). Missing: condition, conditionRating, lastInspectionDate, lga, postingStatus. No engineering/inspection data from open source.",Active,,,,,,4,,,,,,,,,"OpenStreetMap (open data, ODbL)",https://www.openstreetmap.org/way/8062751,OSM:way/8062751,8062751,,"{""type"":""LineString"",""coordinates"":[[150.8701808,-33.8011521],[150.8699055,-33.801121]]}"
,,OSM-8062943,Airport Drive,Road Bridge,,,NSW,Sydney Metropolitan,,-33.933763,151.16205,,Local Council (inferred),,Beam Bridge,,,,,,,,97,,2,,,,,,,,,,,"OPEN DATA (OpenStreetMap, ODbL). DQ: INCOMPLETE - geometry & identity captured; owner/region/importance INFERRED (verify). Missing: condition, conditionRating, lastInspectionDate, lga, yearBuilt, postingStatus. No engineering/inspection data from open source.",Active,,,,,,3,,,,,,,,,"OpenStreetMap (open data, ODbL)",https://www.openstreetmap.org/way/8062943,OSM:way/8062943,8062943,,"{""type"":""LineString"",""coordinates"":[[151.1624985,-33.9336798],[151.1623445,-33.9337111],[151.162096,-33.9337543],[151.1618404,-33.9337992],[151.1614697,-33.9338694]]}"
,,OSM-8062946,Airport Drive,Road Bridge,,,NSW,Sydney Metropolitan,,-33.933488,151.162256,,Local Council (inferred),,Beam Bridge,,,,,,,,68,,2,,,,,,,,,,,"OPEN DATA (OpenStreetMap, ODbL). DQ: INCOMPLETE - geometry & identity captured; owner/region/importance INFERRED (verify). Missing: condition, conditionRating, lastInspectionDate, lga, yearBuilt, postingStatus. No engineering/inspection data from open source.",Active,,,,,,3,,,,,,,,,"OpenStreetMap (open data, ODbL)",https://www.openstreetmap.org/way/8062946,OSM:way/8062946,8062946,,"{""type"":""LineString"",""coordinates"":[[151.1619255,-33.933642],[151.1620497,-33.933598],[151.1621508,-33.9335566],[151.1622311,-33.9335197],[151.1623117,-33.9334746],[151.162388,-33.9334273],[151.1624534,-33.9333802],[151.1625342,-33.9333084]]}"
,,OSM-8062992,Church Street,Road Bridge,,,NSW,Sydney Metropolitan,,-33.834204,151.145772,,Local Council (inferred),,Beam Bridge,,,,,,,,44,,5,,,,,,,,,,,"OPEN DATA (OpenStreetMap, ODbL). DQ: INCOMPLETE - geometry & identity captured; owner/region/importance INFERRED (verify). Missing: condition, conditionRating, lastInspectionDate, lga, yearBuilt, postingStatus. No engineering/inspection data from open source.",Active,,,,,,2,,,,,,,,,"OpenStreetMap (open data, ODbL)",https://www.openstreetmap.org/way/8062992,OSM:way/8062992,8062992,,"{""type"":""LineString"",""coordinates"":[[151.1455722,-33.8341115],[151.1456325,-33.8341392],[151.145898,-33.8342615],[151.1459869,-33.8343025]]}"
,,OSM-8063077,Windybanks Interchange,Road Bridge,,,NSW,Sydney Metropolitan,,-33.635999,151.147616,,Local Council (inferred),,Beam Bridge,,,,,,,,92,,2,,,,,,,,,,,"OPEN DATA (OpenStreetMap, ODbL). DQ: INCOMPLETE - geometry & identity captured; owner/region/importance INFERRED (verify). Missing: condition, conditionRating, lastInspectionDate, lga, yearBuilt, postingStatus. No engineering/inspection data from open source.",Active,,,,,,4,,,,,,,,,"OpenStreetMap (open data, ODbL)",https://www.openstreetmap.org/way/8063077,OSM:way/8063077,8063077,,"{""type"":""LineString"",""coordinates"":[[151.1471739,-33.6358116],[151.1480579,-33.636187]]}"
,,OSM-8063080,Windybanks Interchange,Road Bridge,,,NSW,Sydney Metropolitan,,-33.635614,151.146704,,Local Council (inferred),,Beam Bridge,,,,,,,,29,,2,,,,,,,,,,,"OPEN DATA (OpenStreetMap, ODbL). DQ: INCOMPLETE - geometry & identity captured; owner/region/importance INFERRED (verify). Missing: condition, conditionRating, lastInspectionDate, lga, yearBuilt, postingStatus. No engineering/inspection data from open source.",Active,,,,,,4,,,,,,,,,"OpenStreetMap (open data, ODbL)",https://www.openstreetmap.org/way/8063080,OSM:way/8063080,8063080,,"{""type"":""LineString"",""coordinates"":[[151.1468423,-33.6356738],[151.1465651,-33.6355543]]}"
,,OSM-8064225,Gordon Crescent,Road Bridge,,,NSW,Sydney Metropolitan,,-33.799506,151.086705,,Local Council (inferred),,Beam Bridge,,,,,,,,41,,,,,,,,,,,,,"OPEN DATA (OpenStreetMap, ODbL). DQ: INCOMPLETE - geometry & identity captured; owner/region/importance INFERRED (verify). Missing: condition, conditionRating, lastInspectionDate, lga, yearBuilt, postingStatus. No engineering/inspection data from open source.",Active,,,,,,1,,,,,,,,,"OpenStreetMap (open data, ODbL)",https://www.openstreetmap.org/way/8064225,OSM:way/8064225,8064225,,"{""type"":""LineString"",""coordinates"":[[151.0865833,-33.7996614],[151.0867079,-33.7995036],[151.0868233,-33.7993528]]}"
,,OSM-8064243,Marlow Avenue,Road Bridge,,,NSW,Sydney Metropolitan,,-33.803061,151.090946,,Local Council (inferred),,Beam Bridge,,,,,,,,44,,,,,,,,,,,,,"OPEN DATA (OpenStreetMap, ODbL). DQ: INCOMPLETE - geometry & identity captured; owner/region/importance INFERRED (verify). Missing: condition, conditionRating, lastInspectionDate, lga, yearBuilt, postingStatus. No engineering/inspection data from open source.",Active,,,,,,1,,,,,,,,,"OpenStreetMap (open data, ODbL)",https://www.openstreetmap.org/way/8064243,OSM:way/8064243,8064243,,"{""type"":""LineString"",""coordinates"":[[151.0907941,-33.8032111],[151.091098,-33.8029106]]}"
,,OSM-8070616,Wollombi Road,Road Bridge,,,NSW,Regional NSW,,-33.293906,150.972531,,Local Council (inferred),,Beam Bridge,,,,,,,,101,,1,,,,Restricted,,,,,,,"OPEN DATA (OpenStreetMap, ODbL). DQ: PARTIAL - geometry & identity captured; owner/region/importance INFERRED (verify). Missing: condition, conditionRating, lastInspectionDate, lga, yearBuilt. No engineering/inspection data from open source. HV: load limit 15t (posted, open data; NHVR gazettal/route approval NOT verified).",Active,,,,15,,2,,,,,,,,,"OpenStreetMap (open data, ODbL)",https://www.openstreetmap.org/way/8070616,OSM:way/8070616,8070616,,"{""type"":""LineString"",""coordinates"":[[150.9725461,-33.2934505],[150.9725159,-33.2943616]]}"
,,M4,Western Motorway,Road Bridge,,M4,NSW,Sydney Metropolitan,,-33.824183,150.987947,,Transport for NSW (inferred),,Beam Bridge,2013,,,,,,,45,,4,,,,,,,,,,,"OPEN DATA (OpenStreetMap, ODbL). DQ: PARTIAL - geometry & identity captured; owner/region/importance INFERRED (verify). Missing: condition, conditionRating, lastInspectionDate, lga, postingStatus. No engineering/inspection data from open source.",Active,,,,,,4,,,,,,,,,"OpenStreetMap (open data, ODbL)",https://www.openstreetmap.org/way/8071593,OSM:way/8071593,8071593,,"{""type"":""LineString"",""coordinates"":[[150.988144,-33.8243087],[150.9880307,-33.8242386],[150.9878575,-33.8241266],[150.9877568,-33.8240567]]}"
,,OSM-8073890,Henry Lawson Drive,Road Bridge,,,NSW,Sydney Metropolitan,,-33.944534,150.982482,,Local Council (inferred),,Beam Bridge,,,,,,,,57,,4,,,,,,,,,,,"OPEN DATA (OpenStreetMap, ODbL). DQ: INCOMPLETE - geometry & identity captured; owner/region/importance INFERRED (verify). Missing: condition, conditionRating, lastInspectionDate, lga, yearBuilt, postingStatus. No engineering/inspection data from open source.",Active,,,,,,3,,,,,,,,,"OpenStreetMap (open data, ODbL)",https://www.openstreetmap.org/way/8073890,OSM:way/8073890,8073890,,"{""type"":""LineString"",""coordinates"":[[150.9825341,-33.9442833],[150.9824301,-33.9447854]]}"
,,OSM-8073941,M5 Motorway Onramp,Road Bridge,,,NSW,Sydney Metropolitan,,-33.942006,150.942347,,Local Council (inferred),,Beam Bridge,,,,,,,,49,,2,,,,,,,,,,,"OPEN DATA (OpenStreetMap, ODbL). DQ: INCOMPLETE - geometry & identity captured; owner/region/importance INFERRED (verify). Missing: condition, conditionRating, lastInspectionDate, lga, yearBuilt, postingStatus. No engineering/inspection data from open source.",Active,,,,,,4,,,,,,,,,"OpenStreetMap (open data, ODbL)",https://www.openstreetmap.org/way/8073941,OSM:way/8073941,8073941,,"{""type"":""LineString"",""coordinates"":[[150.9425159,-33.9422268],[150.9422889,-33.9419375],[150.9422375,-33.9418548]]}"
,,OSM-8074001,M5 Motorway Onramp,Road Bridge,,,NSW,Sydney Metropolitan,,-33.93811,150.913463,,Local Council (inferred),,Beam Bridge,,,,,,,,27,,2,,,,,,,,,,,"OPEN DATA (OpenStreetMap, ODbL). DQ: INCOMPLETE - geometry & identity captured; owner/region/importance INFERRED (verify). Missing: condition, conditionRating, lastInspectionDate, lga, yearBuilt, postingStatus. No engineering/inspection data from open source.",Active,,,,,,4,,,,,,,,,"OpenStreetMap (open data, ODbL)",https://www.openstreetmap.org/way/8074001,OSM:way/8074001,8074001,,"{""type"":""LineString"",""coordinates"":[[150.9133714,-33.938186],[150.9134277,-33.9381638],[150.9134619,-33.9381385],[150.9135085,-33.9380583],[150.9135441,-33.9380047]]}"
,,A28,Hume Highway,Road Bridge,,A28,NSW,Sydney Metropolitan,,-33.938271,150.91353,,Transport for NSW (inferred),,Beam Bridge,2013,,,,,,,44,,3,,,,,,,,,,,"OPEN DATA (OpenStreetMap, ODbL). DQ: PARTIAL - geometry & identity captured; owner/region/importance INFERRED (verify). Missing: condition, conditionRating, lastInspectionDate, lga, postingStatus. No engineering/inspection data from open source.",Active,,,,,,4,,,,,,,,,"OpenStreetMap (open data, ODbL)",https://www.openstreetmap.org/way/8074011,OSM:way/8074011,8074011,,"{""type"":""LineString"",""coordinates"":[[150.9136588,-33.9380377],[150.9134718,-33.9383745],[150.913458,-33.9384015]]}"
,,A28,Hume Highway,Road Bridge,,A28,NSW,Sydney Metropolitan,,-33.938174,150.913378,,Transport for NSW (inferred),,Beam Bridge,2013,,,,,,,44,,5,,,,,,,,,,,"OPEN DATA (OpenStreetMap, ODbL). DQ: PARTIAL - geometry & identity captured; owner/region/importance INFERRED (verify). Missing: condition, conditionRating, lastInspectionDate, lga, postingStatus. No engineering/inspection data from open source.",Active,,,,,,4,,,,,,,,,"OpenStreetMap (open data, ODbL)",https://www.openstreetmap.org/way/8074021,OSM:way/8074021,8074021,,"{""type"":""LineString"",""coordinates"":[[150.9132795,-33.9383474],[150.9133714,-33.938186],[150.9134835,-33.9379891]]}"
,,OSM-8074046,Camden Valley Way Offramp,Road Bridge,,,NSW,Sydney Metropolitan,,-33.953662,150.878339,,Local Council (inferred),,Beam Bridge,,,,,,,,7,,1,,,,,,,,,,,"OPEN DATA (OpenStreetMap, ODbL). DQ: INCOMPLETE - geometry & identity captured; owner/region/importance INFERRED (verify). Missing: condition, conditionRating, lastInspectionDate, lga, yearBuilt, postingStatus. No engineering/inspection data from open source.",Active,,,,,,4,,,,,,,,,"OpenStreetMap (open data, ODbL)",https://www.openstreetmap.org/way/8074046,OSM:way/8074046,8074046,,"{""type"":""LineString"",""coordinates"":[[150.8783236,-33.9536308],[150.8783552,-33.9536928]]}"
,,A32,Great Western Highway,Road Bridge,,A32,NSW,Sydney Metropolitan,,-33.721156,150.59745,,Transport for NSW (inferred),,Beam Bridge,,,,,,,,59,7,2,,,,,,,,,,,"OPEN DATA (OpenStreetMap, ODbL). DQ: INCOMPLETE - geometry & identity captured; owner/region/importance INFERRED (verify). Missing: condition, conditionRating, lastInspectionDate, lga, yearBuilt, postingStatus. No engineering/inspection data from open source.",Active,,,,,,4,,,,,,,,,"OpenStreetMap (open data, ODbL)",https://www.openstreetmap.org/way/8074742,OSM:way/8074742,8074742,,"{""type"":""LineString"",""coordinates"":[[150.5971128,-33.7211444],[150.5972695,-33.7211437],[150.597396,-33.7211489],[150.597522,-33.7211571],[150.597652,-33.7211664],[150.5977475,-33.7211777]]}"
,,A32,Great Western Highway,Road Bridge,,A32,NSW,Regional NSW,,-33.713964,150.513758,,Transport for NSW (inferred),,Beam Bridge,,,,,,,,32,,2,,,,,,,,,,,"OPEN DATA (OpenStreetMap, ODbL). DQ: INCOMPLETE - geometry & identity captured; owner/region/importance INFERRED (verify). Missing: condition, conditionRating, lastInspectionDate, lga, yearBuilt, postingStatus. No engineering/inspection data from open source.",Active,,,,,,4,,,,,,,,,"OpenStreetMap (open data, ODbL)",https://www.openstreetmap.org/way/8074744,OSM:way/8074744,8074744,,"{""type"":""LineString"",""coordinates"":[[150.5136337,-33.7140624],[150.5138815,-33.7138646]]}"
,,A32,Great Western Highway,Road Bridge,,A32,NSW,Sydney Metropolitan,,-33.751819,150.611381,,Transport for NSW (inferred),,Beam Bridge,,,,,,,,58,7,2,,,,,,,,,,,"OPEN DATA (OpenStreetMap, ODbL). DQ: INCOMPLETE - geometry & identity captured; owner/region/importance INFERRED (verify). Missing: condition, conditionRating, lastInspectionDate, lga, yearBuilt, postingStatus. No engineering/inspection data from open source.",Active,,,,,,4,,,,,,,,,"OpenStreetMap (open data, ODbL)",https://www.openstreetmap.org/way/8074943,OSM:way/8074943,8074943,,"{""type"":""LineString"",""coordinates"":[[150.6113363,-33.7520817],[150.6113796,-33.7518097],[150.6114275,-33.7515669]]}"
,,A32,Great Western Highway,Road Bridge,,A32,NSW,Sydney Metropolitan,,-33.751662,150.611535,,Transport for NSW (inferred),,Beam Bridge,,,,,,,,52,7,2,,,,,,,,,,,"OPEN DATA (OpenStreetMap, ODbL). DQ: INCOMPLETE - geometry & identity captured; owner/region/importance INFERRED (verify). Missing: condition, conditionRating, lastInspectionDate, lga, yearBuilt, postingStatus. No engineering/inspection data from open source.",Active,,,,,,4,,,,,,,,,"OpenStreetMap (open data, ODbL)",https://www.openstreetmap.org/way/8074945,OSM:way/8074945,8074945,,"{""type"":""LineString"",""coordinates"":[[150.6115841,-33.7514344],[150.6115337,-33.7516548],[150.6114882,-33.7518953]]}"
,,OSM-8080765,Settlers Road,Road Bridge,,,NSW,Regional NSW,,-33.375481,150.985721,,Local Council (inferred),,Beam Bridge,,,,,,,,13,,,,,,,,,,,,,"OPEN DATA (OpenStreetMap, ODbL). DQ: INCOMPLETE - geometry & identity captured; owner/region/importance INFERRED (verify). Missing: condition, conditionRating, lastInspectionDate, lga, yearBuilt, postingStatus. No engineering/inspection data from open source.",Active,,,,,,1,,,,,,,,,"OpenStreetMap (open data, ODbL)",https://www.openstreetmap.org/way/8080765,OSM:way/8080765,8080765,,"{""type"":""LineString"",""coordinates"":[[150.9857698,-33.3755222],[150.9856718,-33.3754395]]}"
,,OSM-8081384,Green Parade,Road Bridge,,,NSW,Sydney Metropolitan,,-33.705592,150.584578,,Local Council (inferred),,Beam Bridge,,,,,,,,35,,,,,,,,,,,,,"OPEN DATA (OpenStreetMap, ODbL). DQ: INCOMPLETE - geometry & identity captured; owner/region/importance INFERRED (verify). Missing: condition, conditionRating, lastInspectionDate, lga, yearBuilt, postingStatus. No engineering/inspection data from open source.",Active,,,,,,1,,,,,,,,,"OpenStreetMap (open data, ODbL)",https://www.openstreetmap.org/way/8081384,OSM:way/8081384,8081384,,"{""type"":""LineString"",""coordinates"":[[150.584635,-33.705444],[150.584521,-33.7057408]]}"
,,OSM-8083433,Upper MacDonald Road,Road Bridge,,,NSW,Regional NSW,,-33.291423,150.96886,,Local Council (inferred),,Beam Bridge,,,,,,,,24,,1,,,,,,,,,,,"OPEN DATA (OpenStreetMap, ODbL). DQ: INCOMPLETE - geometry & identity captured; owner/region/importance INFERRED (verify). Missing: condition, conditionRating, lastInspectionDate, lga, yearBuilt, postingStatus. No engineering/inspection data from open source.",Active,,,,,,1,,,,,,,,,"OpenStreetMap (open data, ODbL)",https://www.openstreetmap.org/way/8083433,OSM:way/8083433,8083433,,"{""type"":""LineString"",""coordinates"":[[150.9688788,-33.2915311],[150.9688415,-33.2913155]]}"
,,OSM-8083478,Settlers Road,Road Bridge,,,NSW,Regional NSW,,-33.298796,150.983055,,Local Council (inferred),,Beam Bridge,,,,,,,,20,,1,,,,,,,,,,,"OPEN DATA (OpenStreetMap, ODbL). DQ: INCOMPLETE - geometry & identity captured; owner/region/importance INFERRED (verify). Missing: condition, conditionRating, lastInspectionDate, lga, yearBuilt, postingStatus. No engineering/inspection data from open source.",Active,,,,,,1,,,,,,,,,"OpenStreetMap (open data, ODbL)",https://www.openstreetmap.org/way/8083478,OSM:way/8083478,8083478,,"{""type"":""LineString"",""coordinates"":[[150.9831143,-33.2988692],[150.9829959,-33.2987223]]}"
,,OSM-8102922,Hawksview Street,Road Bridge,,,NSW,Sydney Metropolitan,,-33.847612,150.989166,,Local Council (inferred),,Beam Bridge,,,,,,,,71,,,,,,Restricted,,,,,,,"OPEN DATA (OpenStreetMap, ODbL). DQ: PARTIAL - geometry & identity captured; owner/region/importance INFERRED (verify). Missing: condition, conditionRating, lastInspectionDate, lga, yearBuilt. No engineering/inspection data from open source. HV: load limit 5t (posted, open data; NHVR gazettal/route approval NOT verified).",Active,,,,5,,2,,,,,,,,,"OpenStreetMap (open data, ODbL)",https://www.openstreetmap.org/way/8102922,OSM:way/8102922,8102922,,"{""type"":""LineString"",""coordinates"":[[150.9887916,-33.8475421],[150.98954,-33.8476826]]}"
,,OSM-8119694,Gow Street,Road Bridge,,,NSW,Sydney Metropolitan,,-33.934743,151.039054,,Local Council (inferred),,Beam Bridge,,,,,,,,31,,,,,,,,,,,,,"OPEN DATA (OpenStreetMap, ODbL). DQ: INCOMPLETE - geometry & identity captured; owner/region/importance INFERRED (verify). Missing: condition, conditionRating, lastInspectionDate, lga, yearBuilt, postingStatus. No engineering/inspection data from open source.",Active,,,,,,1,,,,,,,,,"OpenStreetMap (open data, ODbL)",https://www.openstreetmap.org/way/8119694,OSM:way/8119694,8119694,,"{""type"":""LineString"",""coordinates"":[[151.038979,-33.9348654],[151.0391297,-33.93462]]}"
,,M1,Pacific Motorway,Road Bridge,,M1,NSW,Northern Rivers,,-28.186115,153.524908,,Transport for NSW (inferred),,Beam Bridge,,,,,,,,28,,2,,,,,,,,,,,"OPEN DATA (OpenStreetMap, ODbL). DQ: INCOMPLETE - geometry & identity captured; owner/region/importance INFERRED (verify). Missing: condition, conditionRating, lastInspectionDate, lga, yearBuilt, postingStatus. No engineering/inspection data from open source.",Active,,,,,,4,,,,,,,,,"OpenStreetMap (open data, ODbL)",https://www.openstreetmap.org/way/8132604,OSM:way/8132604,8132604,,"{""type"":""LineString"",""coordinates"":[[153.5248554,-28.1859981],[153.5249601,-28.1862319]]}"
,,OSM-8157782,Ku-Ring-Gai Chase Road,Road Bridge,,,NSW,Sydney Metropolitan,,-33.67879,151.12019,,Local Council (inferred),,Beam Bridge,,,,,,,,51,,,,,,,,,,,,,"OPEN DATA (OpenStreetMap, ODbL). DQ: INCOMPLETE - geometry & identity captured; owner/region/importance INFERRED (verify). Missing: condition, conditionRating, lastInspectionDate, lga, yearBuilt, postingStatus. No engineering/inspection data from open source.",Active,,,,,,2,,,,,,,,,"OpenStreetMap (open data, ODbL)",https://www.openstreetmap.org/way/8157782,OSM:way/8157782,8157782,,"{""type"":""LineString"",""coordinates"":[[151.1204636,-33.6788129],[151.1199164,-33.6787677]]}"
,,10,Ocean Drive,Road Bridge,,10,NSW,Mid North Coast,,-31.641639,152.805876,,Transport for NSW (inferred),,Beam Bridge,,,,,,,,179,,,,,,Restricted,,,,,,,"OPEN DATA (OpenStreetMap, ODbL). DQ: PARTIAL - geometry & identity captured; owner/region/importance INFERRED (verify). Missing: condition, conditionRating, lastInspectionDate, lga, yearBuilt. No engineering/inspection data from open source. HV: load limit 18t (posted, open data; NHVR gazettal/route approval NOT verified).",Active,,,,18,,2,,,,,,,,,"OpenStreetMap (open data, ODbL)",https://www.openstreetmap.org/way/8293725,OSM:way/8293725,8293725,,"{""type"":""LineString"",""coordinates"":[[152.8067721,-31.641609],[152.8066283,-31.6415875],[152.806507,-31.6415745],[152.8063568,-31.6415634],[152.8062025,-31.6415625],[152.8060657,-31.6415644],[152.8059035,-31.641575],[152.8057285,-31.6415987],[152.8055611,-31.6416329],[152.8053842,-31.6416797],[152.8052216,-31.6417328],[152.8051067,-31.641777],[152.8049486,-31.6418538]]}"
,,OSM-8391309,Mariners Drive East,Road Bridge,,,NSW,Northern Rivers,,-28.182866,153.54253,,Local Council (inferred),,Beam Bridge,,,,,,,,55,,,,,,,,,,,,,"OPEN DATA (OpenStreetMap, ODbL). DQ: INCOMPLETE - geometry & identity captured; owner/region/importance INFERRED (verify). Missing: condition, conditionRating, lastInspectionDate, lga, yearBuilt, postingStatus. No engineering/inspection data from open source.",Active,,,,,,1,,,,,,,,,"OpenStreetMap (open data, ODbL)",https://www.openstreetmap.org/way/8391309,OSM:way/8391309,8391309,,"{""type"":""LineString"",""coordinates"":[[153.5423188,-28.1830258],[153.5427411,-28.1827064]]}"
,,OSM-8391369,Kennedy Drive,Road Bridge,,,NSW,Northern Rivers,,-28.18692,153.530042,,Local Council (inferred),,Beam Bridge,,,,,,,,34,,2,,,,,,,,,,,"OPEN DATA (OpenStreetMap, ODbL). DQ: INCOMPLETE - geometry & identity captured; owner/region/importance INFERRED (verify). Missing: condition, conditionRating, lastInspectionDate, lga, yearBuilt, postingStatus. No engineering/inspection data from open source.",Active,,,,,,1,,,,,,,,,"OpenStreetMap (open data, ODbL)",https://www.openstreetmap.org/way/8391369,OSM:way/8391369,8391369,,"{""type"":""LineString"",""coordinates"":[[153.5298753,-28.1869573],[153.5302082,-28.1868821]]}"
,,OSM-8496676,Lyton Street,Road Bridge,,,NSW,Sydney Metropolitan,,-33.76596,150.892914,,Local Council (inferred),,Beam Bridge,,,,,,,,33,,3,,,,,,,,,,,"OPEN DATA (OpenStreetMap, ODbL). DQ: INCOMPLETE - geometry & identity captured; owner/region/importance INFERRED (verify). Missing: condition, conditionRating, lastInspectionDate, lga, yearBuilt, postingStatus. No engineering/inspection data from open source.",Active,,,,,,2,,,,,,,,,"OpenStreetMap (open data, ODbL)",https://www.openstreetmap.org/way/8496676,OSM:way/8496676,8496676,,"{""type"":""LineString"",""coordinates"":[[150.8928786,-33.7661049],[150.8929504,-33.7658155]]}"
,,OSM-8599260,Hammers Road,Road Bridge,,,NSW,Sydney Metropolitan,,-33.789995,150.987761,,Local Council (inferred),,Beam Bridge,,,,,,,,73,,,,,,,,,,,,,"OPEN DATA (OpenStreetMap, ODbL). DQ: INCOMPLETE - geometry & identity captured; owner/region/importance INFERRED (verify). Missing: condition, conditionRating, lastInspectionDate, lga, yearBuilt, postingStatus. No engineering/inspection data from open source.",Active,,,,,,1,,,,,,,,,"OpenStreetMap (open data, ODbL)",https://www.openstreetmap.org/way/8599260,OSM:way/8599260,8599260,,"{""type"":""LineString"",""coordinates"":[[150.9873757,-33.7899255],[150.9881469,-33.7900653]]}"
,,A1,Pacific Highway,Road Bridge,,A1,NSW,Hunter,,-32.823424,151.685714,,Transport for NSW (inferred),,Movable Bridge,1952,,,5.2,,,,41,,2,,,,Restricted,,,,,,,"OPEN DATA (OpenStreetMap, ODbL). DQ: PARTIAL - geometry & identity captured; owner/region/importance INFERRED (verify). Missing: condition, conditionRating, lastInspectionDate, lga. No engineering/inspection data from open source. HV: clearance 5.2m (posted, open data; NHVR gazettal/route approval NOT verified).",Active,,,,,,4,,,,,,,,,"OpenStreetMap (open data, ODbL)",https://www.openstreetmap.org/way/8655657,OSM:way/8655657,8655657,,"{""type"":""LineString"",""coordinates"":[[151.6858411,-32.8232719],[151.6855877,-32.8235751]]}"
,,A43,Doyalson Link Road Offramp,Road Bridge,,A43,NSW,Central Coast,,-33.215504,151.448021,,Transport for NSW (inferred),,Beam Bridge,2013,,,,,,,95,,2,,,,,,,,,,,"OPEN DATA (OpenStreetMap, ODbL). DQ: PARTIAL - geometry & identity captured; owner/region/importance INFERRED (verify). Missing: condition, conditionRating, lastInspectionDate, lga, postingStatus. No engineering/inspection data from open source.",Active,,,,,,4,,,,,,,,,"OpenStreetMap (open data, ODbL)",https://www.openstreetmap.org/way/8655705,OSM:way/8655705,8655705,,"{""type"":""LineString"",""coordinates"":[[151.447508,-33.2154292],[151.448041,-33.2154976],[151.4485145,-33.2155863]]}"
,,A43,Pacific Highway,Road Bridge,,A43,NSW,Central Coast,,-33.109175,151.625126,,Transport for NSW (inferred),,Beam Bridge,2013,,,,,,,44,,2,,,,,,,,,,,"OPEN DATA (OpenStreetMap, ODbL). DQ: PARTIAL - geometry & identity captured; owner/region/importance INFERRED (verify). Missing: condition, conditionRating, lastInspectionDate, lga, postingStatus. No engineering/inspection data from open source.",Active,,,,,,4,,,,,,,,,"OpenStreetMap (open data, ODbL)",https://www.openstreetmap.org/way/8704163,OSM:way/8704163,8704163,,"{""type"":""LineString"",""coordinates"":[[151.6251387,-33.1089879],[151.6251267,-33.1091556],[151.6251115,-33.1093813]]}"
,,A43,Pacific Highway,Road Bridge,,A43,NSW,Central Coast,,-33.08548,151.640256,,Transport for NSW (inferred),,Movable Bridge,2013,,,,,,,112,,2,,,,,,,,,,,"OPEN DATA (OpenStreetMap, ODbL). DQ: PARTIAL - geometry & identity captured; owner/region/importance INFERRED (verify). Missing: condition, conditionRating, lastInspectionDate, lga, postingStatus. No engineering/inspection data from open source.",Active,,,,,,4,,,,,,,,,"OpenStreetMap (open data, ODbL)",https://www.openstreetmap.org/way/8727713,OSM:way/8727713,8727713,,"{""type"":""LineString"",""coordinates"":[[151.6405792,-33.0850555],[151.6399321,-33.0859036]]}"
,,12,Camden Valley Way,Road Bridge,,12,NSW,Sydney Metropolitan,,-33.958546,150.825453,,Transport for NSW (inferred),,Beam Bridge,,,,,,,,26,,2,,,,,,,,,,,"OPEN DATA (OpenStreetMap, ODbL). DQ: INCOMPLETE - geometry & identity captured; owner/region/importance INFERRED (verify). Missing: condition, conditionRating, lastInspectionDate, lga, yearBuilt, postingStatus. No engineering/inspection data from open source.",Active,,,,,,3,,,,,,,,,"OpenStreetMap (open data, ODbL)",https://www.openstreetmap.org/way/8769923,OSM:way/8769923,8769923,,"{""type"":""LineString"",""coordinates"":[[150.825339,-33.9586155],[150.8255676,-33.9584758]]}"
,,OSM-8993274,The Horsley Drive,Road Bridge,,,NSW,Sydney Metropolitan,,-33.873631,150.964799,,Local Council (inferred),,Beam Bridge,,,,,,,,38,,,,,,,,,,,,,"OPEN DATA (OpenStreetMap, ODbL). DQ: INCOMPLETE - geometry & identity captured; owner/region/importance INFERRED (verify). Missing: condition, conditionRating, lastInspectionDate, lga, yearBuilt, postingStatus. No engineering/inspection data from open source.",Active,,,,,,3,,,,,,,,,"OpenStreetMap (open data, ODbL)",https://www.openstreetmap.org/way/8993274,OSM:way/8993274,8993274,,"{""type"":""LineString"",""coordinates"":[[150.9648373,-33.8737975],[150.9647615,-33.8734653]]}"
,,OSM-9102300,Bombala Line,Rail Bridge,,,NSW,South East & Tablelands,,-35.071191,149.650503,,Transport Asset Holding Entity (inferred),,Beam Bridge,,,,,,,,13,,,,,,,,,,,,,"OPEN DATA (OpenStreetMap, ODbL). DQ: INCOMPLETE - geometry & identity captured; owner/region/importance INFERRED (verify). Missing: condition, conditionRating, lastInspectionDate, lga, yearBuilt, postingStatus. No engineering/inspection data from open source.",Active,,,,,,4,,,,,,,,,"OpenStreetMap (open data, ODbL)",https://www.openstreetmap.org/way/9102300,OSM:way/9102300,9102300,,"{""type"":""LineString"",""coordinates"":[[149.65054,-35.0711396],[149.6504664,-35.0712432]]}"
,,A40,Victoria Road,Road Bridge,,A40,NSW,Sydney Metropolitan,,-33.85994,151.1634,,Transport for NSW (inferred),,Beam Bridge,,,,,,,,494,,4,,,,,,,,,,,"OPEN DATA (OpenStreetMap, ODbL). DQ: INCOMPLETE - geometry & identity captured; owner/region/importance INFERRED (verify). Missing: condition, conditionRating, lastInspectionDate, lga, yearBuilt, postingStatus. No engineering/inspection data from open source.",Active,,,,,,4,,,,,,,,,"OpenStreetMap (open data, ODbL)",https://www.openstreetmap.org/way/9283459,OSM:way/9283459,9283459,,"{""type"":""LineString"",""coordinates"":[[151.1606157,-33.8573874],[151.163943,-33.8604555],[151.1640771,-33.8605676],[151.1641489,-33.860621],[151.1642158,-33.860666]]}"
,,OSM-9283690,Lily Street,Road Bridge,,,NSW,Sydney Metropolitan,,-33.969829,151.115648,,Local Council (inferred),,Beam Bridge,,,,6.6,,,,38,,,,,,Restricted,,,,,,,"OPEN DATA (OpenStreetMap, ODbL). DQ: PARTIAL - geometry & identity captured; owner/region/importance INFERRED (verify). Missing: condition, conditionRating, lastInspectionDate, lga, yearBuilt. No engineering/inspection data from open source. HV: clearance 6.6m (posted, open data; NHVR gazettal/route approval NOT verified).",Active,,,,,,2,,,,,,,,,"OpenStreetMap (open data, ODbL)",https://www.openstreetmap.org/way/9283690,OSM:way/9283690,9283690,,"{""type"":""LineString"",""coordinates"":[[151.1157536,-33.9699757],[151.1155433,-33.969682]]}"
,,A40,Victoria Road,Road Bridge,,A40,NSW,Sydney Metropolitan,,-33.842364,151.147977,,Transport for NSW (inferred),,Beam Bridge,,,,,,,,487,,3,,,,,,,,,,,"OPEN DATA (OpenStreetMap, ODbL). DQ: INCOMPLETE - geometry & identity captured; owner/region/importance INFERRED (verify). Missing: condition, conditionRating, lastInspectionDate, lga, yearBuilt, postingStatus. No engineering/inspection data from open source.",Active,,,,,,4,,,,,,,,,"OpenStreetMap (open data, ODbL)",https://www.openstreetmap.org/way/9283781,OSM:way/9283781,9283781,,"{""type"":""LineString"",""coordinates"":[[151.1497501,-33.8442592],[151.1489283,-33.8434077],[151.1467088,-33.8409917],[151.1465191,-33.8407964]]}"
,,OSM-9462008,Argyle Street (Cowpasture Bridge),Road Bridge,,,NSW,Sydney Metropolitan,,-34.054367,150.70498,,Local Council (inferred),,Beam Bridge,,,,,,,,115,,2,,,,Restricted,,,,,,,"OPEN DATA (OpenStreetMap, ODbL). DQ: PARTIAL - geometry & identity captured; owner/region/importance INFERRED (verify). Missing: condition, conditionRating, lastInspectionDate, lga, yearBuilt. No engineering/inspection data from open source. HV: load limit 44t (posted, open data; NHVR gazettal/route approval NOT verified).",Active,,,,44,,2,,,,,,,,,"OpenStreetMap (open data, ODbL)",https://www.openstreetmap.org/way/9462008,OSM:way/9462008,9462008,,"{""type"":""LineString"",""coordinates"":[[150.7043728,-34.0542507],[150.7055868,-34.0544837]]}"
,,OSM-9462923,Fowlers Road,Road Bridge,,,NSW,Illawarra & Shoalhaven,,-34.499189,150.796597,,Local Council (inferred),,Beam Bridge,,,,,,,,72,,,,,,,,,,,,,"OPEN DATA (OpenStreetMap, ODbL). DQ: INCOMPLETE - geometry & identity captured; owner/region/importance INFERRED (verify). Missing: condition, conditionRating, lastInspectionDate, lga, yearBuilt, postingStatus. No engineering/inspection data from open source.",Active,,,,,,2,,,,,,,,,"OpenStreetMap (open data, ODbL)",https://www.openstreetmap.org/way/9462923,OSM:way/9462923,9462923,,"{""type"":""LineString"",""coordinates"":[[150.7962119,-34.4991261],[150.7969825,-34.499252]]}"
,,OSM-9744290,Evan Street,Road Bridge,,,NSW,Sydney Metropolitan,,-33.752282,150.703287,,Local Council (inferred),,Beam Bridge,,,,,,,,35,,,,,,,,,,,,,"OPEN DATA (OpenStreetMap, ODbL). DQ: INCOMPLETE - geometry & identity captured; owner/region/importance INFERRED (verify). Missing: condition, conditionRating, lastInspectionDate, lga, yearBuilt, postingStatus. No engineering/inspection data from open source.",Active,,,,,,1,,,,,,,,,"OpenStreetMap (open data, ODbL)",https://www.openstreetmap.org/way/9744290,OSM:way/9744290,9744290,,"{""type"":""LineString"",""coordinates"":[[150.7032053,-33.7524225],[150.703368,-33.7521415]]}"
,,OSM-9783930,Munro Street,Road Bridge,,,NSW,Sydney Metropolitan,,-33.844461,151.201307,,Local Council (inferred),,Beam Bridge,,,,,,,,16,,,,,,,,,,,,,"OPEN DATA (OpenStreetMap, ODbL). DQ: INCOMPLETE - geometry & identity captured; owner/region/importance INFERRED (verify). Missing: condition, conditionRating, lastInspectionDate, lga, yearBuilt, postingStatus. No engineering/inspection data from open source.",Active,,,,,,1,,,,,,,,,"OpenStreetMap (open data, ODbL)",https://www.openstreetmap.org/way/9783930,OSM:way/9783930,9783930,,"{""type"":""LineString"",""coordinates"":[[151.2012273,-33.8444935],[151.2013869,-33.8444288]]}"
,,OSM-9790104,Shirley Road,Road Bridge,,,NSW,Sydney Metropolitan,,-33.832614,151.192075,,Local Council (inferred),,Beam Bridge,,,,,,,,33,,2,,,,,,,,,,,"OPEN DATA (OpenStreetMap, ODbL). DQ: INCOMPLETE - geometry & identity captured; owner/region/importance INFERRED (verify). Missing: condition, conditionRating, lastInspectionDate, lga, yearBuilt, postingStatus. No engineering/inspection data from open source.",Active,,,,,,1,,,,,,,,,"OpenStreetMap (open data, ODbL)",https://www.openstreetmap.org/way/9790104,OSM:way/9790104,9790104,,"{""type"":""LineString"",""coordinates"":[[151.1921822,-33.8325554],[151.1921617,-33.8325678],[151.1918801,-33.8327185]]}"
,,OSM-9867126,Woodlands Road,Road Bridge,,,NSW,Sydney Metropolitan,,-34.012636,151.125434,,Local Council (inferred),,Beam Bridge,,,,,,,,76,,,,,,,,,,,,,"OPEN DATA (OpenStreetMap, ODbL). DQ: INCOMPLETE - geometry & identity captured; owner/region/importance INFERRED (verify). Missing: condition, conditionRating, lastInspectionDate, lga, yearBuilt, postingStatus. No engineering/inspection data from open source.",Active,,,,,,1,,,,,,,,,"OpenStreetMap (open data, ODbL)",https://www.openstreetmap.org/way/9867126,OSM:way/9867126,9867126,,"{""type"":""LineString"",""coordinates"":[[151.125797,-34.0128002],[151.1250708,-34.0124721]]}"
,,OSM-9869966,Henry Lawson Drive,Road Bridge,,,NSW,Sydney Metropolitan,,-33.97187,151.023689,,Local Council (inferred),,Beam Bridge,,,,,,,,52,,2,,,,,,,,,,,"OPEN DATA (OpenStreetMap, ODbL). DQ: INCOMPLETE - geometry & identity captured; owner/region/importance INFERRED (verify). Missing: condition, conditionRating, lastInspectionDate, lga, yearBuilt, postingStatus. No engineering/inspection data from open source.",Active,,,,,,2,,,,,,,,,"OpenStreetMap (open data, ODbL)",https://www.openstreetmap.org/way/9869966,OSM:way/9869966,9869966,,"{""type"":""LineString"",""coordinates"":[[151.023901,-33.9717175],[151.0234764,-33.9720223]]}"
,,OSM-9922242,Muru Nanga Mai Dreaming Track,Pedestrian Bridge,,,NSW,Sydney Metropolitan,,-33.843902,151.078245,,Local Council (inferred),,Boardwalk,,,,,,,,278,,,,,,,,,,,,,"OPEN DATA (OpenStreetMap, ODbL). DQ: INCOMPLETE - geometry & identity captured; owner/region/importance INFERRED (verify). Missing: condition, conditionRating, lastInspectionDate, lga, yearBuilt, postingStatus. No engineering/inspection data from open source.",Active,,,,,,1,,,,,,,,,"OpenStreetMap (open data, ODbL)",https://www.openstreetmap.org/way/9922242,OSM:way/9922242,9922242,,"{""type"":""LineString"",""coordinates"":[[151.0775537,-33.8443873],[151.0775495,-33.844276],[151.0775904,-33.8442749],[151.0775857,-33.8441481],[151.0776648,-33.8441461],[151.0776622,-33.8440755],[151.0776942,-33.8440747],[151.0776914,-33.8439982],[151.0776899,-33.8439595],[151.0778151,-33.8439563],[151.0778127,-33.8438916],[151.0779296,-33.8438886],[151.0779284,-33.843858],[151.0780835,-33.843854],[151.0780823,-33.8438225],[151.0782506,-33.8438182],[151.0783254,-33.8438162],[151.0784748,-33.8438124],[151.0784736,-33.8437804],[151.0789168,-33.8437691],[151.0789143,-33.8437009],[151.079144,-33.843695],[151.0791405,-33.8436018],[151.0794034,-33.843595],[151.0794046,-33.8436261],[151.079599,-33.8436211]]}"
,,OSM-9930031,Naylor Street,Road Bridge,,,NSW,Central West & Orana,,-33.611593,149.139356,,Local Council (inferred),,Beam Bridge,,,,,,,,34,,,,,,,,,,,,,"OPEN DATA (OpenStreetMap, ODbL). DQ: INCOMPLETE - geometry & identity captured; owner/region/importance INFERRED (verify). Missing: condition, conditionRating, lastInspectionDate, lga, yearBuilt, postingStatus. No engineering/inspection data from open source.",Active,,,,,,1,,,,,,,,,"OpenStreetMap (open data, ODbL)",https://www.openstreetmap.org/way/9930031,OSM:way/9930031,9930031,,"{""type"":""LineString"",""coordinates"":[[149.1392433,-33.6117109],[149.1394686,-33.6114741]]}"
,,OSM-9930559,Brooks Road,Road Bridge,,,NSW,Sydney Metropolitan,,-33.989265,150.853151,,Local Council (inferred),,Beam Bridge,,,,,,,,84,,1,,,,,,,,,,,"OPEN DATA (OpenStreetMap, ODbL). DQ: INCOMPLETE - geometry & identity captured; owner/region/importance INFERRED (verify). Missing: condition, conditionRating, lastInspectionDate, lga, yearBuilt, postingStatus. No engineering/inspection data from open source.",Active,,,,,,2,,,,,,,,,"OpenStreetMap (open data, ODbL)",https://www.openstreetmap.org/way/9930559,OSM:way/9930559,9930559,,"{""type"":""LineString"",""coordinates"":[[150.8536003,-33.9893189],[150.8531577,-33.9892641],[150.8526943,-33.9892117]]}"
,,OSM-9930581,Campbelltown Road,Road Bridge,,,NSW,Sydney Metropolitan,,-34.002989,150.839063,,Local Council (inferred),,Beam Bridge,,,,,,,,88,,,,,,,,,,,,,"OPEN DATA (OpenStreetMap, ODbL). DQ: INCOMPLETE - geometry & identity captured; owner/region/importance INFERRED (verify). Missing: condition, conditionRating, lastInspectionDate, lga, yearBuilt, postingStatus. No engineering/inspection data from open source.",Active,,,,,,3,,,,,,,,,"OpenStreetMap (open data, ODbL)",https://www.openstreetmap.org/way/9930581,OSM:way/9930581,9930581,,"{""type"":""LineString"",""coordinates"":[[150.8388493,-34.0033434],[150.8392761,-34.0026353]]}"
,,OSM-10042182,Wentworth Avenue,Road Bridge,,,NSW,Sydney Metropolitan,,-33.785985,150.95096,,Local Council (inferred),,Beam Bridge,,,,,,,,70,,2,,,,Restricted,,,,,,,"OPEN DATA (OpenStreetMap, ODbL). DQ: PARTIAL - geometry & identity captured; owner/region/importance INFERRED (verify). Missing: condition, conditionRating, lastInspectionDate, lga, yearBuilt. No engineering/inspection data from open source. HV: load limit 5t (posted, open data; NHVR gazettal/route approval NOT verified).",Active,,,,5,,2,,,,,,,,,"OpenStreetMap (open data, ODbL)",https://www.openstreetmap.org/way/10042182,OSM:way/10042182,10042182,,"{""type"":""LineString"",""coordinates"":[[150.9512725,-33.785804],[150.9506466,-33.7861651]]}"
,,OSM-10249929,Taralga Road,Road Bridge,,,NSW,Regional NSW,,-34.193835,149.737573,,Local Council (inferred),,Beam Bridge,,,,,,,,46,,2,,,,,,,,,,,"OPEN DATA (OpenStreetMap, ODbL). DQ: INCOMPLETE - geometry & identity captured; owner/region/importance INFERRED (verify). Missing: condition, conditionRating, lastInspectionDate, lga, yearBuilt, postingStatus. No engineering/inspection data from open source.",Active,,,,,,2,,,,,,,,,"OpenStreetMap (open data, ODbL)",https://www.openstreetmap.org/way/10249929,OSM:way/10249929,10249929,,"{""type"":""LineString"",""coordinates"":[[149.7377032,-34.1936602],[149.7374433,-34.1940105]]}"
,,OSM-10258546,Denison Bridge,Shared Path Bridge,,,NSW,Central West & Orana,,-33.41703,149.592055,,Local Council (inferred),,Beam Bridge,,,,,,,,120,6.6,,,,,,,,,,,,"OPEN DATA (OpenStreetMap, ODbL). DQ: INCOMPLETE - geometry & identity captured; owner/region/importance INFERRED (verify). Missing: condition, conditionRating, lastInspectionDate, lga, yearBuilt, postingStatus. No engineering/inspection data from open source.",Active,,,,,,1,,,,,,,,,"OpenStreetMap (open data, ODbL)",https://www.openstreetmap.org/way/10258546,OSM:way/10258546,10258546,,"{""type"":""LineString"",""coordinates"":[[149.5915501,-33.4173696],[149.5925603,-33.4166899]]}"
,,A20,Sturt Highway,Road Bridge,,A20,NSW,Far West,,-34.182059,142.174101,,Transport for NSW (inferred),,Beam Bridge,1985,,,,,,,409,,2,,,,,,,,,,,"OPEN DATA (OpenStreetMap, ODbL). DQ: PARTIAL - geometry & identity captured; owner/region/importance INFERRED (verify). Missing: condition, conditionRating, lastInspectionDate, lga, postingStatus. No engineering/inspection data from open source.",Active,,,,,,4,,,,,,,,,"OpenStreetMap (open data, ODbL)",https://www.openstreetmap.org/way/10670284,OSM:way/10670284,10670284,,"{""type"":""LineString"",""coordinates"":[[142.1730699,-34.1838467],[142.1742546,-34.1818005],[142.1749799,-34.1805294]]}"
,,OSM-10828091,Lambs Road,Road Bridge,,,NSW,Sydney Metropolitan,,-33.815137,151.193189,,Local Council (inferred),,Beam Bridge,,,,,,,,27,,,,,,Restricted,,,,,,,"OPEN DATA (OpenStreetMap, ODbL). DQ: PARTIAL - geometry & identity captured; owner/region/importance INFERRED (verify). Missing: condition, conditionRating, lastInspectionDate, lga, yearBuilt. No engineering/inspection data from open source. HV: load limit 3t (posted, open data; NHVR gazettal/route approval NOT verified).",Active,,,,3,,1,,,,,,,,,"OpenStreetMap (open data, ODbL)",https://www.openstreetmap.org/way/10828091,OSM:way/10828091,10828091,,"{""type"":""LineString"",""coordinates"":[[151.193043,-33.8151149],[151.1933352,-33.8151601]]}"
,,OSM-10847058,Merrenburn Avenue,Road Bridge,,,NSW,Sydney Metropolitan,,-33.818982,151.202921,,Local Council (inferred),,Beam Bridge,,,,,,,,90,,,,,,,,,,,,,"OPEN DATA (OpenStreetMap, ODbL). DQ: INCOMPLETE - geometry & identity captured; owner/region/importance INFERRED (verify). Missing: condition, conditionRating, lastInspectionDate, lga, yearBuilt, postingStatus. No engineering/inspection data from open source.",Active,,,,,,1,,,,,,,,,"OpenStreetMap (open data, ODbL)",https://www.openstreetmap.org/way/10847058,OSM:way/10847058,10847058,,"{""type"":""LineString"",""coordinates"":[[151.2023572,-33.8188928],[151.2030948,-33.8190111],[151.203312,-33.8190424]]}"
,,OSM-10847644,Strathallen Avenue,Road Bridge,,,NSW,Sydney Metropolitan,,-33.816983,151.212343,,Local Council (inferred),,Beam Bridge,1939,,,,,,,197,,2,,,,,,,,,,,"OPEN DATA (OpenStreetMap, ODbL). DQ: PARTIAL - geometry & identity captured; owner/region/importance INFERRED (verify). Missing: condition, conditionRating, lastInspectionDate, lga, postingStatus. No engineering/inspection data from open source.",Active,,,,,,3,,,,,,,,,"OpenStreetMap (open data, ODbL)",https://www.openstreetmap.org/way/10847644,OSM:way/10847644,10847644,,"{""type"":""LineString"",""coordinates"":[[151.2121136,-33.8161189],[151.2125726,-33.8178462]]}"
,,OSM-10852385,Runnyford Road,Road Bridge,,,NSW,South East & Tablelands,,-35.704072,150.106148,,Local Council (inferred),,Beam Bridge,,,,,,,,136,,,,,,,,,,,,,"OPEN DATA (OpenStreetMap, ODbL). DQ: INCOMPLETE - geometry & identity captured; owner/region/importance INFERRED (verify). Missing: condition, conditionRating, lastInspectionDate, lga, yearBuilt, postingStatus. No engineering/inspection data from open source.",Active,,,,,,1,,,,,,,,,"OpenStreetMap (open data, ODbL)",https://www.openstreetmap.org/way/10852385,OSM:way/10852385,10852385,,"{""type"":""LineString"",""coordinates"":[[150.1067769,-35.7037317],[150.105519,-35.7044114]]}"
,,OSM-10963150,Ernest Street,Road Bridge,,,NSW,Sydney Metropolitan,,-33.827687,151.214575,,Local Council (inferred),,Beam Bridge,,,,,,,,68,,2,,,,,,,,,,,"OPEN DATA (OpenStreetMap, ODbL). DQ: INCOMPLETE - geometry & identity captured; owner/region/importance INFERRED (verify). Missing: condition, conditionRating, lastInspectionDate, lga, yearBuilt, postingStatus. No engineering/inspection data from open source.",Active,,,,,,2,,,,,,,,,"OpenStreetMap (open data, ODbL)",https://www.openstreetmap.org/way/10963150,OSM:way/10963150,10963150,,"{""type"":""LineString"",""coordinates"":[[151.2149133,-33.8277397],[151.2148875,-33.827736],[151.2143111,-33.8276463],[151.2141865,-33.8276279]]}"
,,OSM-11635745,Ashley Street,Road Bridge,,,NSW,Sydney Metropolitan,,-33.790887,151.18084,,Local Council (inferred),,Beam Bridge,,,,,,,,36,,2,,,,Restricted,,,,,,,"OPEN DATA (OpenStreetMap, ODbL). DQ: PARTIAL - geometry & identity captured; owner/region/importance INFERRED (verify). Missing: condition, conditionRating, lastInspectionDate, lga, yearBuilt. No engineering/inspection data from open source. HV: load limit 3t (posted, open data; NHVR gazettal/route approval NOT verified).",Active,,,,3,,1,,,,,,,,,"OpenStreetMap (open data, ODbL)",https://www.openstreetmap.org/way/11635745,OSM:way/11635745,11635745,,"{""type"":""LineString"",""coordinates"":[[151.1806538,-33.7909404],[151.1810268,-33.7908346]]}"
,,OSM-11757531,Bridge Street,Road Bridge,,,NSW,Sydney Metropolitan,,-33.603078,150.822652,,Local Council (inferred),,Beam Bridge,,,,,,,,158,,,,,,,,,,,,,"OPEN DATA (OpenStreetMap, ODbL). DQ: INCOMPLETE - geometry & identity captured; owner/region/importance INFERRED (verify). Missing: condition, conditionRating, lastInspectionDate, lga, yearBuilt, postingStatus. No engineering/inspection data from open source.",Active,,,,,,2,,,,,,,,,"OpenStreetMap (open data, ODbL)",https://www.openstreetmap.org/way/11757531,OSM:way/11757531,11757531,,"{""type"":""LineString"",""coordinates"":[[150.8229696,-33.6037372],[150.8223343,-33.6024188]]}"
,,OSM-11772836,Freemans Drive,Road Bridge,,,NSW,Hunter,,-33.042475,151.473491,,Local Council (inferred),,Beam Bridge,,,,,,,,98,,2,,,,,,,,,,,"OPEN DATA (OpenStreetMap, ODbL). DQ: INCOMPLETE - geometry & identity captured; owner/region/importance INFERRED (verify). Missing: condition, conditionRating, lastInspectionDate, lga, yearBuilt, postingStatus. No engineering/inspection data from open source.",Active,,,,,,2,,,,,,,,,"OpenStreetMap (open data, ODbL)",https://www.openstreetmap.org/way/11772836,OSM:way/11772836,11772836,,"{""type"":""LineString"",""coordinates"":[[151.4729675,-33.0425299],[151.4740135,-33.0424209]]}"
,,B53,Mandalong Road,Road Bridge,,B53,NSW,Central Coast,,-33.118664,151.465502,,Transport for NSW (inferred),,Beam Bridge,,,,,,,,58,,2,,,,,,,,,,,"OPEN DATA (OpenStreetMap, ODbL). DQ: INCOMPLETE - geometry & identity captured; owner/region/importance INFERRED (verify). Missing: condition, conditionRating, lastInspectionDate, lga, yearBuilt, postingStatus. No engineering/inspection data from open source.",Active,,,,,,3,,,,,,,,,"OpenStreetMap (open data, ODbL)",https://www.openstreetmap.org/way/11773069,OSM:way/11773069,11773069,,"{""type"":""LineString"",""coordinates"":[[151.4657639,-33.1185259],[151.4652399,-33.1188019]]}"
,,B70,Sparks Road,Road Bridge,,B70,NSW,Central Coast,,-33.228737,151.422376,,Transport for NSW (inferred),,Beam Bridge,,,,,,,,81,,2,,,,,,,,,,,"OPEN DATA (OpenStreetMap, ODbL). DQ: INCOMPLETE - geometry & identity captured; owner/region/importance INFERRED (verify). Missing: condition, conditionRating, lastInspectionDate, lga, yearBuilt, postingStatus. No engineering/inspection data from open source.",Active,,,,,,3,,,,,,,,,"OpenStreetMap (open data, ODbL)",https://www.openstreetmap.org/way/11773323,OSM:way/11773323,11773323,,"{""type"":""LineString"",""coordinates"":[[151.4227246,-33.2289555],[151.4220279,-33.2285182]]}"
,,OSM-11991940,Drummond Street,Road Bridge,,,NSW,Illawarra & Shoalhaven,,-34.443385,150.872381,,Local Council (inferred),,Beam Bridge,,,,,,,,36,,,,,,,,,,,,,"OPEN DATA (OpenStreetMap, ODbL). DQ: INCOMPLETE - geometry & identity captured; owner/region/importance INFERRED (verify). Missing: condition, conditionRating, lastInspectionDate, lga, yearBuilt, postingStatus. No engineering/inspection data from open source.",Active,,,,,,1,,,,,,,,,"OpenStreetMap (open data, ODbL)",https://www.openstreetmap.org/way/11991940,OSM:way/11991940,11991940,,"{""type"":""LineString"",""coordinates"":[[150.8724062,-34.4435444],[150.8723553,-34.4432257]]}"
,,OSM-11991947,Bridge Street,Road Bridge,,,NSW,Illawarra & Shoalhaven,,-34.438238,150.884928,,Local Council (inferred),,Beam Bridge,,,,,,,,30,,,,,,,,,,,,,"OPEN DATA (OpenStreetMap, ODbL). DQ: INCOMPLETE - geometry & identity captured; owner/region/importance INFERRED (verify). Missing: condition, conditionRating, lastInspectionDate, lga, yearBuilt, postingStatus. No engineering/inspection data from open source.",Active,,,,,,2,,,,,,,,,"OpenStreetMap (open data, ODbL)",https://www.openstreetmap.org/way/11991947,OSM:way/11991947,11991947,,"{""type"":""LineString"",""coordinates"":[[150.8847891,-34.4381663],[150.8850669,-34.4383105]]}"
,,OSM-12794033,Peats Ferry Road,Road Bridge,,,NSW,Sydney Metropolitan,,-33.70454,151.098212,,Local Council (inferred),,Beam Bridge,,,,,,,,40,,1,,,,,,,,,,,"OPEN DATA (OpenStreetMap, ODbL). DQ: INCOMPLETE - geometry & identity captured; owner/region/importance INFERRED (verify). Missing: condition, conditionRating, lastInspectionDate, lga, yearBuilt, postingStatus. No engineering/inspection data from open source.",Active,,,,,,2,,,,,,,,,"OpenStreetMap (open data, ODbL)",https://www.openstreetmap.org/way/12794033,OSM:way/12794033,12794033,,"{""type"":""LineString"",""coordinates"":[[151.0984333,-33.7045904],[151.098262,-33.7045429],[151.0982271,-33.7045353],[151.0981904,-33.7045296],[151.0981414,-33.7045242],[151.0980163,-33.7045169]]}"
,,A1;A43,New England Highway,Road Bridge,,A1;A43,NSW,Hunter,,-32.810664,151.671417,,Transport for NSW (inferred),,Beam Bridge,2013,,,,,,,26,,2,,,,,,,,,,,"OPEN DATA (OpenStreetMap, ODbL). DQ: PARTIAL - geometry & identity captured; owner/region/importance INFERRED (verify). Missing: condition, conditionRating, lastInspectionDate, lga, postingStatus. No engineering/inspection data from open source.",Active,,,,,,4,,,,,,,,,"OpenStreetMap (open data, ODbL)",https://www.openstreetmap.org/way/12878201,OSM:way/12878201,12878201,,"{""type"":""LineString"",""coordinates"":[[151.6715509,-32.8106307],[151.6712835,-32.8106972]]}"
,,M4,Western Motorway,Road Bridge,,M4,NSW,Sydney Metropolitan,,-33.842691,151.044016,,Transport for NSW (inferred),,Beam Bridge,2013,,,,,,,53,,3,,,,,,,,,,,"OPEN DATA (OpenStreetMap, ODbL). DQ: PARTIAL - geometry & identity captured; owner/region/importance INFERRED (verify). Missing: condition, conditionRating, lastInspectionDate, lga, postingStatus. No engineering/inspection data from open source.",Active,,,,,,4,,,,,,,,,"OpenStreetMap (open data, ODbL)",https://www.openstreetmap.org/way/14087671,OSM:way/14087671,14087671,,"{""type"":""LineString"",""coordinates"":[[151.0437731,-33.8425658],[151.0442581,-33.8428171]]}"
,,OSM-14456574,Marsden Street,Road Bridge,,,NSW,Sydney Metropolitan,,-33.810799,151.003089,,Local Council (inferred),,Beam Bridge,,,,,,,,110,,,,,,,,,,,,,"OPEN DATA (OpenStreetMap, ODbL). DQ: INCOMPLETE - geometry & identity captured; owner/region/importance INFERRED (verify). Missing: condition, conditionRating, lastInspectionDate, lga, yearBuilt, postingStatus. No engineering/inspection data from open source.",Active,,,,,,1,,,,,,,,,"OpenStreetMap (open data, ODbL)",https://www.openstreetmap.org/way/14456574,OSM:way/14456574,14456574,,"{""type"":""LineString"",""coordinates"":[[151.0029236,-33.8112728],[151.0032554,-33.8103252]]}"
,,A40,Old Windsor Road,Road Bridge,,A40,NSW,Sydney Metropolitan,,-33.781277,150.967026,,Transport for NSW (inferred),,Beam Bridge,,,,,,,,88,,4,,,,,,,,,,,"OPEN DATA (OpenStreetMap, ODbL). DQ: INCOMPLETE - geometry & identity captured; owner/region/importance INFERRED (verify). Missing: condition, conditionRating, lastInspectionDate, lga, yearBuilt, postingStatus. No engineering/inspection data from open source.",Active,,,,,,4,,,,,,,,,"OpenStreetMap (open data, ODbL)",https://www.openstreetmap.org/way/14462765,OSM:way/14462765,14462765,,"{""type"":""LineString"",""coordinates"":[[150.9667455,-33.7809597],[150.9673063,-33.781594]]}"
,,A40,Old Windsor Road,Road Bridge,,A40,NSW,Sydney Metropolitan,,-33.767712,150.958813,,Transport for NSW (inferred),,Beam Bridge,,,,,,,,33,,,,,,,,,,,,,"OPEN DATA (OpenStreetMap, ODbL). DQ: INCOMPLETE - geometry & identity captured; owner/region/importance INFERRED (verify). Missing: condition, conditionRating, lastInspectionDate, lga, yearBuilt, postingStatus. No engineering/inspection data from open source.",Active,,,,,,4,,,,,,,,,"OpenStreetMap (open data, ODbL)",https://www.openstreetmap.org/way/14462871,OSM:way/14462871,14462871,,"{""type"":""LineString"",""coordinates"":[[150.958842,-33.7678594],[150.9587831,-33.7675642]]}"
,,M31,Hume Highway,Road Bridge,,M31,NSW,Riverina,,-36.10032,146.909535,,Transport for NSW (inferred),,Beam Bridge,,,,,,,,197,,2,,,,,,,,,,,"OPEN DATA (OpenStreetMap, ODbL). DQ: INCOMPLETE - geometry & identity captured; owner/region/importance INFERRED (verify). Missing: condition, conditionRating, lastInspectionDate, lga, yearBuilt, postingStatus. No engineering/inspection data from open source.",Active,,,,,,4,,,,,,,,,"OpenStreetMap (open data, ODbL)",https://www.openstreetmap.org/way/14948279,OSM:way/14948279,14948279,,"{""type"":""LineString"",""coordinates"":[[146.9086906,-36.1008376],[146.9088268,-36.1007393],[146.9090324,-36.1006023],[146.9092666,-36.100456],[146.9095336,-36.100302],[146.9097639,-36.1001665],[146.9099822,-36.1000488],[146.9102523,-36.0999136],[146.9104689,-36.0998105]]}"
,,OSM-15077793,Steele Bridge,Road Bridge,,,NSW,Sydney Metropolitan,,-33.679636,151.085209,,Local Council (inferred),,Beam Bridge,,,,4.2,,,,20,,,,,,Restricted,,,,,,,"OPEN DATA (OpenStreetMap, ODbL). DQ: PARTIAL - geometry & identity captured; owner/region/importance INFERRED (verify). Missing: condition, conditionRating, lastInspectionDate, lga, yearBuilt. No engineering/inspection data from open source. HV: load limit 15.7t, clearance 4.2m (posted, open data; NHVR gazettal/route approval NOT verified).",Active,,,,15.7,,1,,,,,,,,,"OpenStreetMap (open data, ODbL)",https://www.openstreetmap.org/way/15077793,OSM:way/15077793,15077793,,"{""type"":""LineString"",""coordinates"":[[151.0853144,-33.6796398],[151.0851034,-33.6796331]]}"
,,7,North Head Drive,Road Bridge,,7,NSW,South East & Tablelands,,-35.901964,150.107861,,Transport for NSW (inferred),,Beam Bridge,,,,,,,,13,,2,,,,,,,,,,,"OPEN DATA (OpenStreetMap, ODbL). DQ: INCOMPLETE - geometry & identity captured; owner/region/importance INFERRED (verify). Missing: condition, conditionRating, lastInspectionDate, lga, yearBuilt, postingStatus. No engineering/inspection data from open source.",Active,,,,,,2,,,,,,,,,"OpenStreetMap (open data, ODbL)",https://www.openstreetmap.org/way/15120496,OSM:way/15120496,15120496,,"{""type"":""LineString"",""coordinates"":[[150.1077907,-35.9019691],[150.1079307,-35.9019584]]}"
,,7,George Bass Drive,Road Bridge,,7,NSW,South East & Tablelands,,-35.82582,150.178716,,Transport for NSW (inferred),,Beam Bridge,,,,,,,,83,,,,,,,,,,,,,"OPEN DATA (OpenStreetMap, ODbL). DQ: INCOMPLETE - geometry & identity captured; owner/region/importance INFERRED (verify). Missing: condition, conditionRating, lastInspectionDate, lga, yearBuilt, postingStatus. No engineering/inspection data from open source.",Active,,,,,,2,,,,,,,,,"OpenStreetMap (open data, ODbL)",https://www.openstreetmap.org/way/15215758,OSM:way/15215758,15215758,,"{""type"":""LineString"",""coordinates"":[[150.1784268,-35.8261091],[150.1790042,-35.8255316]]}"
,,9,Tathra Bermagui Road,Road Bridge,,9,NSW,South East & Tablelands,,-36.701581,149.977621,,Transport for NSW (inferred),,Beam Bridge,,,,,,,,258,,2,,,,,,,,,,,"OPEN DATA (OpenStreetMap, ODbL). DQ: INCOMPLETE - geometry & identity captured; owner/region/importance INFERRED (verify). Missing: condition, conditionRating, lastInspectionDate, lga, yearBuilt, postingStatus. No engineering/inspection data from open source.",Active,,,,,,2,,,,,,,,,"OpenStreetMap (open data, ODbL)",https://www.openstreetmap.org/way/15224060,OSM:way/15224060,15224060,,"{""type"":""LineString"",""coordinates"":[[149.9770512,-36.7005154],[149.9781907,-36.7026461]]}"
,,OSM-15238580,The Great North Walk,Pedestrian Bridge,,,NSW,Sydney Metropolitan,,-33.841638,151.166963,,Local Council (inferred),,Boardwalk,,,,,,,,217,,,,,,,,,,,,,"OPEN DATA (OpenStreetMap, ODbL). DQ: INCOMPLETE - geometry & identity captured; owner/region/importance INFERRED (verify). Missing: condition, conditionRating, lastInspectionDate, lga, yearBuilt, postingStatus. No engineering/inspection data from open source.",Active,,,,,,1,,,,,,,,,"OpenStreetMap (open data, ODbL)",https://www.openstreetmap.org/way/15238580,OSM:way/15238580,15238580,,"{""type"":""LineString"",""coordinates"":[[151.1661158,-33.8410127],[151.1662716,-33.8410367],[151.1663918,-33.8411187],[151.1665355,-33.841218],[151.1665978,-33.8413482],[151.1667471,-33.841473],[151.166785,-33.8415999],[151.1668876,-33.8416759],[151.1669931,-33.8418692],[151.1670583,-33.8418803],[151.1672361,-33.8418037],[151.167352,-33.8418376],[151.1674668,-33.841985],[151.1675787,-33.8420807],[151.1676723,-33.842121],[151.1677159,-33.8421398]]}"
,,A1,Princes Highway,Road Bridge,,A1,NSW,South East & Tablelands,,-36.959232,149.8716,,Transport for NSW (inferred),,Beam Bridge,,,,,,,,66,,2,,,,,,,,,,,"OPEN DATA (OpenStreetMap, ODbL). DQ: INCOMPLETE - geometry & identity captured; owner/region/importance INFERRED (verify). Missing: condition, conditionRating, lastInspectionDate, lga, yearBuilt, postingStatus. No engineering/inspection data from open source.",Active,,,,,,4,,,,,,,,,"OpenStreetMap (open data, ODbL)",https://www.openstreetmap.org/way/15496889,OSM:way/15496889,15496889,,"{""type"":""LineString"",""coordinates"":[[149.8719613,-36.9592982],[149.871239,-36.9591667]]}"
,,OSM-15668446,Wee Jasper Road,Road Bridge,,,NSW,South East & Tablelands,,-35.110644,148.681528,,Local Council (inferred),,Beam Bridge,,,,,,,,53,,,,,,,,,,,,,"OPEN DATA (OpenStreetMap, ODbL). DQ: INCOMPLETE - geometry & identity captured; owner/region/importance INFERRED (verify). Missing: condition, conditionRating, lastInspectionDate, lga, yearBuilt, postingStatus. No engineering/inspection data from open source.",Active,,,,,,2,,,,,,,,,"OpenStreetMap (open data, ODbL)",https://www.openstreetmap.org/way/15668446,OSM:way/15668446,15668446,,"{""type"":""LineString"",""coordinates"":[[148.6818199,-35.1106277],[148.681236,-35.110661]]}"
,,OSM-15782936,Goodall Street,Road Bridge,,,NSW,Sydney Metropolitan,,-33.802723,150.95854,,Local Council (inferred),,Beam Bridge,,,,,,,,31,,,,,,,,,,,,,"OPEN DATA (OpenStreetMap, ODbL). DQ: INCOMPLETE - geometry & identity captured; owner/region/importance INFERRED (verify). Missing: condition, conditionRating, lastInspectionDate, lga, yearBuilt, postingStatus. No engineering/inspection data from open source.",Active,,,,,,2,,,,,,,,,"OpenStreetMap (open data, ODbL)",https://www.openstreetmap.org/way/15782936,OSM:way/15782936,15782936,,"{""type"":""LineString"",""coordinates"":[[150.9586201,-33.8025986],[150.9584589,-33.8028482]]}"
,,OSM-15784547,Oakes Road,Road Bridge,,,NSW,Sydney Metropolitan,,-33.782987,150.973539,,Local Council (inferred),,Beam Bridge,,,,,,,,35,,,,,,Restricted,,,,,,,"OPEN DATA (OpenStreetMap, ODbL). DQ: PARTIAL - geometry & identity captured; owner/region/importance INFERRED (verify). Missing: condition, conditionRating, lastInspectionDate, lga, yearBuilt. No engineering/inspection data from open source. HV: load limit 3t (posted, open data; NHVR gazettal/route approval NOT verified).",Active,,,,3,,1,,,,,,,,,"OpenStreetMap (open data, ODbL)",https://www.openstreetmap.org/way/15784547,OSM:way/15784547,15784547,,"{""type"":""LineString"",""coordinates"":[[150.9733954,-33.7830885],[150.9736836,-33.7828864]]}"
,,OSM-15829227,Grand Avenue,Road Bridge,,,NSW,Sydney Metropolitan,,-33.819705,151.023618,,Local Council (inferred),,Beam Bridge,,,,,,,,47,,,,,,,,,,,,,"OPEN DATA (OpenStreetMap, ODbL). DQ: INCOMPLETE - geometry & identity captured; owner/region/importance INFERRED (verify). Missing: condition, conditionRating, lastInspectionDate, lga, yearBuilt, postingStatus. No engineering/inspection data from open source.",Active,,,,,,1,,,,,,,,,"OpenStreetMap (open data, ODbL)",https://www.openstreetmap.org/way/15829227,OSM:way/15829227,15829227,,"{""type"":""LineString"",""coordinates"":[[151.0233717,-33.8196516],[151.0238639,-33.8197581]]}"
,,OSM-16035698,Jingellic South Road,Road Bridge,,,NSW,Riverina,,-35.931399,147.701287,,Local Council (inferred),,Beam Bridge,,,,,,,,150,,,,,,,,,,,,,"OPEN DATA (OpenStreetMap, ODbL). DQ: INCOMPLETE - geometry & identity captured; owner/region/importance INFERRED (verify). Missing: condition, conditionRating, lastInspectionDate, lga, yearBuilt, postingStatus. No engineering/inspection data from open source.",Active,,,,,,2,,,,,,,,,"OpenStreetMap (open data, ODbL)",https://www.openstreetmap.org/way/16035698,OSM:way/16035698,16035698,,"{""type"":""LineString"",""coordinates"":[[147.7018338,-35.9319059],[147.7007404,-35.9308916]]}"
,,OSM-16081164,Alpine Way,Road Bridge,,,NSW,Regional NSW,,-36.385781,148.180878,,Local Council (inferred),,Beam Bridge,,,,,,,,53,,,,,,,,,,,,,"OPEN DATA (OpenStreetMap, ODbL). DQ: INCOMPLETE - geometry & identity captured; owner/region/importance INFERRED (verify). Missing: condition, conditionRating, lastInspectionDate, lga, yearBuilt, postingStatus. No engineering/inspection data from open source.",Active,,,,,,3,,,,,,,,,"OpenStreetMap (open data, ODbL)",https://www.openstreetmap.org/way/16081164,OSM:way/16081164,16081164,,"{""type"":""LineString"",""coordinates"":[[148.181114,-36.3856341],[148.1806424,-36.3859272]]}"
,,A22,Liverpool Road,Road Bridge,,A22,NSW,Sydney Metropolitan,,-33.889399,151.132192,,Transport for NSW (inferred),,Beam Bridge,2013,,,,,,,29,,4,,,,,,,,,,,"OPEN DATA (OpenStreetMap, ODbL). DQ: PARTIAL - geometry & identity captured; owner/region/importance INFERRED (verify). Missing: condition, conditionRating, lastInspectionDate, lga, postingStatus. No engineering/inspection data from open source.",Active,,,,,,4,,,,,,,,,"OpenStreetMap (open data, ODbL)",https://www.openstreetmap.org/way/16117485,OSM:way/16117485,16117485,,"{""type"":""LineString"",""coordinates"":[[151.1323642,-33.8893269],[151.1321775,-33.8894045],[151.1321442,-33.8894185],[151.1320806,-33.8894451]]}"
,,B72,Snowy Mountains Highway,Road Bridge,,B72,NSW,Regional NSW,,-35.364914,148.266537,,Transport for NSW (inferred),,Beam Bridge,,,,,,,,59,,,,,,,,,,,,,"OPEN DATA (OpenStreetMap, ODbL). DQ: INCOMPLETE - geometry & identity captured; owner/region/importance INFERRED (verify). Missing: condition, conditionRating, lastInspectionDate, lga, yearBuilt, postingStatus. No engineering/inspection data from open source.",Active,,,,,,4,,,,,,,,,"OpenStreetMap (open data, ODbL)",https://www.openstreetmap.org/way/16128330,OSM:way/16128330,16128330,,"{""type"":""LineString"",""coordinates"":[[148.2662246,-35.3648524],[148.2663098,-35.3648678],[148.2667555,-35.3649559],[148.2668563,-35.3649801]]}"
,,6,Wee Jasper Road,Road Bridge,,6,NSW,Regional NSW,,-35.295073,148.224575,,Transport for NSW (inferred),,Beam Bridge,,,,,,,,74,,2,,,,,,,,,,,"OPEN DATA (OpenStreetMap, ODbL). DQ: INCOMPLETE - geometry & identity captured; owner/region/importance INFERRED (verify). Missing: condition, conditionRating, lastInspectionDate, lga, yearBuilt, postingStatus. No engineering/inspection data from open source.",Active,,,,,,2,,,,,,,,,"OpenStreetMap (open data, ODbL)",https://www.openstreetmap.org/way/16128334,OSM:way/16128334,16128334,,"{""type"":""LineString"",""coordinates"":[[148.2248984,-35.294874],[148.2242506,-35.2952724]]}"
,,B82,Freemans Drive,Road Bridge,,B82,NSW,Hunter,,-33.012631,151.491343,,Transport for NSW (inferred),,Beam Bridge,,,,,,,,103,,1,,,,,,,,,,,"OPEN DATA (OpenStreetMap, ODbL). DQ: INCOMPLETE - geometry & identity captured; owner/region/importance INFERRED (verify). Missing: condition, conditionRating, lastInspectionDate, lga, yearBuilt, postingStatus. No engineering/inspection data from open source.",Active,,,,,,3,,,,,,,,,"OpenStreetMap (open data, ODbL)",https://www.openstreetmap.org/way/16280694,OSM:way/16280694,16280694,,"{""type"":""LineString"",""coordinates"":[[151.4915172,-33.0130718],[151.4911691,-33.0121905]]}"
,,OSM-16280889,Galston Road,Road Bridge,,,NSW,Sydney Metropolitan,,-33.664992,151.08027,,Local Council (inferred),,Beam Bridge,,,,,,,,35,,,,,,,,,,,,,"OPEN DATA (OpenStreetMap, ODbL). DQ: INCOMPLETE - geometry & identity captured; owner/region/importance INFERRED (verify). Missing: condition, conditionRating, lastInspectionDate, lga, yearBuilt, postingStatus. No engineering/inspection data from open source.",Active,,,,,,3,,,,,,,,,"OpenStreetMap (open data, ODbL)",https://www.openstreetmap.org/way/16280889,OSM:way/16280889,16280889,,"{""type"":""LineString"",""coordinates"":[[151.0801996,-33.6651356],[151.0803406,-33.6648481]]}"
,,B83,Pacific Highway,Road Bridge,,B83,NSW,Sydney Metropolitan,,-33.705777,151.098993,,Transport for NSW (inferred),,Beam Bridge,,,,,,,,30,,3,,,,,,,,,,,"OPEN DATA (OpenStreetMap, ODbL). DQ: INCOMPLETE - geometry & identity captured; owner/region/importance INFERRED (verify). Missing: condition, conditionRating, lastInspectionDate, lga, yearBuilt, postingStatus. No engineering/inspection data from open source.",Active,,,,,,3,,,,,,,,,"OpenStreetMap (open data, ODbL)",https://www.openstreetmap.org/way/16281146,OSM:way/16281146,16281146,,"{""type"":""LineString"",""coordinates"":[[151.0989738,-33.7059121],[151.0990128,-33.705641]]}"
,,OSM-16281339,Jerusalem Bay Track,Pedestrian Bridge,,,NSW,Sydney Metropolitan,,-33.592178,151.172792,,Local Council (inferred),,Beam Bridge,,,,,,,,49,,,,,,,,,,,,,"OPEN DATA (OpenStreetMap, ODbL). DQ: INCOMPLETE - geometry & identity captured; owner/region/importance INFERRED (verify). Missing: condition, conditionRating, lastInspectionDate, lga, yearBuilt, postingStatus. No engineering/inspection data from open source.",Active,,,,,,1,,,,,,,,,"OpenStreetMap (open data, ODbL)",https://www.openstreetmap.org/way/16281339,OSM:way/16281339,16281339,,"{""type"":""LineString"",""coordinates"":[[151.1725268,-33.592156],[151.1730574,-33.5922006]]}"
,,OSM-16281435,Peats Ferry Road,Road Bridge,,,NSW,Sydney Metropolitan,,-33.704496,151.09794,,Local Council (inferred),,Beam Bridge,,,,,,,,15,,2,,,,,,,,,,,"OPEN DATA (OpenStreetMap, ODbL). DQ: INCOMPLETE - geometry & identity captured; owner/region/importance INFERRED (verify). Missing: condition, conditionRating, lastInspectionDate, lga, yearBuilt, postingStatus. No engineering/inspection data from open source.",Active,,,,,,2,,,,,,,,,"OpenStreetMap (open data, ODbL)",https://www.openstreetmap.org/way/16281435,OSM:way/16281435,16281435,,"{""type"":""LineString"",""coordinates"":[[151.0980163,-33.7045169],[151.097863,-33.7044746]]}"
,,M4,Western Motorway,Road Bridge,,M4,NSW,Sydney Metropolitan,,-33.772951,150.670298,,Transport for NSW (inferred),,Beam Bridge,2013,,,,,,,68,,2,,,,,,,,,,,"OPEN DATA (OpenStreetMap, ODbL). DQ: PARTIAL - geometry & identity captured; owner/region/importance INFERRED (verify). Missing: condition, conditionRating, lastInspectionDate, lga, postingStatus. No engineering/inspection data from open source.",Active,,,,,,4,,,,,,,,,"OpenStreetMap (open data, ODbL)",https://www.openstreetmap.org/way/16364188,OSM:way/16364188,16364188,,"{""type"":""LineString"",""coordinates"":[[150.6705663,-33.7731616],[150.6700304,-33.7727398]]}"
,,M4,Western Motorway,Road Bridge,,M4,NSW,Sydney Metropolitan,,-33.772785,150.670565,,Transport for NSW (inferred),,Beam Bridge,2013,,,,,,,65,,2,,,,,,,,,,,"OPEN DATA (OpenStreetMap, ODbL). DQ: PARTIAL - geometry & identity captured; owner/region/importance INFERRED (verify). Missing: condition, conditionRating, lastInspectionDate, lga, postingStatus. No engineering/inspection data from open source.",Active,,,,,,4,,,,,,,,,"OpenStreetMap (open data, ODbL)",https://www.openstreetmap.org/way/16364190,OSM:way/16364190,16364190,,"{""type"":""LineString"",""coordinates"":[[150.670306,-33.7725846],[150.6708242,-33.7729862]]}"
,,OSM-16732150,Main Western Line,Rail Bridge,,,NSW,Central West & Orana,,-33.423163,149.590335,,Transport Asset Holding Entity (inferred),,Beam Bridge,,,,,,,,148,,,,,,,,,,,,,"OPEN DATA (OpenStreetMap, ODbL). DQ: INCOMPLETE - geometry & identity captured; owner/region/importance INFERRED (verify). Missing: condition, conditionRating, lastInspectionDate, lga, yearBuilt, postingStatus. No engineering/inspection data from open source.",Active,,,,,,4,,,,,,,,,"OpenStreetMap (open data, ODbL)",https://www.openstreetmap.org/way/16732150,OSM:way/16732150,16732150,,"{""type"":""LineString"",""coordinates"":[[149.5895401,-33.4232058],[149.5911307,-33.4231209]]}"
,,B52,Kings Highway,Road Bridge,,B52,NSW,South East & Tablelands,,-35.646837,150.142719,,Transport for NSW (inferred),,Beam Bridge,,,,,,,,342,,2,,,,,,,,,,,"OPEN DATA (OpenStreetMap, ODbL). DQ: INCOMPLETE - geometry & identity captured; owner/region/importance INFERRED (verify). Missing: condition, conditionRating, lastInspectionDate, lga, yearBuilt, postingStatus. No engineering/inspection data from open source.",Active,,,,,,4,,,,,,,,,"OpenStreetMap (open data, ODbL)",https://www.openstreetmap.org/way/16826285,OSM:way/16826285,16826285,,"{""type"":""LineString"",""coordinates"":[[150.1444897,-35.6468336],[150.1442657,-35.6467791],[150.1440337,-35.6467323],[150.1438171,-35.6467083],[150.1435898,-35.6466941],[150.1433417,-35.6467018],[150.1431017,-35.6467236],[150.1426189,-35.6467879],[150.1416774,-35.6469377],[150.1414608,-35.6469682],[150.1412141,-35.6469955],[150.1409747,-35.6470091],[150.1407587,-35.6470124]]}"
,,OSM-16972818,Wentworth Road,Road Bridge,,,NSW,Sydney Metropolitan,,-33.874631,151.097809,,Local Council (inferred),,Beam Bridge,,,,,,,,10,,3,,,,,,,,,,,"OPEN DATA (OpenStreetMap, ODbL). DQ: INCOMPLETE - geometry & identity captured; owner/region/importance INFERRED (verify). Missing: condition, conditionRating, lastInspectionDate, lga, yearBuilt, postingStatus. No engineering/inspection data from open source.",Active,,,,,,1,,,,,,,,,"OpenStreetMap (open data, ODbL)",https://www.openstreetmap.org/way/16972818,OSM:way/16972818,16972818,,"{""type"":""LineString"",""coordinates"":[[151.0978193,-33.8745871],[151.0977992,-33.8746753]]}"
,,OSM-17039894,Culloden Road,Road Bridge,,,NSW,Sydney Metropolitan,,-33.766859,151.113263,,Local Council (inferred),,Beam Bridge,,,,,,,,36,,,,,,,,,,,,,"OPEN DATA (OpenStreetMap, ODbL). DQ: INCOMPLETE - geometry & identity captured; owner/region/importance INFERRED (verify). Missing: condition, conditionRating, lastInspectionDate, lga, yearBuilt, postingStatus. No engineering/inspection data from open source.",Active,,,,,,1,,,,,,,,,"OpenStreetMap (open data, ODbL)",https://www.openstreetmap.org/way/17039894,OSM:way/17039894,17039894,,"{""type"":""LineString"",""coordinates"":[[151.1131343,-33.7669812],[151.1133923,-33.7667373]]}"
,,M2,M2 Hills Motorway,Road Bridge,,M2,NSW,Sydney Metropolitan,,-33.765501,151.11109,,Transport for NSW (inferred),,Beam Bridge,,,,,,,,29,,3,,,,,,,,,,,"OPEN DATA (OpenStreetMap, ODbL). DQ: INCOMPLETE - geometry & identity captured; owner/region/importance INFERRED (verify). Missing: condition, conditionRating, lastInspectionDate, lga, yearBuilt, postingStatus. No engineering/inspection data from open source.",Active,,,,,,4,,,,,,,,,"OpenStreetMap (open data, ODbL)",https://www.openstreetmap.org/way/17040002,OSM:way/17040002,17040002,,"{""type"":""LineString"",""coordinates"":[[151.1109492,-33.7654413],[151.1112309,-33.7655615]]}"
,,OSM-17498791,Treacy Street,Road Bridge,,,NSW,Sydney Metropolitan,,-33.96826,151.104665,,Local Council (inferred),,Beam Bridge,,,,,,,,34,,3,,,,,,,,,,,"OPEN DATA (OpenStreetMap, ODbL). DQ: INCOMPLETE - geometry & identity captured; owner/region/importance INFERRED (verify). Missing: condition, conditionRating, lastInspectionDate, lga, yearBuilt, postingStatus. No engineering/inspection data from open source.",Active,,,,,,1,,,,,,,,,"OpenStreetMap (open data, ODbL)",https://www.openstreetmap.org/way/17498791,OSM:way/17498791,17498791,,"{""type"":""LineString"",""coordinates"":[[151.1047266,-33.9681172],[151.1046032,-33.9684029]]}"
,,OSM-17503952,Tarana Road,Road Bridge,,,NSW,Central West & Orana,,-33.508027,149.764834,,Local Council (inferred),,Beam Bridge,,,,,,,,9,,,,,,,,,,,,,"OPEN DATA (OpenStreetMap, ODbL). DQ: INCOMPLETE - geometry & identity captured; owner/region/importance INFERRED (verify). Missing: condition, conditionRating, lastInspectionDate, lga, yearBuilt, postingStatus. No engineering/inspection data from open source.",Active,,,,,,1,,,,,,,,,"OpenStreetMap (open data, ODbL)",https://www.openstreetmap.org/way/17503952,OSM:way/17503952,17503952,,"{""type"":""LineString"",""coordinates"":[[149.7647914,-33.5080099],[149.7648772,-33.5080446]]}"
,,A32,Great Western Highway,Road Bridge,,A32,NSW,Central West & Orana,,-33.418357,149.593593,,Transport for NSW (inferred),,Beam Bridge,,,,,,,,260,7,2,,,,,,,,,,,"OPEN DATA (OpenStreetMap, ODbL). DQ: INCOMPLETE - geometry & identity captured; owner/region/importance INFERRED (verify). Missing: condition, conditionRating, lastInspectionDate, lga, yearBuilt, postingStatus. No engineering/inspection data from open source.",Active,,,,,,4,,,,,,,,,"OpenStreetMap (open data, ODbL)",https://www.openstreetmap.org/way/17504274,OSM:way/17504274,17504274,,"{""type"":""LineString"",""coordinates"":[[149.5949946,-33.4183904],[149.5921916,-33.4183237]]}"
,,OSM-17609332,Mimosa Street,Road Bridge,,,NSW,Sydney Metropolitan,,-33.985604,151.076838,,Local Council (inferred),,Beam Bridge,,,,,,,,20,,,,,,,,,,,,,"OPEN DATA (OpenStreetMap, ODbL). DQ: INCOMPLETE - geometry & identity captured; owner/region/importance INFERRED (verify). Missing: condition, conditionRating, lastInspectionDate, lga, yearBuilt, postingStatus. No engineering/inspection data from open source.",Active,,,,,,1,,,,,,,,,"OpenStreetMap (open data, ODbL)",https://www.openstreetmap.org/way/17609332,OSM:way/17609332,17609332,,"{""type"":""LineString"",""coordinates"":[[151.0769426,-33.9856178],[151.0767334,-33.9855911]]}"
,,OSM-18014960,Main Northern Railway,Rail Bridge,,,NSW,New England & North West,,-31.086948,150.92062,,Transport Asset Holding Entity (inferred),,Viaduct,,,,,,,,602,,,,,,,,,,,,,"OPEN DATA (OpenStreetMap, ODbL). DQ: INCOMPLETE - geometry & identity captured; owner/region/importance INFERRED (verify). Missing: condition, conditionRating, lastInspectionDate, lga, yearBuilt, postingStatus. No engineering/inspection data from open source.",Active,,,,,,4,,,,,,,,,"OpenStreetMap (open data, ODbL)",https://www.openstreetmap.org/way/18014960,OSM:way/18014960,18014960,,"{""type"":""LineString"",""coordinates"":[[150.9181914,-31.0889332],[150.9193399,-31.0879841],[150.9221827,-31.0856722],[150.9227674,-31.0852018]]}"
,,OSM-19035773,Baldwin Avenue,Road Bridge,,,NSW,Sydney Metropolitan,,-33.688067,151.108673,,Local Council (inferred),,Beam Bridge,,,,,,,,23,,2,,,,,,,,,,,"OPEN DATA (OpenStreetMap, ODbL). DQ: INCOMPLETE - geometry & identity captured; owner/region/importance INFERRED (verify). Missing: condition, conditionRating, lastInspectionDate, lga, yearBuilt, postingStatus. No engineering/inspection data from open source.",Active,,,,,,1,,,,,,,,,"OpenStreetMap (open data, ODbL)",https://www.openstreetmap.org/way/19035773,OSM:way/19035773,19035773,,"{""type"":""LineString"",""coordinates"":[[151.1085431,-33.6879969],[151.108718,-33.6880926],[151.1087567,-33.6881108]]}"
,,A15,New England Highway,Road Bridge,,A15,NSW,New England & North West,,-30.493044,151.65157,,Transport for NSW (inferred),,Beam Bridge,,,,,,,,35,,2,,,,,,,,,,,"OPEN DATA (OpenStreetMap, ODbL). DQ: INCOMPLETE - geometry & identity captured; owner/region/importance INFERRED (verify). Missing: condition, conditionRating, lastInspectionDate, lga, yearBuilt, postingStatus. No engineering/inspection data from open source.",Active,,,,,,4,,,,,,,,,"OpenStreetMap (open data, ODbL)",https://www.openstreetmap.org/way/19172559,OSM:way/19172559,19172559,,"{""type"":""LineString"",""coordinates"":[[151.6514964,-30.4931875],[151.6516437,-30.4928999]]}"
,,OSM-19397921,The Crescent,Road Bridge,,,NSW,Sydney Metropolitan,,-33.878109,151.176814,,Local Council (inferred),,Beam Bridge,,,,,,,,7,,4,,,,,,,,,,,"OPEN DATA (OpenStreetMap, ODbL). DQ: INCOMPLETE - geometry & identity captured; owner/region/importance INFERRED (verify). Missing: condition, conditionRating, lastInspectionDate, lga, yearBuilt, postingStatus. No engineering/inspection data from open source.",Active,,,,,,3,,,,,,,,,"OpenStreetMap (open data, ODbL)",https://www.openstreetmap.org/way/19397921,OSM:way/19397921,19397921,,"{""type"":""LineString"",""coordinates"":[[151.1768035,-33.8780767],[151.1768251,-33.8781406]]}"
,,A1,Pacific Highway,Road Bridge,,A1,NSW,Hunter,,-32.755365,151.765532,,Transport for NSW (inferred),,Beam Bridge,2013,,,,,,,448,,2,,,,,,,,,,,"OPEN DATA (OpenStreetMap, ODbL). DQ: PARTIAL - geometry & identity captured; owner/region/importance INFERRED (verify). Missing: condition, conditionRating, lastInspectionDate, lga, postingStatus. No engineering/inspection data from open source.",Active,,,,,,4,,,,,,,,,"OpenStreetMap (open data, ODbL)",https://www.openstreetmap.org/way/19516552,OSM:way/19516552,19516552,,"{""type"":""LineString"",""coordinates"":[[151.7650521,-32.7573334],[151.7654393,-32.7557633],[151.7655383,-32.7553701],[151.7656307,-32.7549728],[151.7660001,-32.7533849]]}"
,,OSM-19793551,Henderson Lane,Road Bridge,,,NSW,South East & Tablelands,,-34.685092,148.648596,,Local Council (inferred),,Beam Bridge,,,,,,,,31,,,,,,,,,,,,,"OPEN DATA (OpenStreetMap, ODbL). DQ: INCOMPLETE - geometry & identity captured; owner/region/importance INFERRED (verify). Missing: condition, conditionRating, lastInspectionDate, lga, yearBuilt, postingStatus. No engineering/inspection data from open source.",Active,,,,,,1,,,,,,,,,"OpenStreetMap (open data, ODbL)",https://www.openstreetmap.org/way/19793551,OSM:way/19793551,19793551,,"{""type"":""LineString"",""coordinates"":[[148.6484974,-34.6852049],[148.6486941,-34.6849797]]}"
,,A15,New England Highway,Road Bridge,,A15,NSW,New England & North West,,-30.515594,151.62954,,Transport for NSW (inferred),,Beam Bridge,,,,,,,,36,,2,,,,,,,,,,,"OPEN DATA (OpenStreetMap, ODbL). DQ: INCOMPLETE - geometry & identity captured; owner/region/importance INFERRED (verify). Missing: condition, conditionRating, lastInspectionDate, lga, yearBuilt, postingStatus. No engineering/inspection data from open source.",Active,,,,,,4,,,,,,,,,"OpenStreetMap (open data, ODbL)",https://www.openstreetmap.org/way/19802027,OSM:way/19802027,19802027,,"{""type"":""LineString"",""coordinates"":[[151.6294543,-30.5157363],[151.6296256,-30.5154513]]}"
,,A15,New England Highway,Road Bridge,,A15,NSW,New England & North West,,-30.504103,151.640282,,Transport for NSW (inferred),,Beam Bridge,,,,,,,,97,,2,,,,,,,,,,,"OPEN DATA (OpenStreetMap, ODbL). DQ: INCOMPLETE - geometry & identity captured; owner/region/importance INFERRED (verify). Missing: condition, conditionRating, lastInspectionDate, lga, yearBuilt, postingStatus. No engineering/inspection data from open source.",Active,,,,,,4,,,,,,,,,"OpenStreetMap (open data, ODbL)",https://www.openstreetmap.org/way/19802038,OSM:way/19802038,19802038,,"{""type"":""LineString"",""coordinates"":[[151.6398266,-30.504178],[151.6400884,-30.5041276],[151.6403915,-30.5040761],[151.6408233,-30.5040313]]}"
,,18,Orlando Street,Road Bridge,,18,NSW,Regional NSW,,-30.296968,153.136283,,Transport for NSW (inferred),,Beam Bridge,,,,,,,,43,,2,,,,,,,,,,,"OPEN DATA (OpenStreetMap, ODbL). DQ: INCOMPLETE - geometry & identity captured; owner/region/importance INFERRED (verify). Missing: condition, conditionRating, lastInspectionDate, lga, yearBuilt, postingStatus. No engineering/inspection data from open source.",Active,,,,,,1,,,,,,,,,"OpenStreetMap (open data, ODbL)",https://www.openstreetmap.org/way/19853649,OSM:way/19853649,19853649,,"{""type"":""LineString"",""coordinates"":[[153.1364102,-30.2971282],[153.1361551,-30.2968081]]}"
,,OSM-19854049,Deniliquin Line,Rail Bridge,,,NSW,Riverina,,-36.121292,144.753886,,Transport Asset Holding Entity (inferred),,Beam Bridge,,,,,,,,460,,,,,,,,,,,,,"OPEN DATA (OpenStreetMap, ODbL). DQ: INCOMPLETE - geometry & identity captured; owner/region/importance INFERRED (verify). Missing: condition, conditionRating, lastInspectionDate, lga, yearBuilt, postingStatus. No engineering/inspection data from open source.",Active,,,,,,4,,,,,,,,,"OpenStreetMap (open data, ODbL)",https://www.openstreetmap.org/way/19854049,OSM:way/19854049,19854049,,"{""type"":""LineString"",""coordinates"":[[144.753241,-36.1232927],[144.7545301,-36.119291]]}"
,,OSM-19873128,Hallstrom Place,Road Bridge,,,NSW,Sydney Metropolitan,,-33.848014,150.884538,,Local Council (inferred),,Beam Bridge,,,,,,,,12,,,,,,,,,,,,,"OPEN DATA (OpenStreetMap, ODbL). DQ: INCOMPLETE - geometry & identity captured; owner/region/importance INFERRED (verify). Missing: condition, conditionRating, lastInspectionDate, lga, yearBuilt, postingStatus. No engineering/inspection data from open source.",Active,,,,,,1,,,,,,,,,"OpenStreetMap (open data, ODbL)",https://www.openstreetmap.org/way/19873128,OSM:way/19873128,19873128,,"{""type"":""LineString"",""coordinates"":[[150.8845499,-33.8479586],[150.8845259,-33.8480689]]}"
,,OSM-19873162,Durian Place,Road Bridge,,,NSW,Sydney Metropolitan,,-33.848021,150.886013,,Local Council (inferred),,Beam Bridge,,,,,,,,20,,,,,,,,,,,,,"OPEN DATA (OpenStreetMap, ODbL). DQ: INCOMPLETE - geometry & identity captured; owner/region/importance INFERRED (verify). Missing: condition, conditionRating, lastInspectionDate, lga, yearBuilt, postingStatus. No engineering/inspection data from open source.",Active,,,,,,1,,,,,,,,,"OpenStreetMap (open data, ODbL)",https://www.openstreetmap.org/way/19873162,OSM:way/19873162,19873162,,"{""type"":""LineString"",""coordinates"":[[150.8859941,-33.8481086],[150.8860329,-33.8479341]]}"
,,OSM-20046464,Uriarra Road,Road Bridge,,,NSW,South East & Tablelands,,-35.343403,149.213441,,Local Council (inferred),,Beam Bridge,,,,,,,,25,,2,,,,,,,,,,,"OPEN DATA (OpenStreetMap, ODbL). DQ: INCOMPLETE - geometry & identity captured; owner/region/importance INFERRED (verify). Missing: condition, conditionRating, lastInspectionDate, lga, yearBuilt, postingStatus. No engineering/inspection data from open source.",Active,,,,,,2,,,,,,,,,"OpenStreetMap (open data, ODbL)",https://www.openstreetmap.org/way/20046464,OSM:way/20046464,20046464,,"{""type"":""LineString"",""coordinates"":[[149.2135328,-35.3434886],[149.2133502,-35.343317]]}"
,,B52,Canberra Avenue,Road Bridge,,B52,NSW,South East & Tablelands,,-35.346068,149.206409,,Transport for NSW (inferred),,Beam Bridge,,,,,,,,30,,3,,,,,,,,,,,"OPEN DATA (OpenStreetMap, ODbL). DQ: INCOMPLETE - geometry & identity captured; owner/region/importance INFERRED (verify). Missing: condition, conditionRating, lastInspectionDate, lga, yearBuilt, postingStatus. No engineering/inspection data from open source.",Active,,,,,,4,,,,,,,,,"OpenStreetMap (open data, ODbL)",https://www.openstreetmap.org/way/20046472,OSM:way/20046472,20046472,,"{""type"":""LineString"",""coordinates"":[[149.2064851,-35.3461859],[149.2063322,-35.3459503]]}"
,,B52,Canberra Avenue,Road Bridge,,B52,NSW,South East & Tablelands,,-35.345971,149.206522,,Transport for NSW (inferred),,Beam Bridge,,,,,,,,24,,4,,,,,,,,,,,"OPEN DATA (OpenStreetMap, ODbL). DQ: INCOMPLETE - geometry & identity captured; owner/region/importance INFERRED (verify). Missing: condition, conditionRating, lastInspectionDate, lga, yearBuilt, postingStatus. No engineering/inspection data from open source.",Active,,,,,,4,,,,,,,,,"OpenStreetMap (open data, ODbL)",https://www.openstreetmap.org/way/20046481,OSM:way/20046481,20046481,,"{""type"":""LineString"",""coordinates"":[[149.2064644,-35.3458716],[149.2065805,-35.3460701]]}"
,,OSM-20046641,Lanyon Drive,Road Bridge,,,NSW,South East & Tablelands,,-35.377746,149.185151,,Local Council (inferred),,Beam Bridge,,,,,,,,15,,2,,,,,,,,,,,"OPEN DATA (OpenStreetMap, ODbL). DQ: INCOMPLETE - geometry & identity captured; owner/region/importance INFERRED (verify). Missing: condition, conditionRating, lastInspectionDate, lga, yearBuilt, postingStatus. No engineering/inspection data from open source. On NSW freight network (OSM hgv=designated, spatial join); NHVR B-double/road-train/HML approval NOT verified.",Active,,,,,,3,,,,,true,,,,"OpenStreetMap (open data, ODbL)",https://www.openstreetmap.org/way/20046641,OSM:way/20046641,20046641,,"{""type"":""LineString"",""coordinates"":[[149.1850701,-35.3777531],[149.1852329,-35.377739]]}"
,,OSM-20051007,Royalla Drive,Road Bridge,,,NSW,South East & Tablelands,,-35.516389,149.147978,,Local Council (inferred),,Beam Bridge,,,,,,,,17,,,,,,,,,,,,,"OPEN DATA (OpenStreetMap, ODbL). DQ: INCOMPLETE - geometry & identity captured; owner/region/importance INFERRED (verify). Missing: condition, conditionRating, lastInspectionDate, lga, yearBuilt, postingStatus. No engineering/inspection data from open source.",Active,,,,,,1,,,,,,,,,"OpenStreetMap (open data, ODbL)",https://www.openstreetmap.org/way/20051007,OSM:way/20051007,20051007,,"{""type"":""LineString"",""coordinates"":[[149.1479361,-35.5163185],[149.1480208,-35.5164589]]}"
,,OSM-20103213,Second Avenue,Road Bridge,,,NSW,Sydney Metropolitan,,-33.902175,151.094267,,Local Council (inferred),,Beam Bridge,,,,,,,,23,,,,,,,,,,,,,"OPEN DATA (OpenStreetMap, ODbL). DQ: INCOMPLETE - geometry & identity captured; owner/region/importance INFERRED (verify). Missing: condition, conditionRating, lastInspectionDate, lga, yearBuilt, postingStatus. No engineering/inspection data from open source.",Active,,,,,,1,,,,,,,,,"OpenStreetMap (open data, ODbL)",https://www.openstreetmap.org/way/20103213,OSM:way/20103213,20103213,,"{""type"":""LineString"",""coordinates"":[[151.0942591,-33.9020736],[151.0942739,-33.9022768]]}"
,,OSM-20106428,Maria Street,Road Bridge,,,NSW,Sydney Metropolitan,,-33.897736,151.086101,,Local Council (inferred),,Beam Bridge,,,,,,,,19,,,,,,,,,,,,,"OPEN DATA (OpenStreetMap, ODbL). DQ: INCOMPLETE - geometry & identity captured; owner/region/importance INFERRED (verify). Missing: condition, conditionRating, lastInspectionDate, lga, yearBuilt, postingStatus. No engineering/inspection data from open source.",Active,,,,,,1,,,,,,,,,"OpenStreetMap (open data, ODbL)",https://www.openstreetmap.org/way/20106428,OSM:way/20106428,20106428,,"{""type"":""LineString"",""coordinates"":[[151.0860147,-33.8977813],[151.0861864,-33.8976908]]}"
,,A28,Cumberland Highway,Road Bridge,,A28,NSW,Sydney Metropolitan,,-33.85007,150.944869,,Transport for NSW (inferred),,Beam Bridge,2013,,,,,,,33,,3,,,,,,,,,,,"OPEN DATA (OpenStreetMap, ODbL). DQ: PARTIAL - geometry & identity captured; owner/region/importance INFERRED (verify). Missing: condition, conditionRating, lastInspectionDate, lga, postingStatus. No engineering/inspection data from open source.",Active,,,,,,4,,,,,,,,,"OpenStreetMap (open data, ODbL)",https://www.openstreetmap.org/way/20135745,OSM:way/20135745,20135745,,"{""type"":""LineString"",""coordinates"":[[150.9447366,-33.8501885],[150.9448898,-33.8500548],[150.9449796,-33.8499672]]}"
,,OSM-20335540,Bobeyan Road,Road Bridge,,,NSW,South East & Tablelands,,-35.980636,148.840112,,Local Council (inferred),,Beam Bridge,,,,,,,,41,,,,,,,,,,,,,"OPEN DATA (OpenStreetMap, ODbL). DQ: INCOMPLETE - geometry & identity captured; owner/region/importance INFERRED (verify). Missing: condition, conditionRating, lastInspectionDate, lga, yearBuilt, postingStatus. No engineering/inspection data from open source.",Active,,,,,,1,,,,,,,,,"OpenStreetMap (open data, ODbL)",https://www.openstreetmap.org/way/20335540,OSM:way/20335540,20335540,,"{""type"":""LineString"",""coordinates"":[[148.8400182,-35.9808045],[148.840206,-35.9804681]]}"
,,OSM-20545146,Yass Valley Way,Road Bridge,,,NSW,South East & Tablelands,,-34.867193,148.967899,,Local Council (inferred),,Beam Bridge,,,,,,,,89,,2,,,,,,,,,,,"OPEN DATA (OpenStreetMap, ODbL). DQ: INCOMPLETE - geometry & identity captured; owner/region/importance INFERRED (verify). Missing: condition, conditionRating, lastInspectionDate, lga, yearBuilt, postingStatus. No engineering/inspection data from open source.",Active,,,,,,2,,,,,,,,,"OpenStreetMap (open data, ODbL)",https://www.openstreetmap.org/way/20545146,OSM:way/20545146,20545146,,"{""type"":""LineString"",""coordinates"":[[148.9674101,-34.8672051],[148.9683884,-34.86718]]}"
,,OSM-20727051,Yass River Road,Road Bridge,,,NSW,South East & Tablelands,,-34.881982,149.006879,,Local Council (inferred),,Beam Bridge,,,,,,,,29,,,,,,,,,,,,,"OPEN DATA (OpenStreetMap, ODbL). DQ: INCOMPLETE - geometry & identity captured; owner/region/importance INFERRED (verify). Missing: condition, conditionRating, lastInspectionDate, lga, yearBuilt, postingStatus. No engineering/inspection data from open source.",Active,,,,,,1,,,,,,,,,"OpenStreetMap (open data, ODbL)",https://www.openstreetmap.org/way/20727051,OSM:way/20727051,20727051,,"{""type"":""LineString"",""coordinates"":[[149.0068015,-34.8818696],[149.006957,-34.8820952]]}"
,,M31,Hume Highway,Road Bridge,,M31,NSW,South East & Tablelands,,-34.794237,149.272469,,Transport for NSW (inferred),,Beam Bridge,,,,,,,,85,,2,,,,,,,,,,,"OPEN DATA (OpenStreetMap, ODbL). DQ: INCOMPLETE - geometry & identity captured; owner/region/importance INFERRED (verify). Missing: condition, conditionRating, lastInspectionDate, lga, yearBuilt, postingStatus. No engineering/inspection data from open source.",Active,,,,,,4,,,,,,,,,"OpenStreetMap (open data, ODbL)",https://www.openstreetmap.org/way/20796533,OSM:way/20796533,20796533,,"{""type"":""LineString"",""coordinates"":[[149.2720695,-34.7940431],[149.2728686,-34.7944315]]}"
,,M31,Hume Highway,Road Bridge,,M31,NSW,South East & Tablelands,,-34.794539,149.272447,,Transport for NSW (inferred),,Beam Bridge,,,,,,,,80,,2,,,,,,,,,,,"OPEN DATA (OpenStreetMap, ODbL). DQ: INCOMPLETE - geometry & identity captured; owner/region/importance INFERRED (verify). Missing: condition, conditionRating, lastInspectionDate, lga, yearBuilt, postingStatus. No engineering/inspection data from open source.",Active,,,,,,4,,,,,,,,,"OpenStreetMap (open data, ODbL)",https://www.openstreetmap.org/way/20796544,OSM:way/20796544,20796544,,"{""type"":""LineString"",""coordinates"":[[149.2728337,-34.7947085],[149.2720612,-34.7943691]]}"
,,OSM-20810785,Main Western Line,Rail Bridge,,,NSW,Central West & Orana,,-33.423982,149.584848,,Transport Asset Holding Entity (inferred),,Beam Bridge,,,,,,,,15,,,,,,,,,,,,,"OPEN DATA (OpenStreetMap, ODbL). DQ: INCOMPLETE - geometry & identity captured; owner/region/importance INFERRED (verify). Missing: condition, conditionRating, lastInspectionDate, lga, yearBuilt, postingStatus. No engineering/inspection data from open source.",Active,,,,,,4,,,,,,,,,"OpenStreetMap (open data, ODbL)",https://www.openstreetmap.org/way/20810785,OSM:way/20810785,20810785,,"{""type"":""LineString"",""coordinates"":[[149.5847843,-33.4240215],[149.584912,-33.423943]]}"
,,1,Littlebourne Street,Road Bridge,,1,NSW,Central West & Orana,,-33.422257,149.614976,,Transport for NSW (inferred),,Beam Bridge,,,,,,,,29,,2,,,,,,,,,,,"OPEN DATA (OpenStreetMap, ODbL). DQ: INCOMPLETE - geometry & identity captured; owner/region/importance INFERRED (verify). Missing: condition, conditionRating, lastInspectionDate, lga, yearBuilt, postingStatus. No engineering/inspection data from open source.",Active,,,,,,2,,,,,,,,,"OpenStreetMap (open data, ODbL)",https://www.openstreetmap.org/way/20810792,OSM:way/20810792,20810792,,"{""type"":""LineString"",""coordinates"":[[149.6149737,-33.4221257],[149.6149792,-33.4223876]]}"
,,OSM-20876373,Thackery Street Bridge,Shared Path Bridge,,,NSW,Sydney Metropolitan,,-33.817912,151.041185,,Local Council (inferred),,Beam Bridge,,,,,,,,77,,,,,,,,,,,,,"OPEN DATA (OpenStreetMap, ODbL). DQ: INCOMPLETE - geometry & identity captured; owner/region/importance INFERRED (verify). Missing: condition, conditionRating, lastInspectionDate, lga, yearBuilt, postingStatus. No engineering/inspection data from open source.",Active,,,,,,1,,,,,,,,,"OpenStreetMap (open data, ODbL)",https://www.openstreetmap.org/way/20876373,OSM:way/20876373,20876373,,"{""type"":""LineString"",""coordinates"":[[151.0412158,-33.817567],[151.041154,-33.8182567]]}"
,,OSM-20899607,Jacobs Drive,Road Bridge,,,NSW,Illawarra & Shoalhaven,,-35.158564,150.586624,,Local Council (inferred),,Beam Bridge,,,,,,,,24,,,,,,,,,,,,,"OPEN DATA (OpenStreetMap, ODbL). DQ: INCOMPLETE - geometry & identity captured; owner/region/importance INFERRED (verify). Missing: condition, conditionRating, lastInspectionDate, lga, yearBuilt, postingStatus. No engineering/inspection data from open source.",Active,,,,,,2,,,,,,,,,"OpenStreetMap (open data, ODbL)",https://www.openstreetmap.org/way/20899607,OSM:way/20899607,20899607,,"{""type"":""LineString"",""coordinates"":[[150.5864904,-35.1585664],[150.5867569,-35.1585616]]}"
,,8;15,Myra Vale Road,Road Bridge,,8;15,NSW,Illawarra & Shoalhaven,,-34.656119,150.491397,,Transport for NSW (inferred),,Beam Bridge,,,,,,,,44,,,,,,,,,,,,,"OPEN DATA (OpenStreetMap, ODbL). DQ: INCOMPLETE - geometry & identity captured; owner/region/importance INFERRED (verify). Missing: condition, conditionRating, lastInspectionDate, lga, yearBuilt, postingStatus. No engineering/inspection data from open source.",Active,,,,,,1,,,,,,,,,"OpenStreetMap (open data, ODbL)",https://www.openstreetmap.org/way/20944811,OSM:way/20944811,20944811,,"{""type"":""LineString"",""coordinates"":[[150.4911806,-34.6560293],[150.4916142,-34.6562086]]}"
,,B73;15,Nowra Road,Road Bridge,,B73;15,NSW,Illawarra & Shoalhaven,,-34.647534,150.483377,,Transport for NSW (inferred),,Beam Bridge,,,,,,,,35,,2,,,,,,,,,,,"OPEN DATA (OpenStreetMap, ODbL). DQ: INCOMPLETE - geometry & identity captured; owner/region/importance INFERRED (verify). Missing: condition, conditionRating, lastInspectionDate, lga, yearBuilt, postingStatus. No engineering/inspection data from open source.",Active,,,,,,3,,,,,,,,,"OpenStreetMap (open data, ODbL)",https://www.openstreetmap.org/way/20944825,OSM:way/20944825,20944825,,"{""type"":""LineString"",""coordinates"":[[150.4832142,-34.647455],[150.4835394,-34.647614]]}"
,,OSM-20950434,Collier Drive,Road Bridge,,,NSW,Illawarra & Shoalhaven,,-35.195307,150.560592,,Local Council (inferred),,Beam Bridge,,,,,,,,42,,,,,,,,,,,,,"OPEN DATA (OpenStreetMap, ODbL). DQ: INCOMPLETE - geometry & identity captured; owner/region/importance INFERRED (verify). Missing: condition, conditionRating, lastInspectionDate, lga, yearBuilt, postingStatus. No engineering/inspection data from open source.",Active,,,,,,2,,,,,,,,,"OpenStreetMap (open data, ODbL)",https://www.openstreetmap.org/way/20950434,OSM:way/20950434,20950434,,"{""type"":""LineString"",""coordinates"":[[150.5603951,-35.1954078],[150.5607892,-35.1952072]]}"
,,OSM-21037757,Christie Road,Road Bridge,,,NSW,Sydney Metropolitan,,-33.772498,151.119028,,Local Council (inferred),,Beam Bridge,,,,,,,,41,,,,,,,,,,,,,"OPEN DATA (OpenStreetMap, ODbL). DQ: INCOMPLETE - geometry & identity captured; owner/region/importance INFERRED (verify). Missing: condition, conditionRating, lastInspectionDate, lga, yearBuilt, postingStatus. No engineering/inspection data from open source.",Active,,,,,,2,,,,,,,,,"OpenStreetMap (open data, ODbL)",https://www.openstreetmap.org/way/21037757,OSM:way/21037757,21037757,,"{""type"":""LineString"",""coordinates"":[[151.1191732,-33.7723554],[151.1188827,-33.7726398]]}"
,,OSM-21046108,Great Western Highway,Road Bridge,,,NSW,Sydney Metropolitan,,-33.75143,150.644859,,Local Council (inferred),,Beam Bridge,,,,,,,,24,12,2,,,,,,,,,,,"OPEN DATA (OpenStreetMap, ODbL). DQ: INCOMPLETE - geometry & identity captured; owner/region/importance INFERRED (verify). Missing: condition, conditionRating, lastInspectionDate, lga, yearBuilt, postingStatus. No engineering/inspection data from open source.",Active,,,,,,2,,,,,,,,,"OpenStreetMap (open data, ODbL)",https://www.openstreetmap.org/way/21046108,OSM:way/21046108,21046108,,"{""type"":""LineString"",""coordinates"":[[150.6447296,-33.7514419],[150.6449885,-33.751418]]}"
,,OSM-21046166,Fletcher Street,Road Bridge,,,NSW,Sydney Metropolitan,,-33.761207,150.613815,,Local Council (inferred),,Beam Bridge,,,,,,,,40,,,,,,,,,,,,,"OPEN DATA (OpenStreetMap, ODbL). DQ: INCOMPLETE - geometry & identity captured; owner/region/importance INFERRED (verify). Missing: condition, conditionRating, lastInspectionDate, lga, yearBuilt, postingStatus. No engineering/inspection data from open source.",Active,,,,,,1,,,,,,,,,"OpenStreetMap (open data, ODbL)",https://www.openstreetmap.org/way/21046166,OSM:way/21046166,21046166,,"{""type"":""LineString"",""coordinates"":[[150.61364,-33.7613143],[150.61399,-33.7611002]]}"
,,OSM-21048321,Mitchells Pass,Road Bridge,,,NSW,Sydney Metropolitan,,-33.754232,150.632407,,Local Council (inferred),,Beam Bridge,,,,,,,,24,,,,,,Restricted,,,,,,,"OPEN DATA (OpenStreetMap, ODbL). DQ: PARTIAL - geometry & identity captured; owner/region/importance INFERRED (verify). Missing: condition, conditionRating, lastInspectionDate, lga, yearBuilt. No engineering/inspection data from open source. HV: load limit 3t (posted, open data; NHVR gazettal/route approval NOT verified).",Active,,,,3,,2,,,,,,,,,"OpenStreetMap (open data, ODbL)",https://www.openstreetmap.org/way/21048321,OSM:way/21048321,21048321,,"{""type"":""LineString"",""coordinates"":[[150.6323178,-33.7541739],[150.6323401,-33.7541945],[150.6323665,-33.7542165],[150.6324116,-33.7542436],[150.632473,-33.7542726],[150.6325322,-33.7542888]]}"
,,OSM-21356213,The Strand,Road Bridge,,,NSW,Sydney Metropolitan,,-33.966256,151.088369,,Local Council (inferred),,Beam Bridge,,,,,,,,23,,,,,,,,,,,,,"OPEN DATA (OpenStreetMap, ODbL). DQ: INCOMPLETE - geometry & identity captured; owner/region/importance INFERRED (verify). Missing: condition, conditionRating, lastInspectionDate, lga, yearBuilt, postingStatus. No engineering/inspection data from open source.",Active,,,,,,1,,,,,,,,,"OpenStreetMap (open data, ODbL)",https://www.openstreetmap.org/way/21356213,OSM:way/21356213,21356213,,"{""type"":""LineString"",""coordinates"":[[151.0883902,-33.966369],[151.0883765,-33.9663157],[151.0883669,-33.9662675],[151.0883606,-33.9662247],[151.0883592,-33.9661939],[151.0883606,-33.966163]]}"
,,OSM-21777983,Cowdery Street,Road Bridge,,,NSW,Sydney Metropolitan,,-33.768441,150.618117,,Local Council (inferred),,Beam Bridge,,,,,,,,22,,,,,,,,,,,,,"OPEN DATA (OpenStreetMap, ODbL). DQ: INCOMPLETE - geometry & identity captured; owner/region/importance INFERRED (verify). Missing: condition, conditionRating, lastInspectionDate, lga, yearBuilt, postingStatus. No engineering/inspection data from open source.",Active,,,,,,1,,,,,,,,,"OpenStreetMap (open data, ODbL)",https://www.openstreetmap.org/way/21777983,OSM:way/21777983,21777983,,"{""type"":""LineString"",""coordinates"":[[150.618149,-33.7683445],[150.6180852,-33.7685385]]}"
,,A15,New England Highway,Road Bridge,,A15,NSW,New England & North West,,-30.489719,151.656624,,Transport for NSW (inferred),,Beam Bridge,,,,,,,,37,,2,,,,,,,,,,,"OPEN DATA (OpenStreetMap, ODbL). DQ: INCOMPLETE - geometry & identity captured; owner/region/importance INFERRED (verify). Missing: condition, conditionRating, lastInspectionDate, lga, yearBuilt, postingStatus. No engineering/inspection data from open source.",Active,,,,,,4,,,,,,,,,"OpenStreetMap (open data, ODbL)",https://www.openstreetmap.org/way/22018925,OSM:way/22018925,22018925,,"{""type"":""LineString"",""coordinates"":[[151.6564351,-30.4897429],[151.6568137,-30.4896952]]}"
,,B78,Dangar Street,Road Bridge,,B78,NSW,New England & North West,,-30.524198,151.660511,,Transport for NSW (inferred),,Beam Bridge,,,,,,,,27,,2,,,,,,,,,,,"OPEN DATA (OpenStreetMap, ODbL). DQ: INCOMPLETE - geometry & identity captured; owner/region/importance INFERRED (verify). Missing: condition, conditionRating, lastInspectionDate, lga, yearBuilt, postingStatus. No engineering/inspection data from open source.",Active,,,,,,3,,,,,,,,,"OpenStreetMap (open data, ODbL)",https://www.openstreetmap.org/way/22214313,OSM:way/22214313,22214313,,"{""type"":""LineString"",""coordinates"":[[151.6606241,-30.5241222],[151.6603986,-30.524273]]}"
,,A8,Pittwater Road,Road Bridge,,A8,NSW,Sydney Metropolitan,,-33.703681,151.297631,,Transport for NSW (inferred),,Beam Bridge,2013,,,,,,,19,,3,,,,,,,,,,,"OPEN DATA (OpenStreetMap, ODbL). DQ: PARTIAL - geometry & identity captured; owner/region/importance INFERRED (verify). Missing: condition, conditionRating, lastInspectionDate, lga, postingStatus. No engineering/inspection data from open source.",Active,,,,,,4,,,,,,,,,"OpenStreetMap (open data, ODbL)",https://www.openstreetmap.org/way/22371010,OSM:way/22371010,22371010,,"{""type"":""LineString"",""coordinates"":[[151.2976443,-33.703598],[151.2976175,-33.7037632]]}"
,,OSM-22480666,River Road,Road Bridge,,,NSW,Illawarra & Shoalhaven,,-35.153001,150.5938,,Local Council (inferred),,Beam Bridge,,,,,,,,53,,2,,,,,,,,,,,"OPEN DATA (OpenStreetMap, ODbL). DQ: INCOMPLETE - geometry & identity captured; owner/region/importance INFERRED (verify). Missing: condition, conditionRating, lastInspectionDate, lga, yearBuilt, postingStatus. No engineering/inspection data from open source.",Active,,,,,,1,,,,,,,,,"OpenStreetMap (open data, ODbL)",https://www.openstreetmap.org/way/22480666,OSM:way/22480666,22480666,,"{""type"":""LineString"",""coordinates"":[[150.5935996,-35.1528298],[150.5939996,-35.153172]]}"
,,OSM-22480905,River Road,Road Bridge,,,NSW,Illawarra & Shoalhaven,,-35.162846,150.598453,,Local Council (inferred),,Beam Bridge,,,,,,,,24,,,,,,,,,,,,,"OPEN DATA (OpenStreetMap, ODbL). DQ: INCOMPLETE - geometry & identity captured; owner/region/importance INFERRED (verify). Missing: condition, conditionRating, lastInspectionDate, lga, yearBuilt, postingStatus. No engineering/inspection data from open source.",Active,,,,,,1,,,,,,,,,"OpenStreetMap (open data, ODbL)",https://www.openstreetmap.org/way/22480905,OSM:way/22480905,22480905,,"{""type"":""LineString"",""coordinates"":[[150.5983982,-35.1629457],[150.5985078,-35.1627455]]}"
,,OSM-22573182,The Crescent,Road Bridge,,,NSW,Sydney Metropolitan,,-33.94403,151.090079,,Local Council (inferred),,Beam Bridge,,,,,,,,13,,,,,,,,,,,,,"OPEN DATA (OpenStreetMap, ODbL). DQ: INCOMPLETE - geometry & identity captured; owner/region/importance INFERRED (verify). Missing: condition, conditionRating, lastInspectionDate, lga, yearBuilt, postingStatus. No engineering/inspection data from open source.",Active,,,,,,1,,,,,,,,,"OpenStreetMap (open data, ODbL)",https://www.openstreetmap.org/way/22573182,OSM:way/22573182,22573182,,"{""type"":""LineString"",""coordinates"":[[151.090125,-33.9440771],[151.0900322,-33.9439838]]}"
,,OSM-22573245,The Crescent,Road Bridge,,,NSW,Sydney Metropolitan,,-33.942543,151.091866,,Local Council (inferred),,Beam Bridge,,,,,,,,11,,,,,,,,,,,,,"OPEN DATA (OpenStreetMap, ODbL). DQ: INCOMPLETE - geometry & identity captured; owner/region/importance INFERRED (verify). Missing: condition, conditionRating, lastInspectionDate, lga, yearBuilt, postingStatus. No engineering/inspection data from open source.",Active,,,,,,1,,,,,,,,,"OpenStreetMap (open data, ODbL)",https://www.openstreetmap.org/way/22573245,OSM:way/22573245,22573245,,"{""type"":""LineString"",""coordinates"":[[151.0918283,-33.9425081],[151.0918632,-33.9425403],[151.0919056,-33.9425793]]}"
,,M5,M5 Motorway,Road Bridge,,M5,NSW,Sydney Metropolitan,,-33.938739,151.100695,,Transport for NSW (inferred),,Beam Bridge,2013,,,,,,,36,,3,,,,,,,,,,,"OPEN DATA (OpenStreetMap, ODbL). DQ: PARTIAL - geometry & identity captured; owner/region/importance INFERRED (verify). Missing: condition, conditionRating, lastInspectionDate, lga, postingStatus. No engineering/inspection data from open source.",Active,,,,,,4,,,,,,,,,"OpenStreetMap (open data, ODbL)",https://www.openstreetmap.org/way/22575367,OSM:way/22575367,22575367,,"{""type"":""LineString"",""coordinates"":[[151.1008697,-33.9386695],[151.1005197,-33.9388088]]}"
,,OSM-22632337,Haldon Street,Road Bridge,,,NSW,Sydney Metropolitan,,-33.919774,151.076931,,Local Council (inferred),,Beam Bridge,,,,,,,,30,,2,,,,,,,,,,,"OPEN DATA (OpenStreetMap, ODbL). DQ: INCOMPLETE - geometry & identity captured; owner/region/importance INFERRED (verify). Missing: condition, conditionRating, lastInspectionDate, lga, yearBuilt, postingStatus. No engineering/inspection data from open source.",Active,,,,,,1,,,,,,,,,"OpenStreetMap (open data, ODbL)",https://www.openstreetmap.org/way/22632337,OSM:way/22632337,22632337,,"{""type"":""LineString"",""coordinates"":[[151.0770043,-33.9198933],[151.0768585,-33.9196553]]}"
,,OSM-22633093,Moreton Street,Road Bridge,,,NSW,Sydney Metropolitan,,-33.918147,151.08177,,Local Council (inferred),,Beam Bridge,,,,,,,,34,,,,,,,,,,,,,"OPEN DATA (OpenStreetMap, ODbL). DQ: INCOMPLETE - geometry & identity captured; owner/region/importance INFERRED (verify). Missing: condition, conditionRating, lastInspectionDate, lga, yearBuilt, postingStatus. No engineering/inspection data from open source.",Active,,,,,,2,,,,,,,,,"OpenStreetMap (open data, ODbL)",https://www.openstreetmap.org/way/22633093,OSM:way/22633093,22633093,,"{""type"":""LineString"",""coordinates"":[[151.0818533,-33.9182847],[151.081687,-33.9180092]]}"
,,OSM-22730479,Winterton Parade,Road Bridge,,,NSW,Northern Rivers,,-28.802918,153.280028,,Local Council (inferred),,Beam Bridge,,,,,,,,57,,,,,,,,,,,,,"OPEN DATA (OpenStreetMap, ODbL). DQ: INCOMPLETE - geometry & identity captured; owner/region/importance INFERRED (verify). Missing: condition, conditionRating, lastInspectionDate, lga, yearBuilt, postingStatus. No engineering/inspection data from open source.",Active,,,,,,1,,,,,,,,,"OpenStreetMap (open data, ODbL)",https://www.openstreetmap.org/way/22730479,OSM:way/22730479,22730479,,"{""type"":""LineString"",""coordinates"":[[153.2801903,-28.8027036],[153.279866,-28.8031318]]}"
,,OSM-22739825,Main Northern Railway,Rail Bridge,,,NSW,New England & North West,,-30.511699,151.648076,,Transport Asset Holding Entity (inferred),,Beam Bridge,,,,,,,,13,,,,,,,,,,,,,"OPEN DATA (OpenStreetMap, ODbL). DQ: INCOMPLETE - geometry & identity captured; owner/region/importance INFERRED (verify). Missing: condition, conditionRating, lastInspectionDate, lga, yearBuilt, postingStatus. No engineering/inspection data from open source.",Active,,,,,,4,,,,,,,,,"OpenStreetMap (open data, ODbL)",https://www.openstreetmap.org/way/22739825,OSM:way/22739825,22739825,,"{""type"":""LineString"",""coordinates"":[[151.6481201,-30.5117418],[151.6480328,-30.5116565]]}"
,,OSM-22803802,Mandowa Street,Road Bridge,,,NSW,New England & North West,,-30.745023,150.713311,,Local Council (inferred),,Beam Bridge,,,,,,,,85,,,,,,,,,,,,,"OPEN DATA (OpenStreetMap, ODbL). DQ: INCOMPLETE - geometry & identity captured; owner/region/importance INFERRED (verify). Missing: condition, conditionRating, lastInspectionDate, lga, yearBuilt, postingStatus. No engineering/inspection data from open source.",Active,,,,,,2,,,,,,,,,"OpenStreetMap (open data, ODbL)",https://www.openstreetmap.org/way/22803802,OSM:way/22803802,22803802,,"{""type"":""LineString"",""coordinates"":[[150.7129138,-30.745192],[150.713709,-30.744854]]}"
,,B95,Manilla Road,Road Bridge,,B95,NSW,New England & North West,,-30.644497,150.67811,,Transport for NSW (inferred),,Beam Bridge,,,,,,,,126,,,,,,,,,,,,,"OPEN DATA (OpenStreetMap, ODbL). DQ: INCOMPLETE - geometry & identity captured; owner/region/importance INFERRED (verify). Missing: condition, conditionRating, lastInspectionDate, lga, yearBuilt, postingStatus. No engineering/inspection data from open source.",Active,,,,,,3,,,,,,,,,"OpenStreetMap (open data, ODbL)",https://www.openstreetmap.org/way/22803805,OSM:way/22803805,22803805,,"{""type"":""LineString"",""coordinates"":[[150.6784296,-30.6449937],[150.6777896,-30.644001]]}"
,,OSM-22819329,Sawtell Road,Road Bridge,,,NSW,Mid North Coast,,-30.335812,153.079639,,Local Council (inferred),,Beam Bridge,,,,,,,,54,,1,,,,,,,,,,,"OPEN DATA (OpenStreetMap, ODbL). DQ: INCOMPLETE - geometry & identity captured; owner/region/importance INFERRED (verify). Missing: condition, conditionRating, lastInspectionDate, lga, yearBuilt, postingStatus. No engineering/inspection data from open source.",Active,,,,,,2,,,,,,,,,"OpenStreetMap (open data, ODbL)",https://www.openstreetmap.org/way/22819329,OSM:way/22819329,22819329,,"{""type"":""LineString"",""coordinates"":[[153.0794782,-30.3356098],[153.0796418,-30.3358139],[153.0797964,-30.3360137]]}"
,,B76,Gwydir Highway,Road Bridge,,B76,NSW,Regional NSW,,-29.577137,152.554922,,Transport for NSW (inferred),,Beam Bridge,,,,,,,,283,,2,,,,,,,,,,,"OPEN DATA (OpenStreetMap, ODbL). DQ: INCOMPLETE - geometry & identity captured; owner/region/importance INFERRED (verify). Missing: condition, conditionRating, lastInspectionDate, lga, yearBuilt, postingStatus. No engineering/inspection data from open source.",Active,,,,,,3,,,,,,,,,"OpenStreetMap (open data, ODbL)",https://www.openstreetmap.org/way/22819620,OSM:way/22819620,22819620,,"{""type"":""LineString"",""coordinates"":[[152.5534648,-29.5770146],[152.55638,-29.5772596]]}"
,,OSM-22874646,Epping Road,Road Bridge,,,NSW,Sydney Metropolitan,,-33.800926,151.143806,,Local Council (inferred),,Beam Bridge,,,,,,,,79,,2,,,,,,,,,,,"OPEN DATA (OpenStreetMap, ODbL). DQ: INCOMPLETE - geometry & identity captured; owner/region/importance INFERRED (verify). Missing: condition, conditionRating, lastInspectionDate, lga, yearBuilt, postingStatus. No engineering/inspection data from open source.",Active,,,,,,3,,,,,,,,,"OpenStreetMap (open data, ODbL)",https://www.openstreetmap.org/way/22874646,OSM:way/22874646,22874646,,"{""type"":""LineString"",""coordinates"":[[151.1441439,-33.801142],[151.143468,-33.8007104]]}"
,,A3,Lane Cove Road,Road Bridge,,A3,NSW,Sydney Metropolitan,,-33.775765,151.135509,,Transport for NSW (inferred),,Beam Bridge,,,,,,,,185,,3,,,,,,,,,,,"OPEN DATA (OpenStreetMap, ODbL). DQ: INCOMPLETE - geometry & identity captured; owner/region/importance INFERRED (verify). Missing: condition, conditionRating, lastInspectionDate, lga, yearBuilt, postingStatus. No engineering/inspection data from open source.",Active,,,,,,4,,,,,,,,,"OpenStreetMap (open data, ODbL)",https://www.openstreetmap.org/way/22874677,OSM:way/22874677,22874677,,"{""type"":""LineString"",""coordinates"":[[151.1354727,-33.7749343],[151.1355447,-33.7765959]]}"
,,OSM-22882413,Merimbula Boardwalk and Walking Track,Pedestrian Bridge,,,NSW,South East & Tablelands,,-36.895159,149.90631,,Local Council (inferred),,Boardwalk,,,,,,,,431,,,,,,,,,,,,,"OPEN DATA (OpenStreetMap, ODbL). DQ: INCOMPLETE - geometry & identity captured; owner/region/importance INFERRED (verify). Missing: condition, conditionRating, lastInspectionDate, lga, yearBuilt, postingStatus. No engineering/inspection data from open source.",Active,,,,,,1,,,,,,,,,"OpenStreetMap (open data, ODbL)",https://www.openstreetmap.org/way/22882413,OSM:way/22882413,22882413,,"{""type"":""LineString"",""coordinates"":[[149.908253,-36.894532],[149.9079846,-36.894553],[149.9077516,-36.8946169],[149.9075504,-36.894672],[149.9072457,-36.8946895],[149.906976,-36.8948607],[149.9064595,-36.8954301],[149.9061639,-36.8955866],[149.9056739,-36.895712],[149.9052669,-36.8957206],[149.9050666,-36.8956589],[149.9049335,-36.8955898],[149.9048187,-36.8954535],[149.9041917,-36.8951572]]}"
,,OSM-22887883,Albert Street,Road Bridge,,,NSW,Sydney Metropolitan,,-33.911927,151.091375,,Local Council (inferred),,Beam Bridge,,,,,,,,19,,,,,,,,,,,,,"OPEN DATA (OpenStreetMap, ODbL). DQ: INCOMPLETE - geometry & identity captured; owner/region/importance INFERRED (verify). Missing: condition, conditionRating, lastInspectionDate, lga, yearBuilt, postingStatus. No engineering/inspection data from open source.",Active,,,,,,2,,,,,,,,,"OpenStreetMap (open data, ODbL)",https://www.openstreetmap.org/way/22887883,OSM:way/22887883,22887883,,"{""type"":""LineString"",""coordinates"":[[151.0912879,-33.9119641],[151.0913233,-33.911949],[151.0914135,-33.9119103],[151.0914748,-33.911885]]}"
,,OSM-22917366,Gore Hill Freeway Onramp,Road Bridge,,,NSW,Sydney Metropolitan,,-33.813476,151.185407,,Local Council (inferred),,Beam Bridge,,,,,,,,72,,2,,,,,,,,,,,"OPEN DATA (OpenStreetMap, ODbL). DQ: INCOMPLETE - geometry & identity captured; owner/region/importance INFERRED (verify). Missing: condition, conditionRating, lastInspectionDate, lga, yearBuilt, postingStatus. No engineering/inspection data from open source.",Active,,,,,,4,,,,,,,,,"OpenStreetMap (open data, ODbL)",https://www.openstreetmap.org/way/22917366,OSM:way/22917366,22917366,,"{""type"":""LineString"",""coordinates"":[[151.1850951,-33.8134364],[151.1852587,-33.8134563],[151.1858685,-33.8135349]]}"
,,M4,Western Motorway,Road Bridge,,M4,NSW,Sydney Metropolitan,,-33.83098,151.020156,,Transport for NSW (inferred),,Beam Bridge,2013,,,,,,,476,,4,,,,,,,,,,,"OPEN DATA (OpenStreetMap, ODbL). DQ: PARTIAL - geometry & identity captured; owner/region/importance INFERRED (verify). Missing: condition, conditionRating, lastInspectionDate, lga, postingStatus. No engineering/inspection data from open source.",Active,,,,,,4,,,,,,,,,"OpenStreetMap (open data, ODbL)",https://www.openstreetmap.org/way/22932070,OSM:way/22932070,22932070,,"{""type"":""LineString"",""coordinates"":[[151.0222515,-33.8324118],[151.0209662,-33.8315486],[151.0191293,-33.8302784],[151.0182763,-33.8296818]]}"
,,OSM-22945511,Adderton Road,Road Bridge,,,NSW,Sydney Metropolitan,,-33.797172,151.039506,,Local Council (inferred),,Beam Bridge,,,,,,,,25,,,,,,Restricted,,,,,,,"OPEN DATA (OpenStreetMap, ODbL). DQ: PARTIAL - geometry & identity captured; owner/region/importance INFERRED (verify). Missing: condition, conditionRating, lastInspectionDate, lga, yearBuilt. No engineering/inspection data from open source. HV: load limit 3t (posted, open data; NHVR gazettal/route approval NOT verified).",Active,,,,3,,2,,,,,,,,,"OpenStreetMap (open data, ODbL)",https://www.openstreetmap.org/way/22945511,OSM:way/22945511,22945511,,"{""type"":""LineString"",""coordinates"":[[151.0394309,-33.7971041],[151.0394747,-33.7971459],[151.0396124,-33.7972666]]}"
,,29,Thunderbolts Way,Road Bridge,,29,NSW,Hunter,,-31.999722,151.951351,,Transport for NSW (inferred),,Beam Bridge,,,,,,,,55,,2,,,,,,,,,,,"OPEN DATA (OpenStreetMap, ODbL). DQ: INCOMPLETE - geometry & identity captured; owner/region/importance INFERRED (verify). Missing: condition, conditionRating, lastInspectionDate, lga, yearBuilt, postingStatus. No engineering/inspection data from open source.",Active,,,,,,2,,,,,,,,,"OpenStreetMap (open data, ODbL)",https://www.openstreetmap.org/way/22979517,OSM:way/22979517,22979517,,"{""type"":""LineString"",""coordinates"":[[151.9512657,-31.9994836],[151.951436,-31.9999602]]}"
,,OSM-22991974,Riverside Drive,Road Bridge,,,NSW,Sydney Metropolitan,,-33.783102,151.137749,,Local Council (inferred),,Beam Bridge,1938,,,,,,,12,,2,,,,,,,,,,,"OPEN DATA (OpenStreetMap, ODbL). DQ: PARTIAL - geometry & identity captured; owner/region/importance INFERRED (verify). Missing: condition, conditionRating, lastInspectionDate, lga, postingStatus. No engineering/inspection data from open source.",Active,,,,,,1,,,,,,,,,"OpenStreetMap (open data, ODbL)",https://www.openstreetmap.org/way/22991974,OSM:way/22991974,22991974,,"{""type"":""LineString"",""coordinates"":[[151.1376929,-33.7830709],[151.1378049,-33.7831329]]}"
,,OSM-23009794,Constitution Road,Road Bridge,,,NSW,Sydney Metropolitan,,-33.902513,151.13819,,Local Council (inferred),,Beam Bridge,,,,,,,,16,,2,,,,Restricted,,,,,,,"OPEN DATA (OpenStreetMap, ODbL). DQ: PARTIAL - geometry & identity captured; owner/region/importance INFERRED (verify). Missing: condition, conditionRating, lastInspectionDate, lga, yearBuilt. No engineering/inspection data from open source. HV: load limit 19t (posted, open data; NHVR gazettal/route approval NOT verified).",Active,,,,19,,1,,,,,,,,,"OpenStreetMap (open data, ODbL)",https://www.openstreetmap.org/way/23009794,OSM:way/23009794,23009794,,"{""type"":""LineString"",""coordinates"":[[151.1381027,-33.9025214],[151.1382775,-33.9025054]]}"
,,A3,Centenary Drive,Road Bridge,,A3,NSW,Sydney Metropolitan,,-33.858411,151.069312,,Transport for NSW (inferred),,Beam Bridge,,,,,,,,63,,3,,,,,,,,,,,"OPEN DATA (OpenStreetMap, ODbL). DQ: INCOMPLETE - geometry & identity captured; owner/region/importance INFERRED (verify). Missing: condition, conditionRating, lastInspectionDate, lga, yearBuilt, postingStatus. No engineering/inspection data from open source.",Active,,,,,,4,,,,,,,,,"OpenStreetMap (open data, ODbL)",https://www.openstreetmap.org/way/23064131,OSM:way/23064131,23064131,,"{""type"":""LineString"",""coordinates"":[[151.0691603,-33.8586626],[151.0694642,-33.8581586]]}"
,,A3,Centenary Drive,Road Bridge,,A3,NSW,Sydney Metropolitan,,-33.864205,151.066314,,Transport for NSW (inferred),,Beam Bridge,,,,,,,,98,,4,,,,,,,,,,,"OPEN DATA (OpenStreetMap, ODbL). DQ: INCOMPLETE - geometry & identity captured; owner/region/importance INFERRED (verify). Missing: condition, conditionRating, lastInspectionDate, lga, yearBuilt, postingStatus. No engineering/inspection data from open source.",Active,,,,,,4,,,,,,,,,"OpenStreetMap (open data, ODbL)",https://www.openstreetmap.org/way/23064133,OSM:way/23064133,23064133,,"{""type"":""LineString"",""coordinates"":[[151.0664832,-33.8637895],[151.0661445,-33.8646206]]}"
,,A3,King Georges Road,Road Bridge,,A3,NSW,Sydney Metropolitan,,-33.922653,151.068389,,Transport for NSW (inferred),,Beam Bridge,,,,,,,,38,,4,,,,,,,,,,,"OPEN DATA (OpenStreetMap, ODbL). DQ: INCOMPLETE - geometry & identity captured; owner/region/importance INFERRED (verify). Missing: condition, conditionRating, lastInspectionDate, lga, yearBuilt, postingStatus. No engineering/inspection data from open source.",Active,,,,,,4,,,,,,,,,"OpenStreetMap (open data, ODbL)",https://www.openstreetmap.org/way/23064144,OSM:way/23064144,23064144,,"{""type"":""LineString"",""coordinates"":[[151.0682737,-33.9224593],[151.0684379,-33.9227345],[151.0684554,-33.9227638]]}"
,,A37,Newcastle Inner City Bypass,Road Bridge,,A37,NSW,Hunter,,-32.958388,151.679004,,Transport for NSW (inferred),,Beam Bridge,,,,,,,,108,,2,,,,,,,,,,,"OPEN DATA (OpenStreetMap, ODbL). DQ: INCOMPLETE - geometry & identity captured; owner/region/importance INFERRED (verify). Missing: condition, conditionRating, lastInspectionDate, lga, yearBuilt, postingStatus. No engineering/inspection data from open source.",Active,,,,,,4,,,,,,,,,"OpenStreetMap (open data, ODbL)",https://www.openstreetmap.org/way/23098135,OSM:way/23098135,23098135,,"{""type"":""LineString"",""coordinates"":[[151.679262,-32.957951],[151.6787466,-32.958825]]}"
,,OSM-23098156,Warners Bay Road,Road Bridge,,,NSW,Hunter,,-32.975093,151.678068,,Local Council (inferred),,Beam Bridge,,,,,,,,46,,1,,,,,,,,,,,"OPEN DATA (OpenStreetMap, ODbL). DQ: INCOMPLETE - geometry & identity captured; owner/region/importance INFERRED (verify). Missing: condition, conditionRating, lastInspectionDate, lga, yearBuilt, postingStatus. No engineering/inspection data from open source.",Active,,,,,,2,,,,,,,,,"OpenStreetMap (open data, ODbL)",https://www.openstreetmap.org/way/23098156,OSM:way/23098156,23098156,,"{""type"":""LineString"",""coordinates"":[[151.6783147,-32.975075],[151.6778209,-32.9751105]]}"
,,OSM-23141200,Bundeena Drive,Road Bridge,,,NSW,Sydney Metropolitan,,-34.084661,151.148924,,Local Council (inferred),,Beam Bridge,,,,,,,,23,,2,,,,,,,,,,,"OPEN DATA (OpenStreetMap, ODbL). DQ: INCOMPLETE - geometry & identity captured; owner/region/importance INFERRED (verify). Missing: condition, conditionRating, lastInspectionDate, lga, yearBuilt, postingStatus. No engineering/inspection data from open source.",Active,,,,,,1,,,,,,,,,"OpenStreetMap (open data, ODbL)",https://www.openstreetmap.org/way/23141200,OSM:way/23141200,23141200,,"{""type"":""LineString"",""coordinates"":[[151.1490325,-34.084715],[151.148816,-34.0846063]]}"
,,OSM-23186652,Belgrave Esplanade,Road Bridge,,,NSW,Sydney Metropolitan,,-34.022001,151.115797,,Local Council (inferred),,Beam Bridge,,,,,,,,4,,2,,,,Restricted,,,,,,,"OPEN DATA (OpenStreetMap, ODbL). DQ: PARTIAL - geometry & identity captured; owner/region/importance INFERRED (verify). Missing: condition, conditionRating, lastInspectionDate, lga, yearBuilt. No engineering/inspection data from open source. HV: load limit 4.5t (posted, open data; NHVR gazettal/route approval NOT verified).",Active,,,,4.5,,1,,,,,,,,,"OpenStreetMap (open data, ODbL)",https://www.openstreetmap.org/way/23186652,OSM:way/23186652,23186652,,"{""type"":""LineString"",""coordinates"":[[151.1157849,-34.0220161],[151.1158092,-34.0219858]]}"
,,OSM-23241429,Clements Parade,Road Bridge,,,NSW,Sydney Metropolitan,,-34.034833,151.078267,,Local Council (inferred),,Beam Bridge,,,,,,,,27,,,,,,,,,,,,,"OPEN DATA (OpenStreetMap, ODbL). DQ: INCOMPLETE - geometry & identity captured; owner/region/importance INFERRED (verify). Missing: condition, conditionRating, lastInspectionDate, lga, yearBuilt, postingStatus. No engineering/inspection data from open source.",Active,,,,,,1,,,,,,,,,"OpenStreetMap (open data, ODbL)",https://www.openstreetmap.org/way/23241429,OSM:way/23241429,23241429,,"{""type"":""LineString"",""coordinates"":[[151.0782683,-34.034949],[151.078265,-34.0348998],[151.0782637,-34.0347806],[151.0782696,-34.0347022]]}"
,,A1,Pacific Highway,Road Bridge,,A1,NSW,Mid North Coast,,-31.841244,152.6111,,Transport for NSW (inferred),,Beam Bridge,2013,,,,,,,167,,2,,,,,,,,,,,"OPEN DATA (OpenStreetMap, ODbL). DQ: PARTIAL - geometry & identity captured; owner/region/importance INFERRED (verify). Missing: condition, conditionRating, lastInspectionDate, lga, postingStatus. No engineering/inspection data from open source.",Active,,,,,,4,,,,,,,,,"OpenStreetMap (open data, ODbL)",https://www.openstreetmap.org/way/23249161,OSM:way/23249161,23249161,,"{""type"":""LineString"",""coordinates"":[[152.6114858,-31.8405684],[152.6107137,-31.8419197]]}"
,,10,Hastings River Drive,Road Bridge,,10,NSW,Mid North Coast,,-31.40857,152.821593,,Transport for NSW (inferred),,Beam Bridge,2013,,,,,,,249,,2,,,,,,,,,,,"OPEN DATA (OpenStreetMap, ODbL). DQ: PARTIAL - geometry & identity captured; owner/region/importance INFERRED (verify). Missing: condition, conditionRating, lastInspectionDate, lga, postingStatus. No engineering/inspection data from open source.",Active,,,,,,2,,,,,,,,,"OpenStreetMap (open data, ODbL)",https://www.openstreetmap.org/way/23249473,OSM:way/23249473,23249473,,"{""type"":""LineString"",""coordinates"":[[152.8222013,-31.4095563],[152.8220237,-31.4092686],[152.8218379,-31.4089676],[152.8213486,-31.4081751],[152.8211659,-31.4078792],[152.8209779,-31.4075746]]}"
,,OSM-23249728,Ulgundahi View,Road Bridge,,,NSW,Northern Rivers,,-29.432339,153.240829,,Local Council (inferred),,Beam Bridge,2013,,,5.3,,,,457,,2,,,,Restricted,,,,,,,"OPEN DATA (OpenStreetMap, ODbL). DQ: PARTIAL - geometry & identity captured; owner/region/importance INFERRED (verify). Missing: condition, conditionRating, lastInspectionDate, lga. No engineering/inspection data from open source. HV: clearance 5.3m (posted, open data; NHVR gazettal/route approval NOT verified).",Active,,,,,,2,,,,,,,,,"OpenStreetMap (open data, ODbL)",https://www.openstreetmap.org/way/23249728,OSM:way/23249728,23249728,,"{""type"":""LineString"",""coordinates"":[[153.2407182,-29.4343917],[153.2409404,-29.4302863]]}"
,,OSM-23249730,Chatsworth Road,Road Bridge,,,NSW,Northern Rivers,,-29.366219,153.25113,,Local Council (inferred),,Movable Bridge,2013,,,,,,,18,,1,,,,,,,,,,,"OPEN DATA (OpenStreetMap, ODbL). DQ: PARTIAL - geometry & identity captured; owner/region/importance INFERRED (verify). Missing: condition, conditionRating, lastInspectionDate, lga, postingStatus. No engineering/inspection data from open source.",Active,,,,,,1,,,,,,,,,"OpenStreetMap (open data, ODbL)",https://www.openstreetmap.org/way/23249730,OSM:way/23249730,23249730,,"{""type"":""LineString"",""coordinates"":[[153.251152,-29.3662989],[153.2511089,-29.3661383]]}"
,,OSM-23249742,Blackwall Drive,Road Bridge,,,NSW,Northern Rivers,,-28.953708,153.464737,,Local Council (inferred),,Movable Bridge,2013,,,5.1,,,,35,,2,,,,Restricted,,,,,,,"OPEN DATA (OpenStreetMap, ODbL). DQ: PARTIAL - geometry & identity captured; owner/region/importance INFERRED (verify). Missing: condition, conditionRating, lastInspectionDate, lga. No engineering/inspection data from open source. HV: clearance 5.1m (posted, open data; NHVR gazettal/route approval NOT verified).",Active,,,,,,2,,,,,,,,,"OpenStreetMap (open data, ODbL)",https://www.openstreetmap.org/way/23249742,OSM:way/23249742,23249742,,"{""type"":""LineString"",""coordinates"":[[153.4647815,-28.9538612],[153.4646916,-28.9535553]]}"
,,OSM-23256483,Port Hacking Road,Road Bridge,,,NSW,Sydney Metropolitan,,-34.014719,151.104878,,Local Council (inferred),,Beam Bridge,,,,,,,,23,,2,,,,,,,,,,,"OPEN DATA (OpenStreetMap, ODbL). DQ: INCOMPLETE - geometry & identity captured; owner/region/importance INFERRED (verify). Missing: condition, conditionRating, lastInspectionDate, lga, yearBuilt, postingStatus. No engineering/inspection data from open source.",Active,,,,,,3,,,,,,,,,"OpenStreetMap (open data, ODbL)",https://www.openstreetmap.org/way/23256483,OSM:way/23256483,23256483,,"{""type"":""LineString"",""coordinates"":[[151.1049457,-34.0148217],[151.1048597,-34.0146914],[151.104828,-34.0146434]]}"
,,OSM-23256484,Belgrave Esplanade,Road Bridge,,,NSW,Sydney Metropolitan,,-34.014344,151.107891,,Local Council (inferred),,Beam Bridge,,,,,,,,11,,,,,,Restricted,,,,,,,"OPEN DATA (OpenStreetMap, ODbL). DQ: PARTIAL - geometry & identity captured; owner/region/importance INFERRED (verify). Missing: condition, conditionRating, lastInspectionDate, lga, yearBuilt. No engineering/inspection data from open source. HV: load limit 4.5t (posted, open data; NHVR gazettal/route approval NOT verified).",Active,,,,4.5,,1,,,,,,,,,"OpenStreetMap (open data, ODbL)",https://www.openstreetmap.org/way/23256484,OSM:way/23256484,23256484,,"{""type"":""LineString"",""coordinates"":[[151.107843,-34.0143705],[151.1079388,-34.0143174]]}"
,,OSM-23263584,Barralong Road,Road Bridge,,,NSW,Central Coast,,-33.432788,151.382185,,Local Council (inferred),,Beam Bridge,,,,,,,,66,,,,,,,,,,,,,"OPEN DATA (OpenStreetMap, ODbL). DQ: INCOMPLETE - geometry & identity captured; owner/region/importance INFERRED (verify). Missing: condition, conditionRating, lastInspectionDate, lga, yearBuilt, postingStatus. No engineering/inspection data from open source.",Active,,,,,,1,,,,,,,,,"OpenStreetMap (open data, ODbL)",https://www.openstreetmap.org/way/23263584,OSM:way/23263584,23263584,,"{""type"":""LineString"",""coordinates"":[[151.3818273,-33.4327999],[151.382012,-33.4327818],[151.3821802,-33.4327756],[151.3823704,-33.4327857],[151.3825363,-33.4327978]]}"
,,OSM-23266585,Allen Street,Road Bridge,,,NSW,Sydney Metropolitan,,-33.862233,151.086333,,Local Council (inferred),,Beam Bridge,,,,,,,,13,,,,,,,,,,,,,"OPEN DATA (OpenStreetMap, ODbL). DQ: INCOMPLETE - geometry & identity captured; owner/region/importance INFERRED (verify). Missing: condition, conditionRating, lastInspectionDate, lga, yearBuilt, postingStatus. No engineering/inspection data from open source.",Active,,,,,,1,,,,,,,,,"OpenStreetMap (open data, ODbL)",https://www.openstreetmap.org/way/23266585,OSM:way/23266585,23266585,,"{""type"":""LineString"",""coordinates"":[[151.0864,-33.8622168],[151.0862651,-33.86225]]}"
,,OSM-23266645,Pomeroy Street,Road Bridge,,,NSW,Sydney Metropolitan,,-33.857327,151.087653,,Local Council (inferred),,Beam Bridge,,,,,,,,36,,,,,,,,,,,,,"OPEN DATA (OpenStreetMap, ODbL). DQ: INCOMPLETE - geometry & identity captured; owner/region/importance INFERRED (verify). Missing: condition, conditionRating, lastInspectionDate, lga, yearBuilt, postingStatus. No engineering/inspection data from open source.",Active,,,,,,2,,,,,,,,,"OpenStreetMap (open data, ODbL)",https://www.openstreetmap.org/way/23266645,OSM:way/23266645,23266645,,"{""type"":""LineString"",""coordinates"":[[151.0874354,-33.8574129],[151.0877356,-33.8573008],[151.087787,-33.8572686]]}"
,,M5,M5 Motorway,Road Bridge,,M5,NSW,Sydney Metropolitan,,-33.943382,151.060472,,Transport for NSW (inferred),,Beam Bridge,,,,,,,,43,,3,,,,,,,,,,,"OPEN DATA (OpenStreetMap, ODbL). DQ: INCOMPLETE - geometry & identity captured; owner/region/importance INFERRED (verify). Missing: condition, conditionRating, lastInspectionDate, lga, yearBuilt, postingStatus. No engineering/inspection data from open source.",Active,,,,,,4,,,,,,,,,"OpenStreetMap (open data, ODbL)",https://www.openstreetmap.org/way/23267078,OSM:way/23267078,23267078,,"{""type"":""LineString"",""coordinates"":[[151.0602428,-33.943364],[151.060702,-33.9433994]]}"
,,M5,M5 Motorway,Road Bridge,,M5,NSW,Sydney Metropolitan,,-33.943614,151.071509,,Transport for NSW (inferred),,Beam Bridge,,,,,,,,44,,3,,,,,,,,,,,"OPEN DATA (OpenStreetMap, ODbL). DQ: INCOMPLETE - geometry & identity captured; owner/region/importance INFERRED (verify). Missing: condition, conditionRating, lastInspectionDate, lga, yearBuilt, postingStatus. No engineering/inspection data from open source.",Active,,,,,,4,,,,,,,,,"OpenStreetMap (open data, ODbL)",https://www.openstreetmap.org/way/23267195,OSM:way/23267195,23267195,,"{""type"":""LineString"",""coordinates"":[[151.0712712,-33.9436127],[151.0717474,-33.9436151]]}"
,,M5,M5 Motorway,Road Bridge,,M5,NSW,Sydney Metropolitan,,-33.943733,151.071485,,Transport for NSW (inferred),,Beam Bridge,2013,,,,,,,44,,3,,,,,,,,,,,"OPEN DATA (OpenStreetMap, ODbL). DQ: PARTIAL - geometry & identity captured; owner/region/importance INFERRED (verify). Missing: condition, conditionRating, lastInspectionDate, lga, postingStatus. No engineering/inspection data from open source.",Active,,,,,,4,,,,,,,,,"OpenStreetMap (open data, ODbL)",https://www.openstreetmap.org/way/23267196,OSM:way/23267196,23267196,,"{""type"":""LineString"",""coordinates"":[[151.0717229,-33.9437343],[151.0712473,-33.9437319]]}"
,,OSM-23296791,Belmore Road,Road Bridge,,,NSW,Sydney Metropolitan,,-33.951363,151.05264,,Local Council (inferred),,Beam Bridge,,,,,,,,39,,4,,,,,,,,,,,"OPEN DATA (OpenStreetMap, ODbL). DQ: INCOMPLETE - geometry & identity captured; owner/region/importance INFERRED (verify). Missing: condition, conditionRating, lastInspectionDate, lga, yearBuilt, postingStatus. No engineering/inspection data from open source.",Active,,,,,,2,,,,,,,,,"OpenStreetMap (open data, ODbL)",https://www.openstreetmap.org/way/23296791,OSM:way/23296791,23296791,,"{""type"":""LineString"",""coordinates"":[[151.0527048,-33.9515257],[151.0526419,-33.9513697],[151.0525728,-33.951193]]}"
,,OSM-23296970,Henry Lawson Drive,Road Bridge,,,NSW,Sydney Metropolitan,,-33.96318,151.041898,,Local Council (inferred),,Beam Bridge,,,,,,,,183,,3,,,,,,,,,,,"OPEN DATA (OpenStreetMap, ODbL). DQ: INCOMPLETE - geometry & identity captured; owner/region/importance INFERRED (verify). Missing: condition, conditionRating, lastInspectionDate, lga, yearBuilt, postingStatus. No engineering/inspection data from open source.",Active,,,,,,3,,,,,,,,,"OpenStreetMap (open data, ODbL)",https://www.openstreetmap.org/way/23296970,OSM:way/23296970,23296970,,"{""type"":""LineString"",""coordinates"":[[151.0428428,-33.9624822],[151.0414914,-33.9634861],[151.0413586,-33.9635723]]}"
,,OSM-23301200,Willoughby Road,Road Bridge,,,NSW,Central Coast,,-33.438365,151.437999,,Local Council (inferred),,Beam Bridge,,,,,,,,32,,,,,,,,,,,,,"OPEN DATA (OpenStreetMap, ODbL). DQ: INCOMPLETE - geometry & identity captured; owner/region/importance INFERRED (verify). Missing: condition, conditionRating, lastInspectionDate, lga, yearBuilt, postingStatus. No engineering/inspection data from open source.",Active,,,,,,1,,,,,,,,,"OpenStreetMap (open data, ODbL)",https://www.openstreetmap.org/way/23301200,OSM:way/23301200,23301200,,"{""type"":""LineString"",""coordinates"":[[151.4379826,-33.4382203],[151.4380146,-33.4385103]]}"
,,OSM-23301208,Ocean View Drive,Road Bridge,,,NSW,Central Coast,,-33.441505,151.440835,,Local Council (inferred),,Beam Bridge,,,,,,,,64,,2,,,,,,,,,,,"OPEN DATA (OpenStreetMap, ODbL). DQ: INCOMPLETE - geometry & identity captured; owner/region/importance INFERRED (verify). Missing: condition, conditionRating, lastInspectionDate, lga, yearBuilt, postingStatus. No engineering/inspection data from open source.",Active,,,,,,2,,,,,,,,,"OpenStreetMap (open data, ODbL)",https://www.openstreetmap.org/way/23301208,OSM:way/23301208,23301208,,"{""type"":""LineString"",""coordinates"":[[151.4407451,-33.4417825],[151.4409252,-33.4412275]]}"
,,OSM-23318756,Belmore Road North,Road Bridge,,,NSW,Sydney Metropolitan,,-33.942716,151.053897,,Local Council (inferred),,Beam Bridge,,,,,,,,38,,3,,,,,,,,,,,"OPEN DATA (OpenStreetMap, ODbL). DQ: INCOMPLETE - geometry & identity captured; owner/region/importance INFERRED (verify). Missing: condition, conditionRating, lastInspectionDate, lga, yearBuilt, postingStatus. No engineering/inspection data from open source.",Active,,,,,,2,,,,,,,,,"OpenStreetMap (open data, ODbL)",https://www.openstreetmap.org/way/23318756,OSM:way/23318756,23318756,,"{""type"":""LineString"",""coordinates"":[[151.0538544,-33.9428844],[151.0539404,-33.9425472]]}"
,,OSM-23318907,Wiggs Road,Road Bridge,,,NSW,Sydney Metropolitan,,-33.938191,151.044455,,Local Council (inferred),,Beam Bridge,,,,,,,,12,,,,,,,,,,,,,"OPEN DATA (OpenStreetMap, ODbL). DQ: INCOMPLETE - geometry & identity captured; owner/region/importance INFERRED (verify). Missing: condition, conditionRating, lastInspectionDate, lga, yearBuilt, postingStatus. No engineering/inspection data from open source.",Active,,,,,,2,,,,,,,,,"OpenStreetMap (open data, ODbL)",https://www.openstreetmap.org/way/23318907,OSM:way/23318907,23318907,,"{""type"":""LineString"",""coordinates"":[[151.0445206,-33.9381928],[151.0443902,-33.9381884]]}"
,,7626,The Snowy River Way,Road Bridge,,7626,NSW,South East & Tablelands,,-36.50465,148.831773,,Local Council (inferred),,Beam Bridge,1888,,,,,,,168,,1,,,,Restricted,,,,,,,"OPEN DATA (OpenStreetMap, ODbL). DQ: PARTIAL - geometry & identity captured; owner/region/importance INFERRED (verify). Missing: condition, conditionRating, lastInspectionDate, lga. No engineering/inspection data from open source. HV: load limit 42.5t (posted, open data; NHVR gazettal/route approval NOT verified).",Active,,,,42.5,,2,,,,,,,,,"OpenStreetMap (open data, ODbL)",https://www.openstreetmap.org/way/23324534,OSM:way/23324534,23324534,,"{""type"":""LineString"",""coordinates"":[[148.8308351,-36.504712],[148.8327106,-36.5045879]]}"
,,A6,Stacey Street,Road Bridge,,A6,NSW,Sydney Metropolitan,,-33.918035,151.040568,,Transport for NSW (inferred),,Beam Bridge,,,,,,,,107,,2,,,,,,,,,,,"OPEN DATA (OpenStreetMap, ODbL). DQ: INCOMPLETE - geometry & identity captured; owner/region/importance INFERRED (verify). Missing: condition, conditionRating, lastInspectionDate, lga, yearBuilt, postingStatus. No engineering/inspection data from open source.",Active,,,,,,4,,,,,,,,,"OpenStreetMap (open data, ODbL)",https://www.openstreetmap.org/way/23337030,OSM:way/23337030,23337030,,"{""type"":""LineString"",""coordinates"":[[151.0404021,-33.9184937],[151.0407344,-33.9175756]]}"
,,OSM-23343770,Gibson Avenue,Road Bridge,,,NSW,Sydney Metropolitan,,-33.940303,151.027629,,Local Council (inferred),,Beam Bridge,,,,,,,,38,,,,,,,,,,,,,"OPEN DATA (OpenStreetMap, ODbL). DQ: INCOMPLETE - geometry & identity captured; owner/region/importance INFERRED (verify). Missing: condition, conditionRating, lastInspectionDate, lga, yearBuilt, postingStatus. No engineering/inspection data from open source.",Active,,,,,,2,,,,,,,,,"OpenStreetMap (open data, ODbL)",https://www.openstreetmap.org/way/23343770,OSM:way/23343770,23343770,,"{""type"":""LineString"",""coordinates"":[[151.0275949,-33.9401354],[151.0276622,-33.9404708]]}"
,,OSM-23344518,Baddeley Street,Road Bridge,,,NSW,Sydney Metropolitan,,-33.952077,151.026362,,Local Council (inferred),,Beam Bridge,,,,,,,,25,,,,,,,,,,,,,"OPEN DATA (OpenStreetMap, ODbL). DQ: INCOMPLETE - geometry & identity captured; owner/region/importance INFERRED (verify). Missing: condition, conditionRating, lastInspectionDate, lga, yearBuilt, postingStatus. No engineering/inspection data from open source.",Active,,,,,,1,,,,,,,,,"OpenStreetMap (open data, ODbL)",https://www.openstreetmap.org/way/23344518,OSM:way/23344518,23344518,,"{""type"":""LineString"",""coordinates"":[[151.0263518,-33.9519966],[151.0263593,-33.9520248],[151.0263634,-33.9520543],[151.0263662,-33.9520917],[151.0263707,-33.9522172]]}"
,,OSM-23361002,The River Road,Road Bridge,,,NSW,Sydney Metropolitan,,-33.9408,151.018569,,Local Council (inferred),,Beam Bridge,,,,,,,,25,,4,,,,,,,,,,,"OPEN DATA (OpenStreetMap, ODbL). DQ: INCOMPLETE - geometry & identity captured; owner/region/importance INFERRED (verify). Missing: condition, conditionRating, lastInspectionDate, lga, yearBuilt, postingStatus. No engineering/inspection data from open source.",Active,,,,,,3,,,,,,,,,"OpenStreetMap (open data, ODbL)",https://www.openstreetmap.org/way/23361002,OSM:way/23361002,23361002,,"{""type"":""LineString"",""coordinates"":[[151.0185799,-33.9406868],[151.0185574,-33.9409126]]}"
,,OSM-23361022,Beaconsfield Street,Road Bridge,,,NSW,Sydney Metropolitan,,-33.942593,151.000809,,Local Council (inferred),,Beam Bridge,,,,,,,,90,,,,,,,,,,,,,"OPEN DATA (OpenStreetMap, ODbL). DQ: INCOMPLETE - geometry & identity captured; owner/region/importance INFERRED (verify). Missing: condition, conditionRating, lastInspectionDate, lga, yearBuilt, postingStatus. No engineering/inspection data from open source.",Active,,,,,,2,,,,,,,,,"OpenStreetMap (open data, ODbL)",https://www.openstreetmap.org/way/23361022,OSM:way/23361022,23361022,,"{""type"":""LineString"",""coordinates"":[[151.001291,-33.9426664],[151.0003278,-33.942519]]}"
,,M5,M5 Motorway,Road Bridge,,M5,NSW,Sydney Metropolitan,,-33.939765,151.011012,,Transport for NSW (inferred),,Viaduct,,,,,,,,42,,3,,,,,,,,,,,"OPEN DATA (OpenStreetMap, ODbL). DQ: INCOMPLETE - geometry & identity captured; owner/region/importance INFERRED (verify). Missing: condition, conditionRating, lastInspectionDate, lga, yearBuilt, postingStatus. No engineering/inspection data from open source.",Active,,,,,,4,,,,,,,,,"OpenStreetMap (open data, ODbL)",https://www.openstreetmap.org/way/23361049,OSM:way/23361049,23361049,,"{""type"":""LineString"",""coordinates"":[[151.0107888,-33.9397304],[151.0112352,-33.9397997]]}"
,,OSM-23364953,Governor Macquarie Drive,Road Bridge,,,NSW,Sydney Metropolitan,,-33.91561,150.95107,,Local Council (inferred),,Beam Bridge,,,,,,,,87,,2,,,,,,,,,,,"OPEN DATA (OpenStreetMap, ODbL). DQ: INCOMPLETE - geometry & identity captured; owner/region/importance INFERRED (verify). Missing: condition, conditionRating, lastInspectionDate, lga, yearBuilt, postingStatus. No engineering/inspection data from open source.",Active,,,,,,2,,,,,,,,,"OpenStreetMap (open data, ODbL)",https://www.openstreetmap.org/way/23364953,OSM:way/23364953,23364953,,"{""type"":""LineString"",""coordinates"":[[150.9515378,-33.9155714],[150.9506031,-33.9156487]]}"
,,OSM-23377684,High Street,Road Bridge,,,NSW,Sydney Metropolitan,,-33.841765,151.210597,,Local Council (inferred),,Beam Bridge,,,,,,,,113,,,,,,,,,,,,,"OPEN DATA (OpenStreetMap, ODbL). DQ: INCOMPLETE - geometry & identity captured; owner/region/importance INFERRED (verify). Missing: condition, conditionRating, lastInspectionDate, lga, yearBuilt, postingStatus. No engineering/inspection data from open source.",Active,,,,,,2,,,,,,,,,"OpenStreetMap (open data, ODbL)",https://www.openstreetmap.org/way/23377684,OSM:way/23377684,23377684,,"{""type"":""LineString"",""coordinates"":[[151.2101357,-33.8416442],[151.2101792,-33.8416613],[151.2103029,-33.8417053],[151.2104509,-33.841752],[151.210649,-33.8418005],[151.2108006,-33.8418273],[151.2109431,-33.8418467],[151.2113142,-33.841885]]}"
,,OSM-23405118,Point Street,Road Bridge,,,NSW,Illawarra & Shoalhaven,,-34.329763,150.91658,,Local Council (inferred),,Beam Bridge,,,,,,,,36,,,,,,,,,,,,,"OPEN DATA (OpenStreetMap, ODbL). DQ: INCOMPLETE - geometry & identity captured; owner/region/importance INFERRED (verify). Missing: condition, conditionRating, lastInspectionDate, lga, yearBuilt, postingStatus. No engineering/inspection data from open source.",Active,,,,,,2,,,,,,,,,"OpenStreetMap (open data, ODbL)",https://www.openstreetmap.org/way/23405118,OSM:way/23405118,23405118,,"{""type"":""LineString"",""coordinates"":[[150.9163831,-34.3297458],[150.9167775,-34.3297804]]}"
,,OSM-23405156,Blackall Street,Road Bridge,,,NSW,Illawarra & Shoalhaven,,-34.334168,150.924008,,Local Council (inferred),,Beam Bridge,,,,,,,,25,,,,,,,,,,,,,"OPEN DATA (OpenStreetMap, ODbL). DQ: INCOMPLETE - geometry & identity captured; owner/region/importance INFERRED (verify). Missing: condition, conditionRating, lastInspectionDate, lga, yearBuilt, postingStatus. No engineering/inspection data from open source.",Active,,,,,,2,,,,,,,,,"OpenStreetMap (open data, ODbL)",https://www.openstreetmap.org/way/23405156,OSM:way/23405156,23405156,,"{""type"":""LineString"",""coordinates"":[[150.9240641,-34.3340641],[150.9239517,-34.3342715]]}"
,,OSM-23445068,Quakers Hill Parkway,Road Bridge,,,NSW,Sydney Metropolitan,,-33.733617,150.874521,,Local Council (inferred),,Beam Bridge,,,,,,,,81,,,,,,,,,,,,,"OPEN DATA (OpenStreetMap, ODbL). DQ: INCOMPLETE - geometry & identity captured; owner/region/importance INFERRED (verify). Missing: condition, conditionRating, lastInspectionDate, lga, yearBuilt, postingStatus. No engineering/inspection data from open source.",Active,,,,,,3,,,,,,,,,"OpenStreetMap (open data, ODbL)",https://www.openstreetmap.org/way/23445068,OSM:way/23445068,23445068,,"{""type"":""LineString"",""coordinates"":[[150.8747218,-33.7332912],[150.8745147,-33.7336157],[150.874327,-33.7339426]]}"
,,OSM-23580393,Racecourse Road,Road Bridge,,,NSW,Riverina,,-36.05243,146.958982,,Local Council (inferred),,Beam Bridge,,,,,,,,57,,,,,,,,,,,,,"OPEN DATA (OpenStreetMap, ODbL). DQ: INCOMPLETE - geometry & identity captured; owner/region/importance INFERRED (verify). Missing: condition, conditionRating, lastInspectionDate, lga, yearBuilt, postingStatus. No engineering/inspection data from open source.",Active,,,,,,2,,,,,,,,,"OpenStreetMap (open data, ODbL)",https://www.openstreetmap.org/way/23580393,OSM:way/23580393,23580393,,"{""type"":""LineString"",""coordinates"":[[146.9591894,-36.0526255],[146.9587749,-36.0522353]]}"
,,M31,Hume Highway,Road Bridge,,M31,NSW,Riverina,,-36.090872,146.924059,,Transport for NSW (inferred),,Beam Bridge,,,,,,,,40,,2,,,,,,,,,,,"OPEN DATA (OpenStreetMap, ODbL). DQ: INCOMPLETE - geometry & identity captured; owner/region/importance INFERRED (verify). Missing: condition, conditionRating, lastInspectionDate, lga, yearBuilt, postingStatus. No engineering/inspection data from open source.",Active,,,,,,4,,,,,,,,,"OpenStreetMap (open data, ODbL)",https://www.openstreetmap.org/way/23604808,OSM:way/23604808,23604808,,"{""type"":""LineString"",""coordinates"":[[146.9240143,-36.091049],[146.924103,-36.0906955]]}"
,,OSM-23628864,Macauley Avenue,Road Bridge,,,NSW,Sydney Metropolitan,,-33.924178,151.032873,,Local Council (inferred),,Beam Bridge,,,,,,,,16,,,,,,,,,,,,,"OPEN DATA (OpenStreetMap, ODbL). DQ: INCOMPLETE - geometry & identity captured; owner/region/importance INFERRED (verify). Missing: condition, conditionRating, lastInspectionDate, lga, yearBuilt, postingStatus. No engineering/inspection data from open source.",Active,,,,,,2,,,,,,,,,"OpenStreetMap (open data, ODbL)",https://www.openstreetmap.org/way/23628864,OSM:way/23628864,23628864,,"{""type"":""LineString"",""coordinates"":[[151.0327856,-33.9241641],[151.0329609,-33.9241929]]}"
,,A22,Hume Highway,Road Bridge,,A22,NSW,Sydney Metropolitan,,-33.907408,151.024724,,Transport for NSW (inferred),,Beam Bridge,2013,,,,,,,23,,3,,,,,,,,,,,"OPEN DATA (OpenStreetMap, ODbL). DQ: PARTIAL - geometry & identity captured; owner/region/importance INFERRED (verify). Missing: condition, conditionRating, lastInspectionDate, lga, postingStatus. No engineering/inspection data from open source.",Active,,,,,,4,,,,,,,,,"OpenStreetMap (open data, ODbL)",https://www.openstreetmap.org/way/23633232,OSM:way/23633232,23633232,,"{""type"":""LineString"",""coordinates"":[[151.0245999,-33.9073865],[151.024848,-33.9074288]]}"
,,A22,Hume Highway,Road Bridge,,A22,NSW,Sydney Metropolitan,,-33.907519,151.024773,,Transport for NSW (inferred),,Beam Bridge,2013,,,,,,,24,,3,,,,,,,,,,,"OPEN DATA (OpenStreetMap, ODbL). DQ: PARTIAL - geometry & identity captured; owner/region/importance INFERRED (verify). Missing: condition, conditionRating, lastInspectionDate, lga, postingStatus. No engineering/inspection data from open source.",Active,,,,,,4,,,,,,,,,"OpenStreetMap (open data, ODbL)",https://www.openstreetmap.org/way/23633234,OSM:way/23633234,23633234,,"{""type"":""LineString"",""coordinates"":[[151.0249015,-33.9075393],[151.0246441,-33.9074994]]}"
,,OSM-23634091,Pomeroy Street,Road Bridge,,,NSW,Sydney Metropolitan,,-33.858479,151.084234,,Local Council (inferred),,Beam Bridge,,,,,,,,15,,,,,,Restricted,,,,,,,"OPEN DATA (OpenStreetMap, ODbL). DQ: PARTIAL - geometry & identity captured; owner/region/importance INFERRED (verify). Missing: condition, conditionRating, lastInspectionDate, lga, yearBuilt. No engineering/inspection data from open source. HV: load limit 10t (posted, open data; NHVR gazettal/route approval NOT verified).",Active,,,,10,,2,,,,,,,,,"OpenStreetMap (open data, ODbL)",https://www.openstreetmap.org/way/23634091,OSM:way/23634091,23634091,,"{""type"":""LineString"",""coordinates"":[[151.0841612,-33.8585128],[151.0843068,-33.8584452]]}"
,,OSM-23645895,Shannons Flat Road,Road Bridge,,,NSW,South East & Tablelands,,-36.170389,149.091207,,Local Council (inferred),,Beam Bridge,,,,,,,,82,,,,,,,,,,,,,"OPEN DATA (OpenStreetMap, ODbL). DQ: INCOMPLETE - geometry & identity captured; owner/region/importance INFERRED (verify). Missing: condition, conditionRating, lastInspectionDate, lga, yearBuilt, postingStatus. No engineering/inspection data from open source.",Active,,,,,,1,,,,,,,,,"OpenStreetMap (open data, ODbL)",https://www.openstreetmap.org/way/23645895,OSM:way/23645895,23645895,,"{""type"":""LineString"",""coordinates"":[[149.09166,-36.1703505],[149.0907534,-36.1704283]]}"
,,OSM-23792264,Carson Street,Road Bridge,,,NSW,Sydney Metropolitan,,-33.953404,151.005552,,Local Council (inferred),,Beam Bridge,,,,,,,,22,,,,,,Restricted,,,,,,,"OPEN DATA (OpenStreetMap, ODbL). DQ: PARTIAL - geometry & identity captured; owner/region/importance INFERRED (verify). Missing: condition, conditionRating, lastInspectionDate, lga, yearBuilt. No engineering/inspection data from open source. HV: load limit 3t (posted, open data; NHVR gazettal/route approval NOT verified).",Active,,,,3,,1,,,,,,,,,"OpenStreetMap (open data, ODbL)",https://www.openstreetmap.org/way/23792264,OSM:way/23792264,23792264,,"{""type"":""LineString"",""coordinates"":[[151.0055362,-33.9533061],[151.0055683,-33.9535012]]}"
,,OSM-23801113,Cherry Street,Road Bridge,,,NSW,Sydney Metropolitan,,-33.730067,151.126419,,Local Council (inferred),,Beam Bridge,,,,,,,,23,,,,,,Restricted,,,,,,,"OPEN DATA (OpenStreetMap, ODbL). DQ: PARTIAL - geometry & identity captured; owner/region/importance INFERRED (verify). Missing: condition, conditionRating, lastInspectionDate, lga, yearBuilt. No engineering/inspection data from open source. HV: load limit 3t (posted, open data; NHVR gazettal/route approval NOT verified).",Active,,,,3,,1,,,,,,,,,"OpenStreetMap (open data, ODbL)",https://www.openstreetmap.org/way/23801113,OSM:way/23801113,23801113,,"{""type"":""LineString"",""coordinates"":[[151.1263205,-33.7301323],[151.1265168,-33.7300018]]}"
,,7,George Bass Drive,Road Bridge,,7,NSW,South East & Tablelands,,-35.833729,150.17193,,Transport for NSW (inferred),,Beam Bridge,,,,,,,,54,,,,,,,,,,,,,"OPEN DATA (OpenStreetMap, ODbL). DQ: INCOMPLETE - geometry & identity captured; owner/region/importance INFERRED (verify). Missing: condition, conditionRating, lastInspectionDate, lga, yearBuilt, postingStatus. No engineering/inspection data from open source.",Active,,,,,,2,,,,,,,,,"OpenStreetMap (open data, ODbL)",https://www.openstreetmap.org/way/23839130,OSM:way/23839130,23839130,,"{""type"":""LineString"",""coordinates"":[[150.1718003,-35.8339497],[150.1720592,-35.8335081]]}"
,,A1,Princes Highway,Road Bridge,,A1,NSW,South East & Tablelands,,-36.051941,150.066255,,Transport for NSW (inferred),,Beam Bridge,,,,,,,,101,,2,,,,,,,,,,,"OPEN DATA (OpenStreetMap, ODbL). DQ: INCOMPLETE - geometry & identity captured; owner/region/importance INFERRED (verify). Missing: condition, conditionRating, lastInspectionDate, lga, yearBuilt, postingStatus. No engineering/inspection data from open source.",Active,,,,,,4,,,,,,,,,"OpenStreetMap (open data, ODbL)",https://www.openstreetmap.org/way/23839261,OSM:way/23839261,23839261,,"{""type"":""LineString"",""coordinates"":[[150.0667994,-36.0518234],[150.0657105,-36.0520579]]}"
,,A1,Princes Highway,Road Bridge,,A1,NSW,South East & Tablelands,,-36.251319,150.137778,,Transport for NSW (inferred),,Beam Bridge,,,,,,,,112,,2,,,,,,,,,,,"OPEN DATA (OpenStreetMap, ODbL). DQ: INCOMPLETE - geometry & identity captured; owner/region/importance INFERRED (verify). Missing: condition, conditionRating, lastInspectionDate, lga, yearBuilt, postingStatus. No engineering/inspection data from open source.",Active,,,,,,4,,,,,,,,,"OpenStreetMap (open data, ODbL)",https://www.openstreetmap.org/way/23839307,OSM:way/23839307,23839307,,"{""type"":""LineString"",""coordinates"":[[150.1378403,-36.2508184],[150.1377153,-36.2518201]]}"
,,A1,Princes Highway,Road Bridge,,A1,NSW,South East & Tablelands,,-36.284329,150.124207,,Transport for NSW (inferred),,Beam Bridge,,,,,,,,59,,2,,,,,,,,,,,"OPEN DATA (OpenStreetMap, ODbL). DQ: INCOMPLETE - geometry & identity captured; owner/region/importance INFERRED (verify). Missing: condition, conditionRating, lastInspectionDate, lga, yearBuilt, postingStatus. No engineering/inspection data from open source. HV: axle 21t (posted, open data; NHVR gazettal/route approval NOT verified).",Active,,,,,,4,,,,,,,,,"OpenStreetMap (open data, ODbL)",https://www.openstreetmap.org/way/23839349,OSM:way/23839349,23839349,,"{""type"":""LineString"",""coordinates"":[[150.1243898,-36.2841062],[150.1240241,-36.2845511]]}"
,,9,Tathra Bermagui Road,Road Bridge,,9,NSW,South East & Tablelands,,-36.463487,150.064186,,Transport for NSW (inferred),,Beam Bridge,,,,,,,,43,,2,,,,,,,,,,,"OPEN DATA (OpenStreetMap, ODbL). DQ: INCOMPLETE - geometry & identity captured; owner/region/importance INFERRED (verify). Missing: condition, conditionRating, lastInspectionDate, lga, yearBuilt, postingStatus. No engineering/inspection data from open source.",Active,,,,,,2,,,,,,,,,"OpenStreetMap (open data, ODbL)",https://www.openstreetmap.org/way/23839448,OSM:way/23839448,23839448,,"{""type"":""LineString"",""coordinates"":[[150.0643287,-36.4633343],[150.0640423,-36.4636404]]}"
,,9,Tathra Bermagui Road,Road Bridge,,9,NSW,South East & Tablelands,,-36.48813,150.053622,,Transport for NSW (inferred),,Beam Bridge,,,,,,,,115,,1,,,,Restricted,,,,,,,"OPEN DATA (OpenStreetMap, ODbL). DQ: PARTIAL - geometry & identity captured; owner/region/importance INFERRED (verify). Missing: condition, conditionRating, lastInspectionDate, lga, yearBuilt. No engineering/inspection data from open source. HV: load limit 15t (posted, open data; NHVR gazettal/route approval NOT verified).",Active,,,,15,,2,,,,,,,,,"OpenStreetMap (open data, ODbL)",https://www.openstreetmap.org/way/23839466,OSM:way/23839466,23839466,,"{""type"":""LineString"",""coordinates"":[[150.0535924,-36.4876128],[150.0536517,-36.4886478]]}"
,,OSM-23924674,Barmah Road,Road Bridge,,,NSW,Riverina,,-36.01942,144.954855,,Local Council (inferred),,Beam Bridge,,,,,,,,77,,,,,,,,,,,,,"OPEN DATA (OpenStreetMap, ODbL). DQ: INCOMPLETE - geometry & identity captured; owner/region/importance INFERRED (verify). Missing: condition, conditionRating, lastInspectionDate, lga, yearBuilt, postingStatus. No engineering/inspection data from open source.",Active,,,,,,2,,,,,,,,,"OpenStreetMap (open data, ODbL)",https://www.openstreetmap.org/way/23924674,OSM:way/23924674,23924674,,"{""type"":""LineString"",""coordinates"":[[144.9551357,-36.0191577],[144.9545734,-36.0196827]]}"
,,B73;14,Mittagong Road,Road Bridge,,B73;14,NSW,Illawarra & Shoalhaven,,-34.456009,150.428941,,Transport for NSW (inferred),,Beam Bridge,,,,,,,,86,,3,,,,,,,,,,,"OPEN DATA (OpenStreetMap, ODbL). DQ: INCOMPLETE - geometry & identity captured; owner/region/importance INFERRED (verify). Missing: condition, conditionRating, lastInspectionDate, lga, yearBuilt, postingStatus. No engineering/inspection data from open source.",Active,,,,,,3,,,,,,,,,"OpenStreetMap (open data, ODbL)",https://www.openstreetmap.org/way/23947667,OSM:way/23947667,23947667,,"{""type"":""LineString"",""coordinates"":[[150.4286199,-34.456291],[150.4292618,-34.4557263]]}"
,,OSM-23993522,Delegate Road,Road Bridge,,,NSW,South East & Tablelands,,-37.045696,148.813302,,Local Council (inferred),,Beam Bridge,,,,,,,,87,,1,,,,,,,,,,,"OPEN DATA (OpenStreetMap, ODbL). DQ: INCOMPLETE - geometry & identity captured; owner/region/importance INFERRED (verify). Missing: condition, conditionRating, lastInspectionDate, lga, yearBuilt, postingStatus. No engineering/inspection data from open source.",Active,,,,,,2,,,,,,,,,"OpenStreetMap (open data, ODbL)",https://www.openstreetmap.org/way/23993522,OSM:way/23993522,23993522,,"{""type"":""LineString"",""coordinates"":[[148.8134246,-37.0453156],[148.8131791,-37.0460765]]}"
,,A2,Windsor Road,Road Bridge,,A2,NSW,Sydney Metropolitan,,-33.606793,150.825547,,Transport for NSW (inferred),,Beam Bridge,,,,,,,,82,,,,,,,,,,,,,"OPEN DATA (OpenStreetMap, ODbL). DQ: INCOMPLETE - geometry & identity captured; owner/region/importance INFERRED (verify). Missing: condition, conditionRating, lastInspectionDate, lga, yearBuilt, postingStatus. No engineering/inspection data from open source.",Active,,,,,,4,,,,,,,,,"OpenStreetMap (open data, ODbL)",https://www.openstreetmap.org/way/23995399,OSM:way/23995399,23995399,,"{""type"":""LineString"",""coordinates"":[[150.8252585,-33.6065117],[150.8258363,-33.607075]]}"
,,OSM-24028222,Palmers Road,Road Bridge,,,NSW,Hunter,,-32.987406,151.519173,,Local Council (inferred),,Beam Bridge,,,,,,,,72,,1,,,,,,,,,,,"OPEN DATA (OpenStreetMap, ODbL). DQ: INCOMPLETE - geometry & identity captured; owner/region/importance INFERRED (verify). Missing: condition, conditionRating, lastInspectionDate, lga, yearBuilt, postingStatus. No engineering/inspection data from open source.",Active,,,,,,2,,,,,,,,,"OpenStreetMap (open data, ODbL)",https://www.openstreetmap.org/way/24028222,OSM:way/24028222,24028222,,"{""type"":""LineString"",""coordinates"":[[151.5188545,-32.9872197],[151.519491,-32.9875925]]}"
,,OSM-24042176,Park Road,Road Bridge,,,NSW,Sydney Metropolitan,,-33.955155,150.993788,,Local Council (inferred),,Beam Bridge,,,,,,,,11,,2,,,,,,,,,,,"OPEN DATA (OpenStreetMap, ODbL). DQ: INCOMPLETE - geometry & identity captured; owner/region/importance INFERRED (verify). Missing: condition, conditionRating, lastInspectionDate, lga, yearBuilt, postingStatus. No engineering/inspection data from open source.",Active,,,,,,2,,,,,,,,,"OpenStreetMap (open data, ODbL)",https://www.openstreetmap.org/way/24042176,OSM:way/24042176,24042176,,"{""type"":""LineString"",""coordinates"":[[150.9937649,-33.955109],[150.9938104,-33.9552003]]}"
,,OSM-24156682,Brindabella Road,Road Bridge,,,NSW,South East & Tablelands,,-35.384662,148.744302,,Local Council (inferred),,Beam Bridge,,,,,,,,21,,,,,,,,,,,,,"OPEN DATA (OpenStreetMap, ODbL). DQ: INCOMPLETE - geometry & identity captured; owner/region/importance INFERRED (verify). Missing: condition, conditionRating, lastInspectionDate, lga, yearBuilt, postingStatus. No engineering/inspection data from open source.",Active,,,,,,1,,,,,,,,,"OpenStreetMap (open data, ODbL)",https://www.openstreetmap.org/way/24156682,OSM:way/24156682,24156682,,"{""type"":""LineString"",""coordinates"":[[148.744188,-35.3846642],[148.7444151,-35.3846606]]}"
,,OSM-24159683,Sir Joseph Cook Boardwalk,Pedestrian Bridge,,,NSW,Central West & Orana,,-33.514917,150.150998,,Local Council (inferred),,Boardwalk,,,,,,,,62,,,,,,,,,,,,,"OPEN DATA (OpenStreetMap, ODbL). DQ: INCOMPLETE - geometry & identity captured; owner/region/importance INFERRED (verify). Missing: condition, conditionRating, lastInspectionDate, lga, yearBuilt, postingStatus. No engineering/inspection data from open source.",Active,,,,,,1,,,,,,,,,"OpenStreetMap (open data, ODbL)",https://www.openstreetmap.org/way/24159683,OSM:way/24159683,24159683,,"{""type"":""LineString"",""coordinates"":[[150.1510039,-33.5151899],[150.151,-33.5151611],[150.1509959,-33.5150465],[150.1510084,-33.5149616],[150.1510348,-33.5148851],[150.1510446,-33.5148449],[150.1509838,-33.5147991],[150.1509596,-33.5146992],[150.1509547,-33.5146656]]}"
,,M7,Westlink M7,Road Bridge,,M7,NSW,Sydney Metropolitan,,-33.760449,150.846957,,Transport for NSW (inferred),,Beam Bridge,,,,,,,,51,,3,,,,,,,,,,,"OPEN DATA (OpenStreetMap, ODbL). DQ: INCOMPLETE - geometry & identity captured; owner/region/importance INFERRED (verify). Missing: condition, conditionRating, lastInspectionDate, lga, yearBuilt, postingStatus. No engineering/inspection data from open source.",Active,,,,,,4,,,,,,,,,"OpenStreetMap (open data, ODbL)",https://www.openstreetmap.org/way/24203217,OSM:way/24203217,24203217,,"{""type"":""LineString"",""coordinates"":[[150.8469071,-33.7606724],[150.8470062,-33.7602248]]}"
,,OSM-24278232,Memorial Drive,Road Bridge,,,NSW,Sydney Metropolitan,,-33.951925,151.03181,,Local Council (inferred),,Beam Bridge,,,,,,,,32,,3,,,,,,,,,,,"OPEN DATA (OpenStreetMap, ODbL). DQ: INCOMPLETE - geometry & identity captured; owner/region/importance INFERRED (verify). Missing: condition, conditionRating, lastInspectionDate, lga, yearBuilt, postingStatus. No engineering/inspection data from open source.",Active,,,,,,2,,,,,,,,,"OpenStreetMap (open data, ODbL)",https://www.openstreetmap.org/way/24278232,OSM:way/24278232,24278232,,"{""type"":""LineString"",""coordinates"":[[151.0318019,-33.951783],[151.0318171,-33.9520672]]}"
,,A6,Davies Road,Road Bridge,,A6,NSW,Sydney Metropolitan,,-33.951773,151.038418,,Transport for NSW (inferred),,Beam Bridge,,,,,,,,21,,2,,,,,,,,,,,"OPEN DATA (OpenStreetMap, ODbL). DQ: INCOMPLETE - geometry & identity captured; owner/region/importance INFERRED (verify). Missing: condition, conditionRating, lastInspectionDate, lga, yearBuilt, postingStatus. No engineering/inspection data from open source.",Active,,,,,,4,,,,,,,,,"OpenStreetMap (open data, ODbL)",https://www.openstreetmap.org/way/24278326,OSM:way/24278326,24278326,,"{""type"":""LineString"",""coordinates"":[[151.0384275,-33.9516784],[151.0384085,-33.9518683]]}"
,,M31,Hume Highway,Road Bridge,,M31,NSW,Regional NSW,,-34.817997,148.322769,,Transport for NSW (inferred),,Beam Bridge,,,,,,,,57,,2,,,,,,,,,,,"OPEN DATA (OpenStreetMap, ODbL). DQ: INCOMPLETE - geometry & identity captured; owner/region/importance INFERRED (verify). Missing: condition, conditionRating, lastInspectionDate, lga, yearBuilt, postingStatus. No engineering/inspection data from open source.",Active,,,,,,4,,,,,,,,,"OpenStreetMap (open data, ODbL)",https://www.openstreetmap.org/way/24299784,OSM:way/24299784,24299784,,"{""type"":""LineString"",""coordinates"":[[148.322996,-34.8178245],[148.3225418,-34.8181702]]}"
,,OSM-24299947,Bundarbo Road,Road Bridge,,,NSW,Regional NSW,,-34.825133,148.332147,,Local Council (inferred),,Beam Bridge,,,,,,,,108,,1,,,,,,,,,,,"OPEN DATA (OpenStreetMap, ODbL). DQ: INCOMPLETE - geometry & identity captured; owner/region/importance INFERRED (verify). Missing: condition, conditionRating, lastInspectionDate, lga, yearBuilt, postingStatus. No engineering/inspection data from open source.",Active,,,,,,1,,,,,,,,,"OpenStreetMap (open data, ODbL)",https://www.openstreetmap.org/way/24299947,OSM:way/24299947,24299947,,"{""type"":""LineString"",""coordinates"":[[148.332117,-34.8246459],[148.3321766,-34.8256193]]}"
,,M31,Hume Highway,Road Bridge,,M31,NSW,Regional NSW,,-34.815165,148.338365,,Transport for NSW (inferred),,Beam Bridge,,,,,,,,23,,2,,,,,,,,,,,"OPEN DATA (OpenStreetMap, ODbL). DQ: INCOMPLETE - geometry & identity captured; owner/region/importance INFERRED (verify). Missing: condition, conditionRating, lastInspectionDate, lga, yearBuilt, postingStatus. No engineering/inspection data from open source.",Active,,,,,,4,,,,,,,,,"OpenStreetMap (open data, ODbL)",https://www.openstreetmap.org/way/24300685,OSM:way/24300685,24300685,,"{""type"":""LineString"",""coordinates"":[[148.3382426,-34.8151496],[148.3384869,-34.8151799]]}"
,,M31,Hume Highway,Road Bridge,,M31,NSW,Regional NSW,,-34.816404,148.353727,,Transport for NSW (inferred),,Beam Bridge,,,,,,,,29,,2,,,,,,,,,,,"OPEN DATA (OpenStreetMap, ODbL). DQ: INCOMPLETE - geometry & identity captured; owner/region/importance INFERRED (verify). Missing: condition, conditionRating, lastInspectionDate, lga, yearBuilt, postingStatus. No engineering/inspection data from open source.",Active,,,,,,4,,,,,,,,,"OpenStreetMap (open data, ODbL)",https://www.openstreetmap.org/way/24300815,OSM:way/24300815,24300815,,"{""type"":""LineString"",""coordinates"":[[148.3535768,-34.8163687],[148.3538772,-34.8164391]]}"
,,OSM-24311786,Montgomery Avenue,Road Bridge,,,NSW,Sydney Metropolitan,,-33.953721,151.019453,,Local Council (inferred),,Beam Bridge,,,,,,,,12,,,,,,,,,,,,,"OPEN DATA (OpenStreetMap, ODbL). DQ: INCOMPLETE - geometry & identity captured; owner/region/importance INFERRED (verify). Missing: condition, conditionRating, lastInspectionDate, lga, yearBuilt, postingStatus. No engineering/inspection data from open source.",Active,,,,,,1,,,,,,,,,"OpenStreetMap (open data, ODbL)",https://www.openstreetmap.org/way/24311786,OSM:way/24311786,24311786,,"{""type"":""LineString"",""coordinates"":[[151.0195127,-33.9537037],[151.0193927,-33.9537383]]}"
,,M31,Hume Highway,Road Bridge,,M31,NSW,Regional NSW,,-34.816644,148.353624,,Transport for NSW (inferred),,Beam Bridge,,,,,,,,22,,2,,,,,,,,,,,"OPEN DATA (OpenStreetMap, ODbL). DQ: INCOMPLETE - geometry & identity captured; owner/region/importance INFERRED (verify). Missing: condition, conditionRating, lastInspectionDate, lga, yearBuilt, postingStatus. No engineering/inspection data from open source.",Active,,,,,,4,,,,,,,,,"OpenStreetMap (open data, ODbL)",https://www.openstreetmap.org/way/24319112,OSM:way/24319112,24319112,,"{""type"":""LineString"",""coordinates"":[[148.3537373,-34.8166714],[148.3535106,-34.8166159]]}"
,,OSM-24328255,Scenic Walkway,Pedestrian Bridge,,,NSW,Regional NSW,,-33.733223,150.301272,,Local Council (inferred),,Boardwalk,,,,,,,,546,,,,,,,,,,,,,"OPEN DATA (OpenStreetMap, ODbL). DQ: INCOMPLETE - geometry & identity captured; owner/region/importance INFERRED (verify). Missing: condition, conditionRating, lastInspectionDate, lga, yearBuilt, postingStatus. No engineering/inspection data from open source.",Active,,,,,,1,,,,,,,,,"OpenStreetMap (open data, ODbL)",https://www.openstreetmap.org/way/24328255,OSM:way/24328255,24328255,,"{""type"":""LineString"",""coordinates"":[[150.3009806,-33.7314429],[150.3008921,-33.731617],[150.3008014,-33.7317798],[150.3007717,-33.7319926],[150.300682,-33.732279],[150.3006086,-33.73242],[150.3005792,-33.7324756],[150.3006062,-33.7325936],[150.3005635,-33.7328837],[150.300428,-33.7331203],[150.3004504,-33.7331957],[150.300495,-33.7333496],[150.3005278,-33.7334612],[150.3005868,-33.7335635],[150.3006628,-33.7336236],[150.3007173,-33.7336551],[150.3007855,-33.7336582],[150.3009374,-33.7335718],[150.3010087,-33.7335123],[150.301019,-33.7334633],[150.3009817,-33.7334318],[150.3010143,-33.7333369],[150.301142,-33.73322],[150.3012025,-33.7332285],[150.3012778,-33.733258],[150.3014407,-33.7334183],[150.3015846,-33.7335437],[150.3016572,-33.7335571],[150.3016992,-33.7335564],[150.301729,-33.733526],[150.3017342,-33.733481],[150.3016808,-33.7333759],[150.3016784,-33.7333312],[150.301713,-33.7333015],[150.3017659,-33.7333052],[150.3018093,-33.7333362],[150.3019123,-33.7334868],[150.3019466,-33.733582],[150.3019775,-33.7337158],[150.3019977,-33.7337625],[150.3020388,-33.7337793],[150.3020782,-33.7337599],[150.3020967,-33.7337237],[150.3020965,-33.7336748],[150.3020978,-33.7335325],[150.302042,-33.7333902]]}"
,,OSM-24336209,Marulan South Road,Road Bridge,,,NSW,South East & Tablelands,,-34.730428,149.981209,,Local Council (inferred),,Beam Bridge,,,,,,,,47,,2,,,,,,,,,,,"OPEN DATA (OpenStreetMap, ODbL). DQ: INCOMPLETE - geometry & identity captured; owner/region/importance INFERRED (verify). Missing: condition, conditionRating, lastInspectionDate, lga, yearBuilt, postingStatus. No engineering/inspection data from open source.",Active,,,,,,1,,,,,,,,,"OpenStreetMap (open data, ODbL)",https://www.openstreetmap.org/way/24336209,OSM:way/24336209,24336209,,"{""type"":""LineString"",""coordinates"":[[149.9810929,-34.7302381],[149.9813242,-34.7306172]]}"
,,OSM-24416287,Kayuga Road,Road Bridge,,,NSW,Hunter,,-32.255839,150.887837,,Local Council (inferred),,Beam Bridge,,,,,,,,54,,2,,,,,,,,,,,"OPEN DATA (OpenStreetMap, ODbL). DQ: INCOMPLETE - geometry & identity captured; owner/region/importance INFERRED (verify). Missing: condition, conditionRating, lastInspectionDate, lga, yearBuilt, postingStatus. No engineering/inspection data from open source.",Active,,,,,,1,,,,,,,,,"OpenStreetMap (open data, ODbL)",https://www.openstreetmap.org/way/24416287,OSM:way/24416287,24416287,,"{""type"":""LineString"",""coordinates"":[[150.8881051,-32.2559306],[150.8875691,-32.255747]]}"
,,OSM-24501519,North Coast Line,Rail Bridge,,,NSW,Regional NSW,,-29.707371,152.940955,,Transport Asset Holding Entity (inferred),,Beam Bridge,,,,,,,,326,,,,,,,,,,,,,"OPEN DATA (OpenStreetMap, ODbL). DQ: INCOMPLETE - geometry & identity captured; owner/region/importance INFERRED (verify). Missing: condition, conditionRating, lastInspectionDate, lga, yearBuilt, postingStatus. No engineering/inspection data from open source.",Active,,,,,,4,,,,,,,,,"OpenStreetMap (open data, ODbL)",https://www.openstreetmap.org/way/24501519,OSM:way/24501519,24501519,,"{""type"":""LineString"",""coordinates"":[[152.9415659,-29.7087604],[152.9413846,-29.7085581],[152.9412009,-29.7083135],[152.9410654,-29.7080816],[152.9410108,-29.7079624],[152.9409447,-29.7078196],[152.9408026,-29.7074177],[152.9407708,-29.7072145],[152.9407536,-29.7070774],[152.9407456,-29.7068108],[152.9407471,-29.7065729],[152.940763,-29.7063868],[152.940787,-29.706213],[152.9408287,-29.7060005]]}"
,,B78;17,Grafton Road,Road Bridge,,B78;17,NSW,New England & North West,,-30.544828,151.755277,,Transport for NSW (inferred),,Beam Bridge,,,,,,,,59,,2,,,,,,,,,,,"OPEN DATA (OpenStreetMap, ODbL). DQ: INCOMPLETE - geometry & identity captured; owner/region/importance INFERRED (verify). Missing: condition, conditionRating, lastInspectionDate, lga, yearBuilt, postingStatus. No engineering/inspection data from open source.",Active,,,,,,3,,,,,,,,,"OpenStreetMap (open data, ODbL)",https://www.openstreetmap.org/way/24693799,OSM:way/24693799,24693799,,"{""type"":""LineString"",""coordinates"":[[151.7555823,-30.5448074],[151.7549711,-30.5448492]]}"
,,OSM-24708010,Cooper Road,Road Bridge,,,NSW,Sydney Metropolitan,,-33.887896,151.027535,,Local Council (inferred),,Beam Bridge,,,,,,,,41,,2,,,,Restricted,,,,,,,"OPEN DATA (OpenStreetMap, ODbL). DQ: PARTIAL - geometry & identity captured; owner/region/importance INFERRED (verify). Missing: condition, conditionRating, lastInspectionDate, lga, yearBuilt. No engineering/inspection data from open source. HV: load limit 3t (posted, open data; NHVR gazettal/route approval NOT verified).",Active,,,,3,,1,,,,,,,,,"OpenStreetMap (open data, ODbL)",https://www.openstreetmap.org/way/24708010,OSM:way/24708010,24708010,,"{""type"":""LineString"",""coordinates"":[[151.0274989,-33.8881051],[151.0275385,-33.8879181],[151.0275529,-33.887822],[151.0275504,-33.8877401]]}"
,,OSM-24743578,Stubbs Street,Road Bridge,,,NSW,Sydney Metropolitan,,-33.839176,151.036994,,Local Council (inferred),,Beam Bridge,,,,,,,,79,,,,,,,,,,,,,"OPEN DATA (OpenStreetMap, ODbL). DQ: INCOMPLETE - geometry & identity captured; owner/region/importance INFERRED (verify). Missing: condition, conditionRating, lastInspectionDate, lga, yearBuilt, postingStatus. No engineering/inspection data from open source.",Active,,,,,,1,,,,,,,,,"OpenStreetMap (open data, ODbL)",https://www.openstreetmap.org/way/24743578,OSM:way/24743578,24743578,,"{""type"":""LineString"",""coordinates"":[[151.0372196,-33.8388737],[151.0367683,-33.8394779]]}"
,,OSM-24781273,Melanie Street,Road Bridge,,,NSW,Sydney Metropolitan,,-33.910753,151.026865,,Local Council (inferred),,Beam Bridge,,,,,,,,30,,,,,,Restricted,,,,,,,"OPEN DATA (OpenStreetMap, ODbL). DQ: PARTIAL - geometry & identity captured; owner/region/importance INFERRED (verify). Missing: condition, conditionRating, lastInspectionDate, lga, yearBuilt. No engineering/inspection data from open source. HV: load limit 3t (posted, open data; NHVR gazettal/route approval NOT verified).",Active,,,,3,,1,,,,,,,,,"OpenStreetMap (open data, ODbL)",https://www.openstreetmap.org/way/24781273,OSM:way/24781273,24781273,,"{""type"":""LineString"",""coordinates"":[[151.0267221,-33.9108148],[151.0270081,-33.9106902]]}"
,,OSM-24831866,Bell Street,Road Bridge,,,NSW,Hunter,,-32.270168,150.89617,,Local Council (inferred),,Beam Bridge,,,,,,,,27,,,,,,,,,,,,,"OPEN DATA (OpenStreetMap, ODbL). DQ: INCOMPLETE - geometry & identity captured; owner/region/importance INFERRED (verify). Missing: condition, conditionRating, lastInspectionDate, lga, yearBuilt, postingStatus. No engineering/inspection data from open source. HV: freight route (posted, open data; NHVR gazettal/route approval NOT verified).",Active,,,,,,1,,,,,true,,,,"OpenStreetMap (open data, ODbL)",https://www.openstreetmap.org/way/24831866,OSM:way/24831866,24831866,,"{""type"":""LineString"",""coordinates"":[[150.8961001,-32.2702727],[150.8962406,-32.2700637]]}"
,,B83,Bridge Road,Road Bridge,,B83,NSW,Sydney Metropolitan,,-33.697429,151.099903,,Transport for NSW (inferred),,Beam Bridge,,,,,,,,39,,4,,,,,,,,,,,"OPEN DATA (OpenStreetMap, ODbL). DQ: INCOMPLETE - geometry & identity captured; owner/region/importance INFERRED (verify). Missing: condition, conditionRating, lastInspectionDate, lga, yearBuilt, postingStatus. No engineering/inspection data from open source.",Active,,,,,,3,,,,,,,,,"OpenStreetMap (open data, ODbL)",https://www.openstreetmap.org/way/24836857,OSM:way/24836857,24836857,,"{""type"":""LineString"",""coordinates"":[[151.1001667,-33.6974818],[151.0997862,-33.6974053],[151.099755,-33.6973992]]}"
,,OSM-24988197,Cape Baily Track,Pedestrian Bridge,,,NSW,Sydney Metropolitan,,-34.018109,151.22962,,Local Council (inferred),,Boardwalk,,,,,,,,75,,,,,,,,,,,,,"OPEN DATA (OpenStreetMap, ODbL). DQ: INCOMPLETE - geometry & identity captured; owner/region/importance INFERRED (verify). Missing: condition, conditionRating, lastInspectionDate, lga, yearBuilt, postingStatus. No engineering/inspection data from open source.",Active,,,,,,1,,,,,,,,,"OpenStreetMap (open data, ODbL)",https://www.openstreetmap.org/way/24988197,OSM:way/24988197,24988197,,"{""type"":""LineString"",""coordinates"":[[151.229817,-34.0178354],[151.2298108,-34.0179316],[151.2297983,-34.0179841],[151.2297571,-34.0180147],[151.2296985,-34.0180274],[151.2296503,-34.0180321],[151.2295916,-34.0180592],[151.2295438,-34.0180843],[151.2294934,-34.018132],[151.2294788,-34.0181702],[151.2294938,-34.0182139],[151.2295273,-34.0182345],[151.2295446,-34.0182665],[151.2295486,-34.0183202],[151.2295486,-34.0183312]]}"
,,OSM-25157505,Muir Road,Road Bridge,,,NSW,Sydney Metropolitan,,-33.892043,151.040558,,Local Council (inferred),,Beam Bridge,,,,,,,,25,,2,,,,,,,,,,,"OPEN DATA (OpenStreetMap, ODbL). DQ: INCOMPLETE - geometry & identity captured; owner/region/importance INFERRED (verify). Missing: condition, conditionRating, lastInspectionDate, lga, yearBuilt, postingStatus. No engineering/inspection data from open source.",Active,,,,,,1,,,,,,,,,"OpenStreetMap (open data, ODbL)",https://www.openstreetmap.org/way/25157505,OSM:way/25157505,25157505,,"{""type"":""LineString"",""coordinates"":[[151.0406916,-33.8920538],[151.0404239,-33.8920314]]}"
,,OSM-25158078,The Avenue,Road Bridge,,,NSW,Sydney Metropolitan,,-33.965041,150.972365,,Local Council (inferred),,Beam Bridge,,,,,,,,24,,,,,,,,,,,,,"OPEN DATA (OpenStreetMap, ODbL). DQ: INCOMPLETE - geometry & identity captured; owner/region/importance INFERRED (verify). Missing: condition, conditionRating, lastInspectionDate, lga, yearBuilt, postingStatus. No engineering/inspection data from open source.",Active,,,,,,1,,,,,,,,,"OpenStreetMap (open data, ODbL)",https://www.openstreetmap.org/way/25158078,OSM:way/25158078,25158078,,"{""type"":""LineString"",""coordinates"":[[150.9723428,-33.9651473],[150.9723689,-33.9650383],[150.9723839,-33.9649367]]}"
,,OSM-25435271,Moxhams Road,Road Bridge,,,NSW,Sydney Metropolitan,,-33.78425,150.989594,,Local Council (inferred),,Beam Bridge,,,,,,,,16,,,,,,Restricted,,,,,,,"OPEN DATA (OpenStreetMap, ODbL). DQ: PARTIAL - geometry & identity captured; owner/region/importance INFERRED (verify). Missing: condition, conditionRating, lastInspectionDate, lga, yearBuilt. No engineering/inspection data from open source. HV: load limit 3t (posted, open data; NHVR gazettal/route approval NOT verified).",Active,,,,3,,1,,,,,,,,,"OpenStreetMap (open data, ODbL)",https://www.openstreetmap.org/way/25435271,OSM:way/25435271,25435271,,"{""type"":""LineString"",""coordinates"":[[150.9895804,-33.7843204],[150.9896076,-33.7841805]]}"
,,OSM-25501586,Bridge Street,Road Bridge,,,NSW,Hunter,,-32.663827,151.350945,,Local Council (inferred),,Beam Bridge,,,,,,,,44,,,,,,,,,,,,,"OPEN DATA (OpenStreetMap, ODbL). DQ: INCOMPLETE - geometry & identity captured; owner/region/importance INFERRED (verify). Missing: condition, conditionRating, lastInspectionDate, lga, yearBuilt, postingStatus. No engineering/inspection data from open source.",Active,,,,,,1,,,,,,,,,"OpenStreetMap (open data, ODbL)",https://www.openstreetmap.org/way/25501586,OSM:way/25501586,25501586,,"{""type"":""LineString"",""coordinates"":[[151.3509778,-32.6636346],[151.3509502,-32.663766],[151.3509337,-32.663876],[151.3509172,-32.6640309]]}"
,,OSM-25643219,Parklands Track,Shared Path Bridge,,,NSW,Sydney Metropolitan,,-33.898933,150.840226,,Local Council (inferred),,Beam Bridge,,,,,,,,98,,,,,,,,,,,,,"OPEN DATA (OpenStreetMap, ODbL). DQ: INCOMPLETE - geometry & identity captured; owner/region/importance INFERRED (verify). Missing: condition, conditionRating, lastInspectionDate, lga, yearBuilt, postingStatus. No engineering/inspection data from open source.",Active,,,,,,1,,,,,,,,,"OpenStreetMap (open data, ODbL)",https://www.openstreetmap.org/way/25643219,OSM:way/25643219,25643219,,"{""type"":""LineString"",""coordinates"":[[150.8405766,-33.8985215],[150.8404986,-33.8986186],[150.8400662,-33.8991208],[150.8400251,-33.8991685],[150.839965,-33.8992368]]}"
,,OSM-25842909,Powell Street,Road Bridge,,,NSW,Sydney Metropolitan,,-33.76303,151.159837,,Local Council (inferred),,Beam Bridge,,,,,,,,29,,,,,,,,,,,,,"OPEN DATA (OpenStreetMap, ODbL). DQ: INCOMPLETE - geometry & identity captured; owner/region/importance INFERRED (verify). Missing: condition, conditionRating, lastInspectionDate, lga, yearBuilt, postingStatus. No engineering/inspection data from open source.",Active,,,,,,1,,,,,,,,,"OpenStreetMap (open data, ODbL)",https://www.openstreetmap.org/way/25842909,OSM:way/25842909,25842909,,"{""type"":""LineString"",""coordinates"":[[151.1596902,-33.7630728],[151.1599834,-33.7629873]]}"
,,6,The Lakes Way,Road Bridge,,6,NSW,Regional NSW,,-32.010405,152.468168,,Transport for NSW (inferred),,Beam Bridge,,,,,,,,105,,2,,,,,,,,,,,"OPEN DATA (OpenStreetMap, ODbL). DQ: INCOMPLETE - geometry & identity captured; owner/region/importance INFERRED (verify). Missing: condition, conditionRating, lastInspectionDate, lga, yearBuilt, postingStatus. No engineering/inspection data from open source.",Active,,,,,,2,,,,,,,,,"OpenStreetMap (open data, ODbL)",https://www.openstreetmap.org/way/25893485,OSM:way/25893485,25893485,,"{""type"":""LineString"",""coordinates"":[[152.468601,-32.0105893],[152.4683548,-32.0104995],[152.4680924,-32.010387],[152.4676241,-32.0101449]]}"
,,OSM-26104026,Parklands Track,Road Bridge,,,NSW,Sydney Metropolitan,,-33.878904,150.841867,,Local Council (inferred),,Beam Bridge,,,,,,,,101,,,,,,,,,,,,,"OPEN DATA (OpenStreetMap, ODbL). DQ: INCOMPLETE - geometry & identity captured; owner/region/importance INFERRED (verify). Missing: condition, conditionRating, lastInspectionDate, lga, yearBuilt, postingStatus. No engineering/inspection data from open source.",Active,,,,,,1,,,,,,,,,"OpenStreetMap (open data, ODbL)",https://www.openstreetmap.org/way/26104026,OSM:way/26104026,26104026,,"{""type"":""LineString"",""coordinates"":[[150.8423328,-33.8791401],[150.8414007,-33.8786686]]}"
,,OSM-26178307,Harry Ellifffe Way,Pedestrian Bridge,,,NSW,Sydney Metropolitan,,-33.777489,151.293704,,Local Council (inferred),,Boardwalk,,,,,,,,424,,,,,,,,,,,,,"OPEN DATA (OpenStreetMap, ODbL). DQ: INCOMPLETE - geometry & identity captured; owner/region/importance INFERRED (verify). Missing: condition, conditionRating, lastInspectionDate, lga, yearBuilt, postingStatus. No engineering/inspection data from open source.",Active,,,,,,1,,,,,,,,,"OpenStreetMap (open data, ODbL)",https://www.openstreetmap.org/way/26178307,OSM:way/26178307,26178307,,"{""type"":""LineString"",""coordinates"":[[151.2940651,-33.7792286],[151.2940925,-33.7792457],[151.2941304,-33.7792245],[151.2941264,-33.779205],[151.2940921,-33.7791706],[151.2939621,-33.7788834],[151.293795,-33.7785722],[151.2935933,-33.7781699],[151.293553,-33.7778395],[151.2935472,-33.7774851],[151.2935876,-33.7772839],[151.2936158,-33.7772211],[151.293607,-33.7771669],[151.2935923,-33.7770324],[151.2936218,-33.7769271],[151.293576,-33.7767815],[151.2935723,-33.776544],[151.2935796,-33.7763873],[151.2935447,-33.7762563],[151.2935309,-33.7761465],[151.2934857,-33.7760166],[151.2934465,-33.7758635],[151.2934699,-33.7756003]]}"
,,OSM-26183842,Parramatta-Liverpool Transitway,Road Bridge,,,NSW,Sydney Metropolitan,,-33.927703,150.873656,,Local Council (inferred),,Beam Bridge,,,,,,,,32,,,,,,,,,,,,,"OPEN DATA (OpenStreetMap, ODbL). DQ: INCOMPLETE - geometry & identity captured; owner/region/importance INFERRED (verify). Missing: condition, conditionRating, lastInspectionDate, lga, yearBuilt, postingStatus. No engineering/inspection data from open source.",Active,,,,,,1,,,,,,,,,"OpenStreetMap (open data, ODbL)",https://www.openstreetmap.org/way/26183842,OSM:way/26183842,26183842,,"{""type"":""LineString"",""coordinates"":[[150.8734317,-33.9276659],[150.8737599,-33.9277205],[150.8737762,-33.9277232]]}"
,,OSM-26184121,Hoxton Park Road,Road Bridge,,,NSW,Sydney Metropolitan,,-33.927784,150.873539,,Local Council (inferred),,Beam Bridge,,,,,,,,27,,,,,,,,,,,,,"OPEN DATA (OpenStreetMap, ODbL). DQ: INCOMPLETE - geometry & identity captured; owner/region/importance INFERRED (verify). Missing: condition, conditionRating, lastInspectionDate, lga, yearBuilt, postingStatus. No engineering/inspection data from open source.",Active,,,,,,3,,,,,,,,,"OpenStreetMap (open data, ODbL)",https://www.openstreetmap.org/way/26184121,OSM:way/26184121,26184121,,"{""type"":""LineString"",""coordinates"":[[150.8736491,-33.9278059],[150.8736058,-33.9277976],[150.8733614,-33.9277471]]}"
,,OSM-26203659,Gilchrist Drive,Road Bridge,,,NSW,Sydney Metropolitan,,-34.071482,150.800197,,Local Council (inferred),,Beam Bridge,,,,,,,,236,,2,,,,,,,,,,,"OPEN DATA (OpenStreetMap, ODbL). DQ: INCOMPLETE - geometry & identity captured; owner/region/importance INFERRED (verify). Missing: condition, conditionRating, lastInspectionDate, lga, yearBuilt, postingStatus. No engineering/inspection data from open source.",Active,,,,,,2,,,,,,,,,"OpenStreetMap (open data, ODbL)",https://www.openstreetmap.org/way/26203659,OSM:way/26203659,26203659,,"{""type"":""LineString"",""coordinates"":[[150.8004773,-34.072698],[150.8004039,-34.0722755],[150.8002145,-34.0715618],[150.8000577,-34.0709551],[150.8000245,-34.0707876],[150.8000066,-34.0706169]]}"
,,OSM-26210873,Maitland Road,Road Bridge,,,NSW,Hunter,,-32.908541,151.747387,,Local Council (inferred),,Beam Bridge,,,,,,,,31,,4,,,,,,,,,,,"OPEN DATA (OpenStreetMap, ODbL). DQ: INCOMPLETE - geometry & identity captured; owner/region/importance INFERRED (verify). Missing: condition, conditionRating, lastInspectionDate, lga, yearBuilt, postingStatus. No engineering/inspection data from open source.",Active,,,,,,3,,,,,,,,,"OpenStreetMap (open data, ODbL)",https://www.openstreetmap.org/way/26210873,OSM:way/26210873,26210873,,"{""type"":""LineString"",""coordinates"":[[151.7475176,-32.9084543],[151.7472567,-32.9086273]]}"
,,OSM-26234415,Main Road,Road Bridge,,,NSW,Hunter,,-32.941104,151.662497,,Local Council (inferred),,Beam Bridge,,,,,,,,34,,2,,,,,,,,,,,"OPEN DATA (OpenStreetMap, ODbL). DQ: INCOMPLETE - geometry & identity captured; owner/region/importance INFERRED (verify). Missing: condition, conditionRating, lastInspectionDate, lga, yearBuilt, postingStatus. No engineering/inspection data from open source.",Active,,,,,,2,,,,,,,,,"OpenStreetMap (open data, ODbL)",https://www.openstreetmap.org/way/26234415,OSM:way/26234415,26234415,,"{""type"":""LineString"",""coordinates"":[[151.6623154,-32.9411052],[151.6626791,-32.9411023]]}"
,,OSM-26236769,Minjungbal Drive,Road Bridge,,,NSW,Northern Rivers,,-28.183095,153.537633,,Local Council (inferred),,Beam Bridge,,,,,,,,208,,,,,,,,,,,,,"OPEN DATA (OpenStreetMap, ODbL). DQ: INCOMPLETE - geometry & identity captured; owner/region/importance INFERRED (verify). Missing: condition, conditionRating, lastInspectionDate, lga, yearBuilt, postingStatus. No engineering/inspection data from open source.",Active,,,,,,2,,,,,,,,,"OpenStreetMap (open data, ODbL)",https://www.openstreetmap.org/way/26236769,OSM:way/26236769,26236769,,"{""type"":""LineString"",""coordinates"":[[153.537799,-28.1840015],[153.5377178,-28.1835543],[153.537633,-28.183108],[153.5375501,-28.1826574],[153.5374639,-28.1821518]]}"
,,M1,Pacific Motorway,Road Bridge,,M1,NSW,Northern Rivers,,-28.191783,153.526874,,Transport for NSW (inferred),,Beam Bridge,,,,,,,,247,,2,,,,,,,,,,,"OPEN DATA (OpenStreetMap, ODbL). DQ: INCOMPLETE - geometry & identity captured; owner/region/importance INFERRED (verify). Missing: condition, conditionRating, lastInspectionDate, lga, yearBuilt, postingStatus. No engineering/inspection data from open source.",Active,,,,,,4,,,,,,,,,"OpenStreetMap (open data, ODbL)",https://www.openstreetmap.org/way/26236970,OSM:way/26236970,26236970,,"{""type"":""LineString"",""coordinates"":[[153.5265999,-28.1908324],[153.5267624,-28.1913878],[153.5269196,-28.1919267],[153.5272125,-28.1929856]]}"
,,OSM-26326371,Ocean Street,Road Bridge,,,NSW,Sydney Metropolitan,,-33.703671,151.304769,,Local Council (inferred),,Beam Bridge,,,,,,,,69,,2,,,,,,,,,,,"OPEN DATA (OpenStreetMap, ODbL). DQ: INCOMPLETE - geometry & identity captured; owner/region/importance INFERRED (verify). Missing: condition, conditionRating, lastInspectionDate, lga, yearBuilt, postingStatus. No engineering/inspection data from open source.",Active,,,,,,1,,,,,,,,,"OpenStreetMap (open data, ODbL)",https://www.openstreetmap.org/way/26326371,OSM:way/26326371,26326371,,"{""type"":""LineString"",""coordinates"":[[151.304629,-33.703958],[151.3049094,-33.7033849]]}"
,,OSM-26352591,Creek Flat Road,Road Bridge,,,NSW,Sydney Metropolitan,,-33.561862,150.922288,,Local Council (inferred),,Beam Bridge,,,,,,,,16,,,,,,,,,,,,,"OPEN DATA (OpenStreetMap, ODbL). DQ: INCOMPLETE - geometry & identity captured; owner/region/importance INFERRED (verify). Missing: condition, conditionRating, lastInspectionDate, lga, yearBuilt, postingStatus. No engineering/inspection data from open source.",Active,,,,,,1,,,,,,,,,"OpenStreetMap (open data, ODbL)",https://www.openstreetmap.org/way/26352591,OSM:way/26352591,26352591,,"{""type"":""LineString"",""coordinates"":[[150.9222043,-33.5618535],[150.9223726,-33.5618709]]}"
,,OSM-26381521,Huntley Road,Road Bridge,,,NSW,Illawarra & Shoalhaven,,-34.516831,150.78193,,Local Council (inferred),,Beam Bridge,,,,,,,,26,,,,,,,,,,,,,"OPEN DATA (OpenStreetMap, ODbL). DQ: INCOMPLETE - geometry & identity captured; owner/region/importance INFERRED (verify). Missing: condition, conditionRating, lastInspectionDate, lga, yearBuilt, postingStatus. No engineering/inspection data from open source.",Active,,,,,,1,,,,,,,,,"OpenStreetMap (open data, ODbL)",https://www.openstreetmap.org/way/26381521,OSM:way/26381521,26381521,,"{""type"":""LineString"",""coordinates"":[[150.7820733,-34.516835],[150.7817863,-34.5168262]]}"
,,OSM-26382101,Nolan Street,Road Bridge,,,NSW,Illawarra & Shoalhaven,,-34.465496,150.845728,,Local Council (inferred),,Beam Bridge,,,,,,,,68,,,,,,,,,,,,,"OPEN DATA (OpenStreetMap, ODbL). DQ: INCOMPLETE - geometry & identity captured; owner/region/importance INFERRED (verify). Missing: condition, conditionRating, lastInspectionDate, lga, yearBuilt, postingStatus. No engineering/inspection data from open source.",Active,,,,,,2,,,,,,,,,"OpenStreetMap (open data, ODbL)",https://www.openstreetmap.org/way/26382101,OSM:way/26382101,26382101,,"{""type"":""LineString"",""coordinates"":[[150.8456417,-34.4651997],[150.8458134,-34.4657924]]}"
,,OSM-26382106,Emerson Road,Road Bridge,,,NSW,Illawarra & Shoalhaven,,-34.504261,150.791288,,Local Council (inferred),,Beam Bridge,,,,,,,,75,,,,,,,,,,,,,"OPEN DATA (OpenStreetMap, ODbL). DQ: INCOMPLETE - geometry & identity captured; owner/region/importance INFERRED (verify). Missing: condition, conditionRating, lastInspectionDate, lga, yearBuilt, postingStatus. No engineering/inspection data from open source.",Active,,,,,,1,,,,,,,,,"OpenStreetMap (open data, ODbL)",https://www.openstreetmap.org/way/26382106,OSM:way/26382106,26382106,,"{""type"":""LineString"",""coordinates"":[[150.7909301,-34.504101],[150.7916464,-34.5044214]]}"
,,OSM-26383275,Harvey Street,Road Bridge,,,NSW,Illawarra & Shoalhaven,,-34.493063,150.803067,,Local Council (inferred),,Beam Bridge,,,,,,,,47,,,,,,,,,,,,,"OPEN DATA (OpenStreetMap, ODbL). DQ: INCOMPLETE - geometry & identity captured; owner/region/importance INFERRED (verify). Missing: condition, conditionRating, lastInspectionDate, lga, yearBuilt, postingStatus. No engineering/inspection data from open source.",Active,,,,,,1,,,,,,,,,"OpenStreetMap (open data, ODbL)",https://www.openstreetmap.org/way/26383275,OSM:way/26383275,26383275,,"{""type"":""LineString"",""coordinates"":[[150.8032802,-34.493183],[150.802854,-34.4929431]]}"
,,A1,Pacific Highway,Road Bridge,,A1,NSW,Regional NSW,,-31.916955,152.511898,,Transport for NSW (inferred),,Beam Bridge,2013,,,,,,,572,,2,,,,,,,,,,,"OPEN DATA (OpenStreetMap, ODbL). DQ: PARTIAL - geometry & identity captured; owner/region/importance INFERRED (verify). Missing: condition, conditionRating, lastInspectionDate, lga, postingStatus. No engineering/inspection data from open source.",Active,,,,,,4,,,,,,,,,"OpenStreetMap (open data, ODbL)",https://www.openstreetmap.org/way/26387487,OSM:way/26387487,26387487,,"{""type"":""LineString"",""coordinates"":[[152.5124823,-31.914487],[152.5124095,-31.914749],[152.5121489,-31.9158122],[152.5120045,-31.9163689],[152.5117742,-31.9174332],[152.511559,-31.9183813],[152.5114648,-31.9188758],[152.5113411,-31.9195343]]}"
,,A1,Pacific Highway,Road Bridge,,A1,NSW,Regional NSW,,-31.906449,152.52048,,Transport for NSW (inferred),,Beam Bridge,2013,,,,,,,551,,2,,,,,,,,,,,"OPEN DATA (OpenStreetMap, ODbL). DQ: PARTIAL - geometry & identity captured; owner/region/importance INFERRED (verify). Missing: condition, conditionRating, lastInspectionDate, lga, postingStatus. No engineering/inspection data from open source.",Active,,,,,,4,,,,,,,,,"OpenStreetMap (open data, ODbL)",https://www.openstreetmap.org/way/26387595,OSM:way/26387595,26387595,,"{""type"":""LineString"",""coordinates"":[[152.5177327,-31.9079965],[152.5202339,-31.906585],[152.5213466,-31.9059517],[152.5226052,-31.9052636]]}"
,,A1,Pacific Highway,Road Bridge,,A1,NSW,Regional NSW,,-31.906622,152.520537,,Transport for NSW (inferred),,Beam Bridge,2013,,,,,,,553,,2,,,,,,,,,,,"OPEN DATA (OpenStreetMap, ODbL). DQ: PARTIAL - geometry & identity captured; owner/region/importance INFERRED (verify). Missing: condition, conditionRating, lastInspectionDate, lga, postingStatus. No engineering/inspection data from open source.",Active,,,,,,4,,,,,,,,,"OpenStreetMap (open data, ODbL)",https://www.openstreetmap.org/way/26387597,OSM:way/26387597,26387597,,"{""type"":""LineString"",""coordinates"":[[152.5227573,-31.9053701],[152.5212062,-31.9062328],[152.5202988,-31.9067585],[152.5178852,-31.9081252]]}"
,,B73;8,Moss Vale Road,Road Bridge,,B73;8,NSW,Illawarra & Shoalhaven,,-34.72755,150.520925,,Transport for NSW (inferred),,Beam Bridge,,,,4.9,,,,85,,1,,,,Restricted,,,,,,,"OPEN DATA (OpenStreetMap, ODbL). DQ: PARTIAL - geometry & identity captured; owner/region/importance INFERRED (verify). Missing: condition, conditionRating, lastInspectionDate, lga, yearBuilt. No engineering/inspection data from open source. HV: load limit 42.5t, clearance 4.9m (posted, open data; NHVR gazettal/route approval NOT verified).",Active,,,,42.5,,3,,,,,,,,,"OpenStreetMap (open data, ODbL)",https://www.openstreetmap.org/way/26404688,OSM:way/26404688,26404688,,"{""type"":""LineString"",""coordinates"":[[150.5207587,-34.7271908],[150.5210919,-34.7279082]]}"
,,B73;8,Moss Vale Road,Road Bridge,,B73;8,NSW,Illawarra & Shoalhaven,,-34.740912,150.544697,,Transport for NSW (inferred),,Beam Bridge,,,,,,,,47,,2,,,,,,,,,,,"OPEN DATA (OpenStreetMap, ODbL). DQ: INCOMPLETE - geometry & identity captured; owner/region/importance INFERRED (verify). Missing: condition, conditionRating, lastInspectionDate, lga, yearBuilt, postingStatus. No engineering/inspection data from open source.",Active,,,,,,3,,,,,,,,,"OpenStreetMap (open data, ODbL)",https://www.openstreetmap.org/way/26404692,OSM:way/26404692,26404692,,"{""type"":""LineString"",""coordinates"":[[150.5444991,-34.7407785],[150.5448953,-34.7410453]]}"
,,M1,Princes Motorway,Road Bridge,,M1,NSW,Illawarra & Shoalhaven,,-34.496734,150.799492,,Transport for NSW (inferred),,Beam Bridge,2013,,,,,,,31,,2,,,,,,,,,,,"OPEN DATA (OpenStreetMap, ODbL). DQ: PARTIAL - geometry & identity captured; owner/region/importance INFERRED (verify). Missing: condition, conditionRating, lastInspectionDate, lga, postingStatus. No engineering/inspection data from open source.",Active,,,,,,4,,,,,,,,,"OpenStreetMap (open data, ODbL)",https://www.openstreetmap.org/way/26405975,OSM:way/26405975,26405975,,"{""type"":""LineString"",""coordinates"":[[150.7996045,-34.4966316],[150.7993797,-34.4968354]]}"
,,M1,Princes Motorway,Road Bridge,,M1,NSW,Illawarra & Shoalhaven,,-34.479999,150.824778,,Transport for NSW (inferred),,Beam Bridge,2013,,,,,,,250,,2,,,,,,,,,,,"OPEN DATA (OpenStreetMap, ODbL). DQ: PARTIAL - geometry & identity captured; owner/region/importance INFERRED (verify). Missing: condition, conditionRating, lastInspectionDate, lga, postingStatus. No engineering/inspection data from open source.",Active,,,,,,4,,,,,,,,,"OpenStreetMap (open data, ODbL)",https://www.openstreetmap.org/way/26406693,OSM:way/26406693,26406693,,"{""type"":""LineString"",""coordinates"":[[150.8257223,-34.4791844],[150.8238346,-34.4808128]]}"
,,OSM-26406697,Kanahooka Road,Road Bridge,,,NSW,Illawarra & Shoalhaven,,-34.487776,150.808594,,Local Council (inferred),,Beam Bridge,,,,,,,,78,,,,,,Restricted,,,,,,,"OPEN DATA (OpenStreetMap, ODbL). DQ: PARTIAL - geometry & identity captured; owner/region/importance INFERRED (verify). Missing: condition, conditionRating, lastInspectionDate, lga, yearBuilt. No engineering/inspection data from open source. HV: load limit 5t (posted, open data; NHVR gazettal/route approval NOT verified).",Active,,,,5,,2,,,,,,,,,"OpenStreetMap (open data, ODbL)",https://www.openstreetmap.org/way/26406697,OSM:way/26406697,26406697,,"{""type"":""LineString"",""coordinates"":[[150.8082772,-34.4875439],[150.8089102,-34.4880081]]}"
,,OSM-26428540,New Lake Entrance Road,Road Bridge,,,NSW,Illawarra & Shoalhaven,,-34.572881,150.822607,,Local Council (inferred),,Beam Bridge,,,,,,,,21,,,,,,,,,,,,,"OPEN DATA (OpenStreetMap, ODbL). DQ: INCOMPLETE - geometry & identity captured; owner/region/importance INFERRED (verify). Missing: condition, conditionRating, lastInspectionDate, lga, yearBuilt, postingStatus. No engineering/inspection data from open source.",Active,,,,,,3,,,,,,,,,"OpenStreetMap (open data, ODbL)",https://www.openstreetmap.org/way/26428540,OSM:way/26428540,26428540,,"{""type"":""LineString"",""coordinates"":[[150.8226499,-34.5727938],[150.8225634,-34.5729673]]}"
,,OSM-26448062,Murray Valley Highway,Road Bridge,,,NSW,Regional NSW,,-34.568386,142.763799,,Local Council (inferred),,Beam Bridge,,,,,,,,183,,2,,,,,,,,,,,"OPEN DATA (OpenStreetMap, ODbL). DQ: INCOMPLETE - geometry & identity captured; owner/region/importance INFERRED (verify). Missing: condition, conditionRating, lastInspectionDate, lga, yearBuilt, postingStatus. No engineering/inspection data from open source.",Active,,,,,,3,,,,,,,,,"OpenStreetMap (open data, ODbL)",https://www.openstreetmap.org/way/26448062,OSM:way/26448062,26448062,,"{""type"":""LineString"",""coordinates"":[[142.7640646,-34.5691547],[142.7638058,-34.5684282],[142.7635253,-34.5675738]]}"
,,OSM-26448063,Murray Valley Highway,Road Bridge,,,NSW,Regional NSW,,-34.571619,142.764973,,Local Council (inferred),,Beam Bridge,,,,,,,,157,,2,,,,,,,,,,,"OPEN DATA (OpenStreetMap, ODbL). DQ: INCOMPLETE - geometry & identity captured; owner/region/importance INFERRED (verify). Missing: condition, conditionRating, lastInspectionDate, lga, yearBuilt, postingStatus. No engineering/inspection data from open source.",Active,,,,,,3,,,,,,,,,"OpenStreetMap (open data, ODbL)",https://www.openstreetmap.org/way/26448063,OSM:way/26448063,26448063,,"{""type"":""LineString"",""coordinates"":[[142.7652314,-34.5722932],[142.7647149,-34.5709457]]}"
,,OSM-26448081,Murray Valley Highway,Road Bridge,,,NSW,Regional NSW,,-34.563068,142.762104,,Local Council (inferred),,Beam Bridge,,,,,,,,49,,2,,,,,,,,,,,"OPEN DATA (OpenStreetMap, ODbL). DQ: INCOMPLETE - geometry & identity captured; owner/region/importance INFERRED (verify). Missing: condition, conditionRating, lastInspectionDate, lga, yearBuilt, postingStatus. No engineering/inspection data from open source.",Active,,,,,,3,,,,,,,,,"OpenStreetMap (open data, ODbL)",https://www.openstreetmap.org/way/26448081,OSM:way/26448081,26448081,,"{""type"":""LineString"",""coordinates"":[[142.7621668,-34.5632796],[142.762042,-34.5628554]]}"
,,OSM-26452512,Princes Highway,Road Bridge,,,NSW,Illawarra & Shoalhaven,,-34.546634,150.785211,,Local Council (inferred),,Beam Bridge,,,,,,,,115,,2,,,,,,,,,,,"OPEN DATA (OpenStreetMap, ODbL). DQ: INCOMPLETE - geometry & identity captured; owner/region/importance INFERRED (verify). Missing: condition, conditionRating, lastInspectionDate, lga, yearBuilt, postingStatus. No engineering/inspection data from open source.",Active,,,,,,3,,,,,,,,,"OpenStreetMap (open data, ODbL)",https://www.openstreetmap.org/way/26452512,OSM:way/26452512,26452512,,"{""type"":""LineString"",""coordinates"":[[150.7852057,-34.5461153],[150.7852161,-34.5471524]]}"
,,OSM-26490451,Lawrence Hargrave Drive,Road Bridge,,,NSW,Illawarra & Shoalhaven,,-34.316512,150.920079,,Local Council (inferred),,Beam Bridge,,,,,,,,27,,,,,,,,,,,,,"OPEN DATA (OpenStreetMap, ODbL). DQ: INCOMPLETE - geometry & identity captured; owner/region/importance INFERRED (verify). Missing: condition, conditionRating, lastInspectionDate, lga, yearBuilt, postingStatus. No engineering/inspection data from open source.",Active,,,,,,2,,,,,,,,,"OpenStreetMap (open data, ODbL)",https://www.openstreetmap.org/way/26490451,OSM:way/26490451,26490451,,"{""type"":""LineString"",""coordinates"":[[150.9202282,-34.3165094],[150.9199293,-34.3165153]]}"
,,OSM-26495238,McKell Avenue,Road Bridge,,,NSW,Sydney Metropolitan,,-34.152149,151.028611,,Local Council (inferred),,Beam Bridge,,,,,,,,46,,,,,,,,,,,,,"OPEN DATA (OpenStreetMap, ODbL). DQ: INCOMPLETE - geometry & identity captured; owner/region/importance INFERRED (verify). Missing: condition, conditionRating, lastInspectionDate, lga, yearBuilt, postingStatus. No engineering/inspection data from open source.",Active,,,,,,1,,,,,,,,,"OpenStreetMap (open data, ODbL)",https://www.openstreetmap.org/way/26495238,OSM:way/26495238,26495238,,"{""type"":""LineString"",""coordinates"":[[151.0284092,-34.1520355],[151.0284705,-34.1520833],[151.0285129,-34.1521124],[151.0285553,-34.1521363],[151.0286314,-34.1521719],[151.0286964,-34.1521974],[151.0287771,-34.1522229],[151.0288347,-34.1522361]]}"
,,OSM-26561694,New Lake Entrance Road,Road Bridge,,,NSW,Illawarra & Shoalhaven,,-34.572833,150.822488,,Local Council (inferred),,Beam Bridge,,,,,,,,21,,,,,,,,,,,,,"OPEN DATA (OpenStreetMap, ODbL). DQ: INCOMPLETE - geometry & identity captured; owner/region/importance INFERRED (verify). Missing: condition, conditionRating, lastInspectionDate, lga, yearBuilt, postingStatus. No engineering/inspection data from open source.",Active,,,,,,3,,,,,,,,,"OpenStreetMap (open data, ODbL)",https://www.openstreetmap.org/way/26561694,OSM:way/26561694,26561694,,"{""type"":""LineString"",""coordinates"":[[150.8224177,-34.572915],[150.8224561,-34.5728768],[150.8225315,-34.5727816],[150.8225465,-34.5727567]]}"
,,OSM-26665511,Yalwal Road,Road Bridge,,,NSW,Illawarra & Shoalhaven,,-34.893348,150.577051,,Local Council (inferred),,Beam Bridge,,,,,,,,24,,2,,,,,,,,,,,"OPEN DATA (OpenStreetMap, ODbL). DQ: INCOMPLETE - geometry & identity captured; owner/region/importance INFERRED (verify). Missing: condition, conditionRating, lastInspectionDate, lga, yearBuilt, postingStatus. No engineering/inspection data from open source.",Active,,,,,,1,,,,,,,,,"OpenStreetMap (open data, ODbL)",https://www.openstreetmap.org/way/26665511,OSM:way/26665511,26665511,,"{""type"":""LineString"",""coordinates"":[[150.577176,-34.8933107],[150.5769255,-34.8933845]]}"
,,A1,Princes Highway,Road Bridge,,A1,NSW,Illawarra & Shoalhaven,,-34.86108,150.600488,,Transport for NSW (inferred),,Beam Bridge,,,,,,,,43,,3,,,,,,,,,,,"OPEN DATA (OpenStreetMap, ODbL). DQ: INCOMPLETE - geometry & identity captured; owner/region/importance INFERRED (verify). Missing: condition, conditionRating, lastInspectionDate, lga, yearBuilt, postingStatus. No engineering/inspection data from open source.",Active,,,,,,4,,,,,,,,,"OpenStreetMap (open data, ODbL)",https://www.openstreetmap.org/way/26665616,OSM:way/26665616,26665616,,"{""type"":""LineString"",""coordinates"":[[150.6003609,-34.8609201],[150.6006153,-34.8612407]]}"
,,OSM-26668605,Haywards Bay Drive,Road Bridge,,,NSW,Illawarra & Shoalhaven,,-34.540856,150.786965,,Local Council (inferred),,Beam Bridge,,,,,,,,29,,,,,,,,,,,,,"OPEN DATA (OpenStreetMap, ODbL). DQ: INCOMPLETE - geometry & identity captured; owner/region/importance INFERRED (verify). Missing: condition, conditionRating, lastInspectionDate, lga, yearBuilt, postingStatus. No engineering/inspection data from open source.",Active,,,,,,1,,,,,,,,,"OpenStreetMap (open data, ODbL)",https://www.openstreetmap.org/way/26668605,OSM:way/26668605,26668605,,"{""type"":""LineString"",""coordinates"":[[150.7871101,-34.5408034],[150.7868192,-34.5409085]]}"
,,OSM-26720778,Old Pooncarie Road,Road Bridge,,,NSW,Far West,,-32.706869,142.094042,,Local Council (inferred),,Beam Bridge,,,,,,,,794,,,,,,,,,,,,,"OPEN DATA (OpenStreetMap, ODbL). DQ: INCOMPLETE - geometry & identity captured; owner/region/importance INFERRED (verify). Missing: condition, conditionRating, lastInspectionDate, lga, yearBuilt, postingStatus. No engineering/inspection data from open source.",Active,,,,,,1,,,,,,,,,"OpenStreetMap (open data, ODbL)",https://www.openstreetmap.org/way/26720778,OSM:way/26720778,26720778,,"{""type"":""LineString"",""coordinates"":[[142.0908192,-32.7097377],[142.0919216,-32.7087357],[142.0926759,-32.7080501],[142.0945582,-32.7063963],[142.0956547,-32.7054326],[142.0959757,-32.7051505],[142.0966852,-32.7045829]]}"
,,M23,Federal Highway,Road Bridge,,M23,NSW,South East & Tablelands,,-34.803361,149.60943,,Transport for NSW (inferred),,Beam Bridge,,,,,,,,93,,2,,,,,,,,,,,"OPEN DATA (OpenStreetMap, ODbL). DQ: INCOMPLETE - geometry & identity captured; owner/region/importance INFERRED (verify). Missing: condition, conditionRating, lastInspectionDate, lga, yearBuilt, postingStatus. No engineering/inspection data from open source.",Active,,,,,,4,,,,,,,,,"OpenStreetMap (open data, ODbL)",https://www.openstreetmap.org/way/26772292,OSM:way/26772292,26772292,,"{""type"":""LineString"",""coordinates"":[[149.6093011,-34.8037341],[149.6093535,-34.8035556],[149.6094747,-34.8032176],[149.6095917,-34.8029365]]}"
,,OSM-26809040,Cleveland Road,Road Bridge,,,NSW,Illawarra & Shoalhaven,,-34.501505,150.786116,,Local Council (inferred),,Beam Bridge,,,,,,,,79,,2,,,,,,,,,,,"OPEN DATA (OpenStreetMap, ODbL). DQ: INCOMPLETE - geometry & identity captured; owner/region/importance INFERRED (verify). Missing: condition, conditionRating, lastInspectionDate, lga, yearBuilt, postingStatus. No engineering/inspection data from open source.",Active,,,,,,1,,,,,,,,,"OpenStreetMap (open data, ODbL)",https://www.openstreetmap.org/way/26809040,OSM:way/26809040,26809040,,"{""type"":""LineString"",""coordinates"":[[150.7865561,-34.5016375],[150.7863417,-34.501571],[150.7860734,-34.5014888],[150.7858703,-34.5014297],[150.7857397,-34.501397]]}"
,,OSM-26810024,Fowlers Road,Road Bridge,,,NSW,Illawarra & Shoalhaven,,-34.500752,150.80042,,Local Council (inferred),,Beam Bridge,,,,,,,,17,,,,,,,,,,,,,"OPEN DATA (OpenStreetMap, ODbL). DQ: INCOMPLETE - geometry & identity captured; owner/region/importance INFERRED (verify). Missing: condition, conditionRating, lastInspectionDate, lga, yearBuilt, postingStatus. No engineering/inspection data from open source.",Active,,,,,,2,,,,,,,,,"OpenStreetMap (open data, ODbL)",https://www.openstreetmap.org/way/26810024,OSM:way/26810024,26810024,,"{""type"":""LineString"",""coordinates"":[[150.8003435,-34.5007096],[150.8004966,-34.5007936]]}"
,,A28,Betts Road,Road Bridge,,A28,NSW,Sydney Metropolitan,,-33.84347,150.956009,,Transport for NSW (inferred),,Beam Bridge,2013,,,,,,,45,,3,,,,,,,,,,,"OPEN DATA (OpenStreetMap, ODbL). DQ: PARTIAL - geometry & identity captured; owner/region/importance INFERRED (verify). Missing: condition, conditionRating, lastInspectionDate, lga, postingStatus. No engineering/inspection data from open source.",Active,,,,,,4,,,,,,,,,"OpenStreetMap (open data, ODbL)",https://www.openstreetmap.org/way/27105942,OSM:way/27105942,27105942,,"{""type"":""LineString"",""coordinates"":[[150.9559067,-33.8436528],[150.9559428,-33.843587],[150.9559916,-33.8435056],[150.956031,-33.843435],[150.9560705,-33.8433597],[150.9561106,-33.8432808]]}"
,,A28,Betts Road,Road Bridge,,A28,NSW,Sydney Metropolitan,,-33.843501,150.956153,,Transport for NSW (inferred),,Beam Bridge,2013,,,,,,,46,,3,,,,,,,,,,,"OPEN DATA (OpenStreetMap, ODbL). DQ: PARTIAL - geometry & identity captured; owner/region/importance INFERRED (verify). Missing: condition, conditionRating, lastInspectionDate, lga, postingStatus. No engineering/inspection data from open source.",Active,,,,,,4,,,,,,,,,"OpenStreetMap (open data, ODbL)",https://www.openstreetmap.org/way/27105945,OSM:way/27105945,27105945,,"{""type"":""LineString"",""coordinates"":[[150.9562615,-33.8433017],[150.9562057,-33.8434034],[150.956156,-33.8434993],[150.9560902,-33.8436185],[150.9560503,-33.843681]]}"
,,OSM-27214749,Morton Avenue,Road Bridge,,,NSW,South East & Tablelands,,-34.847685,148.944272,,Local Council (inferred),,Beam Bridge,,,,,,,,61,,,,,,,,,,,,,"OPEN DATA (OpenStreetMap, ODbL). DQ: INCOMPLETE - geometry & identity captured; owner/region/importance INFERRED (verify). Missing: condition, conditionRating, lastInspectionDate, lga, yearBuilt, postingStatus. No engineering/inspection data from open source.",Active,,,,,,1,,,,,,,,,"OpenStreetMap (open data, ODbL)",https://www.openstreetmap.org/way/27214749,OSM:way/27214749,27214749,,"{""type"":""LineString"",""coordinates"":[[148.9439373,-34.8476861],[148.9446071,-34.8476846]]}"
,,OSM-27219643,Flat Rock Crossing,Road Bridge,,,NSW,South East & Tablelands,,-34.835793,148.913179,,Local Council (inferred),,Beam Bridge,,,,,,,,20,,2,,,,,,,,,,,"OPEN DATA (OpenStreetMap, ODbL). DQ: INCOMPLETE - geometry & identity captured; owner/region/importance INFERRED (verify). Missing: condition, conditionRating, lastInspectionDate, lga, yearBuilt, postingStatus. No engineering/inspection data from open source.",Active,,,,,,1,,,,,,,,,"OpenStreetMap (open data, ODbL)",https://www.openstreetmap.org/way/27219643,OSM:way/27219643,27219643,,"{""type"":""LineString"",""coordinates"":[[148.9131833,-34.8358747],[148.9131796,-34.8358113],[148.913173,-34.8356928]]}"
,,OSM-27238283,Six Foot Track,Pedestrian Bridge,,,NSW,Central West & Orana,,-33.737794,150.18616,,Local Council (inferred),,Beam Bridge,,,,,,,,99,,,,,,,,,,,,,"OPEN DATA (OpenStreetMap, ODbL). DQ: INCOMPLETE - geometry & identity captured; owner/region/importance INFERRED (verify). Missing: condition, conditionRating, lastInspectionDate, lga, yearBuilt, postingStatus. No engineering/inspection data from open source.",Active,,,,,,1,,,,,,,,,"OpenStreetMap (open data, ODbL)",https://www.openstreetmap.org/way/27238283,OSM:way/27238283,27238283,,"{""type"":""LineString"",""coordinates"":[[150.185971,-33.7373759],[150.1863484,-33.7382125]]}"
,,OSM-27238505,Bonville Station Road,Road Bridge,,,NSW,Mid North Coast,,-30.376062,153.051677,,Local Council (inferred),,Beam Bridge,,,,,,,,68,,,,,,,,,,,,,"OPEN DATA (OpenStreetMap, ODbL). DQ: INCOMPLETE - geometry & identity captured; owner/region/importance INFERRED (verify). Missing: condition, conditionRating, lastInspectionDate, lga, yearBuilt, postingStatus. No engineering/inspection data from open source.",Active,,,,,,1,,,,,,,,,"OpenStreetMap (open data, ODbL)",https://www.openstreetmap.org/way/27238505,OSM:way/27238505,27238505,,"{""type"":""LineString"",""coordinates"":[[153.0513315,-30.3759888],[153.0520229,-30.3761353]]}"
,,OSM-27238506,Williams Road,Road Bridge,,,NSW,Mid North Coast,,-30.370818,153.053375,,Local Council (inferred),,Beam Bridge,,,,,,,,64,,,,,,,,,,,,,"OPEN DATA (OpenStreetMap, ODbL). DQ: INCOMPLETE - geometry & identity captured; owner/region/importance INFERRED (verify). Missing: condition, conditionRating, lastInspectionDate, lga, yearBuilt, postingStatus. No engineering/inspection data from open source.",Active,,,,,,1,,,,,,,,,"OpenStreetMap (open data, ODbL)",https://www.openstreetmap.org/way/27238506,OSM:way/27238506,27238506,,"{""type"":""LineString"",""coordinates"":[[153.0530549,-30.37074],[153.053696,-30.3708958]]}"
,,A1,Pacific Highway,Road Bridge,,A1,NSW,Mid North Coast,,-30.408536,153.027621,,Transport for NSW (inferred),,Beam Bridge,2013,,,,,,,58,,2,,,,,,,,,,,"OPEN DATA (OpenStreetMap, ODbL). DQ: PARTIAL - geometry & identity captured; owner/region/importance INFERRED (verify). Missing: condition, conditionRating, lastInspectionDate, lga, postingStatus. No engineering/inspection data from open source.",Active,,,,,,4,,,,,,,,,"OpenStreetMap (open data, ODbL)",https://www.openstreetmap.org/way/27239068,OSM:way/27239068,27239068,,"{""type"":""LineString"",""coordinates"":[[153.0277825,-30.4083161],[153.0274602,-30.4087568]]}"
,,A1,Pacific Highway,Road Bridge,,A1,NSW,Mid North Coast,,-30.407822,153.027438,,Transport for NSW (inferred),,Beam Bridge,2013,,,,,,,76,,2,,,,,,,,,,,"OPEN DATA (OpenStreetMap, ODbL). DQ: PARTIAL - geometry & identity captured; owner/region/importance INFERRED (verify). Missing: condition, conditionRating, lastInspectionDate, lga, postingStatus. No engineering/inspection data from open source.",Active,,,,,,4,,,,,,,,,"OpenStreetMap (open data, ODbL)",https://www.openstreetmap.org/way/27239071,OSM:way/27239071,27239071,,"{""type"":""LineString"",""coordinates"":[[153.0272296,-30.4081111],[153.0276464,-30.407533]]}"
,,OSM-27239478,Diamond Head Drive,Road Bridge,,,NSW,Regional NSW,,-30.146786,153.192291,,Local Council (inferred),,Beam Bridge,,,,,,,,57,,,,,,,,,,,,,"OPEN DATA (OpenStreetMap, ODbL). DQ: INCOMPLETE - geometry & identity captured; owner/region/importance INFERRED (verify). Missing: condition, conditionRating, lastInspectionDate, lga, yearBuilt, postingStatus. No engineering/inspection data from open source.",Active,,,,,,1,,,,,,,,,"OpenStreetMap (open data, ODbL)",https://www.openstreetmap.org/way/27239478,OSM:way/27239478,27239478,,"{""type"":""LineString"",""coordinates"":[[153.1919946,-30.1467746],[153.1925866,-30.1467967]]}"
,,A1,Pacific Highway,Road Bridge,,A1,NSW,Regional NSW,,-30.280384,153.131149,,Transport for NSW (inferred),,Beam Bridge,2013,,,,,,,84,,2,,,,,,,,,,,"OPEN DATA (OpenStreetMap, ODbL). DQ: PARTIAL - geometry & identity captured; owner/region/importance INFERRED (verify). Missing: condition, conditionRating, lastInspectionDate, lga, postingStatus. No engineering/inspection data from open source.",Active,,,,,,4,,,,,,,,,"OpenStreetMap (open data, ODbL)",https://www.openstreetmap.org/way/27239636,OSM:way/27239636,27239636,,"{""type"":""LineString"",""coordinates"":[[153.1308119,-30.2806231],[153.1314863,-30.2801449]]}"
,,OSM-27243069,Sutton Road,Road Bridge,,,NSW,South East & Tablelands,,-35.037919,149.262046,,Local Council (inferred),,Beam Bridge,,,,,,,,74,,2,,,,,,,,,,,"OPEN DATA (OpenStreetMap, ODbL). DQ: INCOMPLETE - geometry & identity captured; owner/region/importance INFERRED (verify). Missing: condition, conditionRating, lastInspectionDate, lga, yearBuilt, postingStatus. No engineering/inspection data from open source.",Active,,,,,,2,,,,,,,,,"OpenStreetMap (open data, ODbL)",https://www.openstreetmap.org/way/27243069,OSM:way/27243069,27243069,,"{""type"":""LineString"",""coordinates"":[[149.2616411,-35.0379099],[149.2624516,-35.0379278]]}"
,,OSM-27280641,Alfred Street North,Road Bridge,,,NSW,Sydney Metropolitan,,-33.839356,151.210988,,Local Council (inferred),,Beam Bridge,,,,,,,,7,,,,,,,,,,,,,"OPEN DATA (OpenStreetMap, ODbL). DQ: INCOMPLETE - geometry & identity captured; owner/region/importance INFERRED (verify). Missing: condition, conditionRating, lastInspectionDate, lga, yearBuilt, postingStatus. No engineering/inspection data from open source.",Active,,,,,,1,,,,,,,,,"OpenStreetMap (open data, ODbL)",https://www.openstreetmap.org/way/27280641,OSM:way/27280641,27280641,,"{""type"":""LineString"",""coordinates"":[[151.2109455,-33.8393562],[151.2109921,-33.8393568],[151.2110261,-33.8393543]]}"
,,OSM-27349228,Barney Street,Road Bridge,,,NSW,Illawarra & Shoalhaven,,-34.676193,150.851371,,Local Council (inferred),,Beam Bridge,,,,,,,,21,,,,,,,,,,,,,"OPEN DATA (OpenStreetMap, ODbL). DQ: INCOMPLETE - geometry & identity captured; owner/region/importance INFERRED (verify). Missing: condition, conditionRating, lastInspectionDate, lga, yearBuilt, postingStatus. No engineering/inspection data from open source.",Active,,,,,,1,,,,,,,,,"OpenStreetMap (open data, ODbL)",https://www.openstreetmap.org/way/27349228,OSM:way/27349228,27349228,,"{""type"":""LineString"",""coordinates"":[[150.8512775,-34.6761354],[150.8514635,-34.6762504]]}"
,,M1,Princes Highway,Road Bridge,,M1,NSW,Illawarra & Shoalhaven,,-34.67637,150.843261,,Transport for NSW (inferred),,Beam Bridge,,,,,,,,56,,2,,,,,,,,,,,"OPEN DATA (OpenStreetMap, ODbL). DQ: INCOMPLETE - geometry & identity captured; owner/region/importance INFERRED (verify). Missing: condition, conditionRating, lastInspectionDate, lga, yearBuilt, postingStatus. No engineering/inspection data from open source.",Active,,,,,,4,,,,,,,,,"OpenStreetMap (open data, ODbL)",https://www.openstreetmap.org/way/27351451,OSM:way/27351451,27351451,,"{""type"":""LineString"",""coordinates"":[[150.8433143,-34.6766177],[150.8432086,-34.6761216]]}"
,,OSM-27445381,Hereford Street,Road Bridge,,,NSW,Central West & Orana,,-33.411704,149.585331,,Local Council (inferred),,,,,,,,,,35,,2,,,,,,,,,,,"OPEN DATA (OpenStreetMap, ODbL). DQ: INCOMPLETE - geometry & identity captured; owner/region/importance INFERRED (verify). Missing: condition, conditionRating, lastInspectionDate, lga, structureType, yearBuilt, postingStatus. No engineering/inspection data from open source.",Active,,,,,,2,,,,,,,,,"OpenStreetMap (open data, ODbL)",https://www.openstreetmap.org/way/27445381,OSM:way/27445381,27445381,,"{""type"":""LineString"",""coordinates"":[[149.5854104,-33.4115604],[149.585252,-33.4118475]]}"
,,OSM-27479683,East Bonville Road,Road Bridge,,,NSW,Mid North Coast,,-30.385124,153.053103,,Local Council (inferred),,Beam Bridge,,,,,,,,28,,,,,,,,,,,,,"OPEN DATA (OpenStreetMap, ODbL). DQ: INCOMPLETE - geometry & identity captured; owner/region/importance INFERRED (verify). Missing: condition, conditionRating, lastInspectionDate, lga, yearBuilt, postingStatus. No engineering/inspection data from open source.",Active,,,,,,1,,,,,,,,,"OpenStreetMap (open data, ODbL)",https://www.openstreetmap.org/way/27479683,OSM:way/27479683,27479683,,"{""type"":""LineString"",""coordinates"":[[153.0532259,-30.3851905],[153.0529806,-30.3850569]]}"
,,18,Hogbin Drive North,Road Bridge,,18,NSW,Regional NSW,,-30.292419,153.133164,,Transport for NSW (inferred),,Beam Bridge,,,,,,,,24,,2,,,,Restricted,,,,,,,"OPEN DATA (OpenStreetMap, ODbL). DQ: PARTIAL - geometry & identity captured; owner/region/importance INFERRED (verify). Missing: condition, conditionRating, lastInspectionDate, lga, yearBuilt. No engineering/inspection data from open source. HV: load limit 15t (posted, open data; NHVR gazettal/route approval NOT verified).",Active,,,,15,,2,,,,,,,,,"OpenStreetMap (open data, ODbL)",https://www.openstreetmap.org/way/28085712,OSM:way/28085712,28085712,,"{""type"":""LineString"",""coordinates"":[[153.1332596,-30.2923512],[153.1330691,-30.2924868]]}"
,,A1,Pacific Highway,Road Bridge,,A1,NSW,Hunter,,-32.632031,151.996361,,Transport for NSW (inferred),,Beam Bridge,2013,,,,,,,21,,2,,,,,,,,,,,"OPEN DATA (OpenStreetMap, ODbL). DQ: PARTIAL - geometry & identity captured; owner/region/importance INFERRED (verify). Missing: condition, conditionRating, lastInspectionDate, lga, postingStatus. No engineering/inspection data from open source.",Active,,,,,,4,,,,,,,,,"OpenStreetMap (open data, ODbL)",https://www.openstreetmap.org/way/28187802,OSM:way/28187802,28187802,,"{""type"":""LineString"",""coordinates"":[[151.9962555,-32.6319999],[151.9964662,-32.6320623]]}"
,,OSM-28210632,Creek Ridge Road,Road Bridge,,,NSW,Regional NSW,,-33.543467,150.794606,,Local Council (inferred),,Beam Bridge,,,,,,,,16,,,,,,,,,,,,,"OPEN DATA (OpenStreetMap, ODbL). DQ: INCOMPLETE - geometry & identity captured; owner/region/importance INFERRED (verify). Missing: condition, conditionRating, lastInspectionDate, lga, yearBuilt, postingStatus. No engineering/inspection data from open source.",Active,,,,,,1,,,,,,,,,"OpenStreetMap (open data, ODbL)",https://www.openstreetmap.org/way/28210632,OSM:way/28210632,28210632,,"{""type"":""LineString"",""coordinates"":[[150.7946173,-33.5435378],[150.7945946,-33.5433953]]}"
,,A1,Pacific Highway,Road Bridge,,A1,NSW,Mid North Coast,,-30.444217,153.009597,,Transport for NSW (inferred),,Beam Bridge,2013,,,,,,,50,,2,,,,,,,,,,,"OPEN DATA (OpenStreetMap, ODbL). DQ: PARTIAL - geometry & identity captured; owner/region/importance INFERRED (verify). Missing: condition, conditionRating, lastInspectionDate, lga, postingStatus. No engineering/inspection data from open source.",Active,,,,,,4,,,,,,,,,"OpenStreetMap (open data, ODbL)",https://www.openstreetmap.org/way/28223954,OSM:way/28223954,28223954,,"{""type"":""LineString"",""coordinates"":[[153.0094316,-30.4443895],[153.0097624,-30.4440454]]}"
,,B78,Waterfall Way,Road Bridge,,B78,NSW,Mid North Coast,,-30.461668,153.002219,,Transport for NSW (inferred),,Beam Bridge,,,,,,,,82,,2,,,,,,,,,,,"OPEN DATA (OpenStreetMap, ODbL). DQ: INCOMPLETE - geometry & identity captured; owner/region/importance INFERRED (verify). Missing: condition, conditionRating, lastInspectionDate, lga, yearBuilt, postingStatus. No engineering/inspection data from open source.",Active,,,,,,3,,,,,,,,,"OpenStreetMap (open data, ODbL)",https://www.openstreetmap.org/way/28274477,OSM:way/28274477,28274477,,"{""type"":""LineString"",""coordinates"":[[153.0018053,-30.4617638],[153.002633,-30.4615726]]}"
,,A49,Central Coast Highway,Road Bridge,,A49,NSW,Central Coast,,-33.427887,151.32311,,Transport for NSW (inferred),,Beam Bridge,,,,,,,,70,,3,,,,,,,,,,,"OPEN DATA (OpenStreetMap, ODbL). DQ: INCOMPLETE - geometry & identity captured; owner/region/importance INFERRED (verify). Missing: condition, conditionRating, lastInspectionDate, lga, yearBuilt, postingStatus. No engineering/inspection data from open source.",Active,,,,,,4,,,,,,,,,"OpenStreetMap (open data, ODbL)",https://www.openstreetmap.org/way/28317336,OSM:way/28317336,28317336,,"{""type"":""LineString"",""coordinates"":[[151.3235266,-33.4278547],[151.3232068,-33.4278829],[151.3230749,-33.4278932],[151.322966,-33.4278999],[151.3227739,-33.4279041]]}"
,,OSM-28317345,Racecourse Road,Road Bridge,,,NSW,Central Coast,,-33.418927,151.342752,,Local Council (inferred),,Beam Bridge,,,,,,,,44,,2,,,,,,,,,,,"OPEN DATA (OpenStreetMap, ODbL). DQ: INCOMPLETE - geometry & identity captured; owner/region/importance INFERRED (verify). Missing: condition, conditionRating, lastInspectionDate, lga, yearBuilt, postingStatus. No engineering/inspection data from open source.",Active,,,,,,2,,,,,,,,,"OpenStreetMap (open data, ODbL)",https://www.openstreetmap.org/way/28317345,OSM:way/28317345,28317345,,"{""type"":""LineString"",""coordinates"":[[151.3425191,-33.4188902],[151.3429853,-33.4189644]]}"
,,OSM-28317390,Kennedy Drive,Road Bridge,,,NSW,Northern Rivers,,-28.190279,153.508304,,Local Council (inferred),,Beam Bridge,,,,,,,,97,,2,,,,,,,,,,,"OPEN DATA (OpenStreetMap, ODbL). DQ: INCOMPLETE - geometry & identity captured; owner/region/importance INFERRED (verify). Missing: condition, conditionRating, lastInspectionDate, lga, yearBuilt, postingStatus. No engineering/inspection data from open source.",Active,,,,,,1,,,,,,,,,"OpenStreetMap (open data, ODbL)",https://www.openstreetmap.org/way/28317390,OSM:way/28317390,28317390,,"{""type"":""LineString"",""coordinates"":[[153.5087136,-28.1898378],[153.508115,-28.1904832],[153.5080837,-28.1905162]]}"
,,M1,Pacific Motorway,Road Bridge,,M1,NSW,Central Coast,,-33.423443,151.285691,,Transport for NSW (inferred),,Beam Bridge,2013,,,,,,,76,,2,,,,,,,,,,,"OPEN DATA (OpenStreetMap, ODbL). DQ: PARTIAL - geometry & identity captured; owner/region/importance INFERRED (verify). Missing: condition, conditionRating, lastInspectionDate, lga, postingStatus. No engineering/inspection data from open source.",Active,,,,,,4,,,,,,,,,"OpenStreetMap (open data, ODbL)",https://www.openstreetmap.org/way/28317393,OSM:way/28317393,28317393,,"{""type"":""LineString"",""coordinates"":[[151.286045,-33.4232753],[151.2853374,-33.4236104]]}"
,,M1,Pacific Motorway,Road Bridge,,M1,NSW,Central Coast,,-33.421855,151.288938,,Transport for NSW (inferred),,Beam Bridge,2013,,,,,,,49,,2,,,,,,,,,,,"OPEN DATA (OpenStreetMap, ODbL). DQ: PARTIAL - geometry & identity captured; owner/region/importance INFERRED (verify). Missing: condition, conditionRating, lastInspectionDate, lga, postingStatus. No engineering/inspection data from open source.",Active,,,,,,4,,,,,,,,,"OpenStreetMap (open data, ODbL)",https://www.openstreetmap.org/way/28317421,OSM:way/28317421,28317421,,"{""type"":""LineString"",""coordinates"":[[151.2891657,-33.4217424],[151.2887095,-33.4219675]]}"
,,B83,Old Pacific Highway,Road Bridge,,B83,NSW,Central Coast,,-33.435318,151.262252,,Transport for NSW (inferred),,Beam Bridge,,,,,,,,61,,,,,,,,,,,,,"OPEN DATA (OpenStreetMap, ODbL). DQ: INCOMPLETE - geometry & identity captured; owner/region/importance INFERRED (verify). Missing: condition, conditionRating, lastInspectionDate, lga, yearBuilt, postingStatus. No engineering/inspection data from open source.",Active,,,,,,3,,,,,,,,,"OpenStreetMap (open data, ODbL)",https://www.openstreetmap.org/way/28317461,OSM:way/28317461,28317461,,"{""type"":""LineString"",""coordinates"":[[151.2621292,-33.4355745],[151.2623753,-33.4350612]]}"
,,OSM-28317698,Island Drive,Road Bridge,,,NSW,Northern Rivers,,-28.18426,153.545746,,Local Council (inferred),,Beam Bridge,,,,,,,,35,,,,,,,,,,,,,"OPEN DATA (OpenStreetMap, ODbL). DQ: INCOMPLETE - geometry & identity captured; owner/region/importance INFERRED (verify). Missing: condition, conditionRating, lastInspectionDate, lga, yearBuilt, postingStatus. No engineering/inspection data from open source.",Active,,,,,,1,,,,,,,,,"OpenStreetMap (open data, ODbL)",https://www.openstreetmap.org/way/28317698,OSM:way/28317698,28317698,,"{""type"":""LineString"",""coordinates"":[[153.5459189,-28.1842203],[153.5455722,-28.1842991]]}"
,,OSM-28317840,Piggabeen Road,Road Bridge,,,NSW,Northern Rivers,,-28.191624,153.481588,,Local Council (inferred),,Beam Bridge,,,,,,,,56,,,,,,,,,,,,,"OPEN DATA (OpenStreetMap, ODbL). DQ: INCOMPLETE - geometry & identity captured; owner/region/importance INFERRED (verify). Missing: condition, conditionRating, lastInspectionDate, lga, yearBuilt, postingStatus. No engineering/inspection data from open source.",Active,,,,,,1,,,,,,,,,"OpenStreetMap (open data, ODbL)",https://www.openstreetmap.org/way/28317840,OSM:way/28317840,28317840,,"{""type"":""LineString"",""coordinates"":[[153.4813864,-28.1914462],[153.4817898,-28.1918018]]}"
,,OSM-28357568,St Johns Road,Road Bridge,,,NSW,Sydney Metropolitan,,-34.088955,150.812701,,Local Council (inferred),,Beam Bridge,,,,,,,,12,,1,,,,,,,,,,,"OPEN DATA (OpenStreetMap, ODbL). DQ: INCOMPLETE - geometry & identity captured; owner/region/importance INFERRED (verify). Missing: condition, conditionRating, lastInspectionDate, lga, yearBuilt, postingStatus. No engineering/inspection data from open source.",Active,,,,,,2,,,,,,,,,"OpenStreetMap (open data, ODbL)",https://www.openstreetmap.org/way/28357568,OSM:way/28357568,28357568,,"{""type"":""LineString"",""coordinates"":[[150.8127686,-34.0889492],[150.8126342,-34.0889606]]}"
,,OSM-28394572,Hogbin Drive,Road Bridge,,,NSW,Mid North Coast,,-30.300442,153.125878,,Local Council (inferred),,Beam Bridge,,,,,,,,132,,2,,,,Restricted,,,,,,,"OPEN DATA (OpenStreetMap, ODbL). DQ: PARTIAL - geometry & identity captured; owner/region/importance INFERRED (verify). Missing: condition, conditionRating, lastInspectionDate, lga, yearBuilt. No engineering/inspection data from open source. HV: load limit 15t (posted, open data; NHVR gazettal/route approval NOT verified).",Active,,,,15,,2,,,,,,,,,"OpenStreetMap (open data, ODbL)",https://www.openstreetmap.org/way/28394572,OSM:way/28394572,28394572,,"{""type"":""LineString"",""coordinates"":[[153.1254775,-30.3009241],[153.1262782,-30.2999602]]}"
,,OSM-28395462,Werrington Road,Road Bridge,,,NSW,Sydney Metropolitan,,-33.759709,150.760848,,Local Council (inferred),,Beam Bridge,,,,,,,,30,,,,,,,,,,,,,"OPEN DATA (OpenStreetMap, ODbL). DQ: INCOMPLETE - geometry & identity captured; owner/region/importance INFERRED (verify). Missing: condition, conditionRating, lastInspectionDate, lga, yearBuilt, postingStatus. No engineering/inspection data from open source.",Active,,,,,,2,,,,,,,,,"OpenStreetMap (open data, ODbL)",https://www.openstreetmap.org/way/28395462,OSM:way/28395462,28395462,,"{""type"":""LineString"",""coordinates"":[[150.7608796,-33.7595774],[150.7608172,-33.7598398]]}"
,,OSM-28397406,Martin Street,Road Bridge,,,NSW,Sydney Metropolitan,,-33.774774,150.657635,,Local Council (inferred),,Beam Bridge,,,,,,,,29,,,,,,,,,,,,,"OPEN DATA (OpenStreetMap, ODbL). DQ: INCOMPLETE - geometry & identity captured; owner/region/importance INFERRED (verify). Missing: condition, conditionRating, lastInspectionDate, lga, yearBuilt, postingStatus. No engineering/inspection data from open source.",Active,,,,,,1,,,,,,,,,"OpenStreetMap (open data, ODbL)",https://www.openstreetmap.org/way/28397406,OSM:way/28397406,28397406,,"{""type"":""LineString"",""coordinates"":[[150.6577842,-33.7748211],[150.6574861,-33.7747266]]}"
,,OSM-28399062,Kingswood Road,Road Bridge,,,NSW,Sydney Metropolitan,,-33.785471,150.721223,,Local Council (inferred),,Beam Bridge,,,,,,,,78,,,,,,,,,,,,,"OPEN DATA (OpenStreetMap, ODbL). DQ: INCOMPLETE - geometry & identity captured; owner/region/importance INFERRED (verify). Missing: condition, conditionRating, lastInspectionDate, lga, yearBuilt, postingStatus. No engineering/inspection data from open source.",Active,,,,,,1,,,,,,,,,"OpenStreetMap (open data, ODbL)",https://www.openstreetmap.org/way/28399062,OSM:way/28399062,28399062,,"{""type"":""LineString"",""coordinates"":[[150.7211655,-33.7858208],[150.7212798,-33.7851217]]}"
,,OSM-28399550,Governors Drive,Road Bridge,,,NSW,Sydney Metropolitan,,-33.768477,150.641147,,Local Council (inferred),,Beam Bridge,,,,,,,,65,,,,,,,,,,,,,"OPEN DATA (OpenStreetMap, ODbL). DQ: INCOMPLETE - geometry & identity captured; owner/region/importance INFERRED (verify). Missing: condition, conditionRating, lastInspectionDate, lga, yearBuilt, postingStatus. No engineering/inspection data from open source.",Active,,,,,,2,,,,,,,,,"OpenStreetMap (open data, ODbL)",https://www.openstreetmap.org/way/28399550,OSM:way/28399550,28399550,,"{""type"":""LineString"",""coordinates"":[[150.6412817,-33.7682092],[150.6410131,-33.7687455]]}"
,,OSM-28402327,North Coast Line,Rail Bridge,,,NSW,Mid North Coast,,-30.491401,153.013388,,Transport Asset Holding Entity (inferred),,Beam Bridge,,,,,,,,186,,,,,,,,,,,,,"OPEN DATA (OpenStreetMap, ODbL). DQ: INCOMPLETE - geometry & identity captured; owner/region/importance INFERRED (verify). Missing: condition, conditionRating, lastInspectionDate, lga, yearBuilt, postingStatus. No engineering/inspection data from open source.",Active,,,,,,4,,,,,,,,,"OpenStreetMap (open data, ODbL)",https://www.openstreetmap.org/way/28402327,OSM:way/28402327,28402327,,"{""type"":""LineString"",""coordinates"":[[153.014099,-30.4919712],[153.0126778,-30.4908315]]}"
,,OSM-28505665,Muru Nanga Mai Dreaming Track,Pedestrian Bridge,,,NSW,Sydney Metropolitan,,-33.844201,151.077188,,Local Council (inferred),,Boardwalk,,,,,,,,136,,,,,,,,,,,,,"OPEN DATA (OpenStreetMap, ODbL). DQ: INCOMPLETE - geometry & identity captured; owner/region/importance INFERRED (verify). Missing: condition, conditionRating, lastInspectionDate, lga, yearBuilt, postingStatus. No engineering/inspection data from open source.",Active,,,,,,1,,,,,,,,,"OpenStreetMap (open data, ODbL)",https://www.openstreetmap.org/way/28505665,OSM:way/28505665,28505665,,"{""type"":""LineString"",""coordinates"":[[151.0776914,-33.8439982],[151.0773134,-33.843994],[151.0773127,-33.844032],[151.0773117,-33.8440947],[151.0772642,-33.8440941],[151.0772355,-33.8440938],[151.0772334,-33.8442245],[151.0771947,-33.8442241],[151.0771936,-33.8442916],[151.077079,-33.8442903],[151.0770784,-33.8443237],[151.0769989,-33.8443228],[151.0769973,-33.84442],[151.0767239,-33.844417]]}"
,,OSM-28521741,Kent Road,Road Bridge,,,NSW,Sydney Metropolitan,,-33.782925,150.750509,,Local Council (inferred),,Beam Bridge,,,,,,,,79,,3,,,,,,,,,,,"OPEN DATA (OpenStreetMap, ODbL). DQ: INCOMPLETE - geometry & identity captured; owner/region/importance INFERRED (verify). Missing: condition, conditionRating, lastInspectionDate, lga, yearBuilt, postingStatus. No engineering/inspection data from open source.",Active,,,,,,2,,,,,,,,,"OpenStreetMap (open data, ODbL)",https://www.openstreetmap.org/way/28521741,OSM:way/28521741,28521741,,"{""type"":""LineString"",""coordinates"":[[150.7504912,-33.7825703],[150.7505265,-33.7832803]]}"
,,OSM-28618140,Mordue Parade,Road Bridge,,,NSW,Hunter,,-32.898349,151.685802,,Local Council (inferred),,Beam Bridge,,,,,,,,12,,,,,,,,,,,,,"OPEN DATA (OpenStreetMap, ODbL). DQ: INCOMPLETE - geometry & identity captured; owner/region/importance INFERRED (verify). Missing: condition, conditionRating, lastInspectionDate, lga, yearBuilt, postingStatus. No engineering/inspection data from open source.",Active,,,,,,1,,,,,,,,,"OpenStreetMap (open data, ODbL)",https://www.openstreetmap.org/way/28618140,OSM:way/28618140,28618140,,"{""type"":""LineString"",""coordinates"":[[151.685764,-32.8983044],[151.6858403,-32.8983927]]}"
,,M23,Federal Highway,Road Bridge,,M23,NSW,South East & Tablelands,,-35.119558,149.34818,,Transport for NSW (inferred),,Beam Bridge,,,,,,,,95,,2,,,,,,,,,,,"OPEN DATA (OpenStreetMap, ODbL). DQ: INCOMPLETE - geometry & identity captured; owner/region/importance INFERRED (verify). Missing: condition, conditionRating, lastInspectionDate, lga, yearBuilt, postingStatus. No engineering/inspection data from open source.",Active,,,,,,4,,,,,,,,,"OpenStreetMap (open data, ODbL)",https://www.openstreetmap.org/way/28825637,OSM:way/28825637,28825637,,"{""type"":""LineString"",""coordinates"":[[149.3485629,-35.1192653],[149.3477979,-35.1198517]]}"
,,M23,Federal Highway,Road Bridge,,M23,NSW,South East & Tablelands,,-35.11937,149.347958,,Transport for NSW (inferred),,Beam Bridge,,,,,,,,98,,2,,,,,,,,,,,"OPEN DATA (OpenStreetMap, ODbL). DQ: INCOMPLETE - geometry & identity captured; owner/region/importance INFERRED (verify). Missing: condition, conditionRating, lastInspectionDate, lga, yearBuilt, postingStatus. No engineering/inspection data from open source.",Active,,,,,,4,,,,,,,,,"OpenStreetMap (open data, ODbL)",https://www.openstreetmap.org/way/28825639,OSM:way/28825639,28825639,,"{""type"":""LineString"",""coordinates"":[[149.3475667,-35.1196725],[149.3483488,-35.1190668]]}"
,,M23,Federal Highway,Road Bridge,,M23,NSW,South East & Tablelands,,-35.10021,149.374627,,Transport for NSW (inferred),,Beam Bridge,,,,,,,,63,,3,,,,,,,,,,,"OPEN DATA (OpenStreetMap, ODbL). DQ: INCOMPLETE - geometry & identity captured; owner/region/importance INFERRED (verify). Missing: condition, conditionRating, lastInspectionDate, lga, yearBuilt, postingStatus. No engineering/inspection data from open source.",Active,,,,,,4,,,,,,,,,"OpenStreetMap (open data, ODbL)",https://www.openstreetmap.org/way/28825640,OSM:way/28825640,28825640,,"{""type"":""LineString"",""coordinates"":[[149.3744931,-35.1004727],[149.3747618,-35.0999466]]}"
,,OSM-28844060,Old South Road,Road Bridge,,,NSW,South East & Tablelands,,-34.785699,149.642991,,Local Council (inferred),,Beam Bridge,,,,,,,,37,,,,,,,,,,,,,"OPEN DATA (OpenStreetMap, ODbL). DQ: INCOMPLETE - geometry & identity captured; owner/region/importance INFERRED (verify). Missing: condition, conditionRating, lastInspectionDate, lga, yearBuilt, postingStatus. No engineering/inspection data from open source.",Active,,,,,,1,,,,,,,,,"OpenStreetMap (open data, ODbL)",https://www.openstreetmap.org/way/28844060,OSM:way/28844060,28844060,,"{""type"":""LineString"",""coordinates"":[[149.6428651,-34.7858271],[149.6431169,-34.78557]]}"
,,BMD,Bathurst Road,Road Bridge,,BMD,NSW,Regional NSW,,-33.707356,150.300646,,Transport for NSW (inferred),,Beam Bridge,,,,,,,,46,,2,,,,,,,,,,,"OPEN DATA (OpenStreetMap, ODbL). DQ: INCOMPLETE - geometry & identity captured; owner/region/importance INFERRED (verify). Missing: condition, conditionRating, lastInspectionDate, lga, yearBuilt, postingStatus. No engineering/inspection data from open source.",Active,,,,,,2,,,,,,,,,"OpenStreetMap (open data, ODbL)",https://www.openstreetmap.org/way/28869763,OSM:way/28869763,28869763,,"{""type"":""LineString"",""coordinates"":[[150.3006862,-33.7075726],[150.3006684,-33.7074567],[150.3006444,-33.7073324],[150.3006264,-33.7072531],[150.3006061,-33.7071633]]}"
,,OSM-28870994,Chinamans Lane,Road Bridge,,,NSW,South East & Tablelands,,-34.723522,149.677329,,Local Council (inferred),,Beam Bridge,,,,,,,,5,,,,,,,,,,,,,"OPEN DATA (OpenStreetMap, ODbL). DQ: INCOMPLETE - geometry & identity captured; owner/region/importance INFERRED (verify). Missing: condition, conditionRating, lastInspectionDate, lga, yearBuilt, postingStatus. No engineering/inspection data from open source.",Active,,,,,,1,,,,,,,,,"OpenStreetMap (open data, ODbL)",https://www.openstreetmap.org/way/28870994,OSM:way/28870994,28870994,,"{""type"":""LineString"",""coordinates"":[[149.6773562,-34.7235297],[149.6773025,-34.7235138]]}"
,,OSM-28949862,Golf Avenue,Road Bridge,,,NSW,South East & Tablelands,,-34.754566,149.724608,,Local Council (inferred),,Beam Bridge,,,,,,,,21,,,,,,,,,,,,,"OPEN DATA (OpenStreetMap, ODbL). DQ: INCOMPLETE - geometry & identity captured; owner/region/importance INFERRED (verify). Missing: condition, conditionRating, lastInspectionDate, lga, yearBuilt, postingStatus. No engineering/inspection data from open source.",Active,,,,,,1,,,,,,,,,"OpenStreetMap (open data, ODbL)",https://www.openstreetmap.org/way/28949862,OSM:way/28949862,28949862,,"{""type"":""LineString"",""coordinates"":[[149.7245177,-34.7545046],[149.7246974,-34.7546281]]}"
,,M23,Federal Highway,Road Bridge,,M23,NSW,South East & Tablelands,,-35.193623,149.221283,,Transport for NSW (inferred),,Beam Bridge,,,,,,,,40,,2,,,,,,,,,,,"OPEN DATA (OpenStreetMap, ODbL). DQ: INCOMPLETE - geometry & identity captured; owner/region/importance INFERRED (verify). Missing: condition, conditionRating, lastInspectionDate, lga, yearBuilt, postingStatus. No engineering/inspection data from open source.",Active,,,,,,4,,,,,,,,,"OpenStreetMap (open data, ODbL)",https://www.openstreetmap.org/way/28950545,OSM:way/28950545,28950545,,"{""type"":""LineString"",""coordinates"":[[149.2211308,-35.1937519],[149.2214343,-35.193495]]}"
,,M23,Federal Highway,Road Bridge,,M23,NSW,South East & Tablelands,,-35.193831,149.221512,,Transport for NSW (inferred),,Beam Bridge,,,,,,,,41,,2,,,,,,,,,,,"OPEN DATA (OpenStreetMap, ODbL). DQ: INCOMPLETE - geometry & identity captured; owner/region/importance INFERRED (verify). Missing: condition, conditionRating, lastInspectionDate, lga, yearBuilt, postingStatus. No engineering/inspection data from open source.",Active,,,,,,4,,,,,,,,,"OpenStreetMap (open data, ODbL)",https://www.openstreetmap.org/way/28950547,OSM:way/28950547,28950547,,"{""type"":""LineString"",""coordinates"":[[149.2216663,-35.1936986],[149.2213567,-35.1939632]]}"
,,OSM-28966810,Lower Sterne Street,Road Bridge,,,NSW,South East & Tablelands,,-34.753048,149.732958,,Local Council (inferred),,Beam Bridge,,,,,,,,14,,,,,,,,,,,,,"OPEN DATA (OpenStreetMap, ODbL). DQ: INCOMPLETE - geometry & identity captured; owner/region/importance INFERRED (verify). Missing: condition, conditionRating, lastInspectionDate, lga, yearBuilt, postingStatus. No engineering/inspection data from open source.",Active,,,,,,1,,,,,,,,,"OpenStreetMap (open data, ODbL)",https://www.openstreetmap.org/way/28966810,OSM:way/28966810,28966810,,"{""type"":""LineString"",""coordinates"":[[149.7329457,-34.7531127],[149.7329699,-34.7529841]]}"
,,OSM-29100155,Yass River Road,Road Bridge,,,NSW,South East & Tablelands,,-34.906646,149.09603,,Local Council (inferred),,Beam Bridge,,,,,,,,50,,,,,,,,,,,,,"OPEN DATA (OpenStreetMap, ODbL). DQ: INCOMPLETE - geometry & identity captured; owner/region/importance INFERRED (verify). Missing: condition, conditionRating, lastInspectionDate, lga, yearBuilt, postingStatus. No engineering/inspection data from open source.",Active,,,,,,1,,,,,,,,,"OpenStreetMap (open data, ODbL)",https://www.openstreetmap.org/way/29100155,OSM:way/29100155,29100155,,"{""type"":""LineString"",""coordinates"":[[149.0963055,-34.9066591],[149.0957555,-34.9066333]]}"
,,OSM-29171382,Linden Road,Road Bridge,,,NSW,South East & Tablelands,,-34.563096,148.444255,,Local Council (inferred),,Beam Bridge,,,,,,,,56,,,,,,,,,,,,,"OPEN DATA (OpenStreetMap, ODbL). DQ: INCOMPLETE - geometry & identity captured; owner/region/importance INFERRED (verify). Missing: condition, conditionRating, lastInspectionDate, lga, yearBuilt, postingStatus. No engineering/inspection data from open source.",Active,,,,,,1,,,,,,,,,"OpenStreetMap (open data, ODbL)",https://www.openstreetmap.org/way/29171382,OSM:way/29171382,29171382,,"{""type"":""LineString"",""coordinates"":[[148.4439708,-34.5631947],[148.4445392,-34.5629975]]}"
,,OSM-29175285,Wadey's Lane,Pedestrian Bridge,,,NSW,Sydney Metropolitan,,-33.846956,151.210204,,Local Council (inferred),,Beam Bridge,,,,,,,,32,,,,,,,,,,,,,"OPEN DATA (OpenStreetMap, ODbL). DQ: INCOMPLETE - geometry & identity captured; owner/region/importance INFERRED (verify). Missing: condition, conditionRating, lastInspectionDate, lga, yearBuilt, postingStatus. No engineering/inspection data from open source.",Active,,,,,,1,,,,,,,,,"OpenStreetMap (open data, ODbL)",https://www.openstreetmap.org/way/29175285,OSM:way/29175285,29175285,,"{""type"":""LineString"",""coordinates"":[[151.2101849,-33.8467775],[151.2102033,-33.8470453],[151.2102234,-33.8470438]]}"
,,OSM-29197029,Bridge Road,Road Bridge,,,NSW,Riverina,,-36.006357,146.395396,,Local Council (inferred),,Beam Bridge,1892,,,,,,,153,,1,,,,Restricted,,,,,,,"OPEN DATA (OpenStreetMap, ODbL). DQ: PARTIAL - geometry & identity captured; owner/region/importance INFERRED (verify). Missing: condition, conditionRating, lastInspectionDate, lga. No engineering/inspection data from open source. HV: load limit 12t (posted, open data; NHVR gazettal/route approval NOT verified).",Active,,,,12,,1,,,,,,,,,"OpenStreetMap (open data, ODbL)",https://www.openstreetmap.org/way/29197029,OSM:way/29197029,29197029,,"{""type"":""LineString"",""coordinates"":[[146.3954804,-36.0059595],[146.3954707,-36.0060369],[146.3954572,-36.0061151],[146.395176,-36.0073172]]}"
,,2,Gold Coast Highway,Road Bridge,,2,NSW,Northern Rivers,,-28.180131,153.52065,,Transport for NSW (inferred),,Beam Bridge,,,,,,,,59,,2,,,,,,,,,,,"OPEN DATA (OpenStreetMap, ODbL). DQ: INCOMPLETE - geometry & identity captured; owner/region/importance INFERRED (verify). Missing: condition, conditionRating, lastInspectionDate, lga, yearBuilt, postingStatus. No engineering/inspection data from open source.",Active,,,,,,4,,,,,,,,,"OpenStreetMap (open data, ODbL)",https://www.openstreetmap.org/way/29253927,OSM:way/29253927,29253927,,"{""type"":""LineString"",""coordinates"":[[153.5205927,-28.180282],[153.5206033,-28.1802478],[153.5206139,-28.1802154],[153.520648,-28.1801299],[153.5207913,-28.1797808]]}"
,,A39,Newell Highway,Road Bridge,,A39,NSW,Central West & Orana,,-33.397539,147.99053,,Transport for NSW (inferred),,Beam Bridge,,,,,,,,193,,,,,,,,,,,,,"OPEN DATA (OpenStreetMap, ODbL). DQ: INCOMPLETE - geometry & identity captured; owner/region/importance INFERRED (verify). Missing: condition, conditionRating, lastInspectionDate, lga, yearBuilt, postingStatus. No engineering/inspection data from open source.",Active,,,,,,4,,,,,,,,,"OpenStreetMap (open data, ODbL)",https://www.openstreetmap.org/way/29505981,OSM:way/29505981,29505981,,"{""type"":""LineString"",""coordinates"":[[147.989897,-33.3979633],[147.9900313,-33.397859],[147.990323,-33.3976536],[147.9904477,-33.3975657],[147.9909267,-33.3972696],[147.9915571,-33.3969213]]}"
,,OSM-29510601,Camp Street,Road Bridge,,,NSW,Central West & Orana,,-33.388986,148.012713,,Local Council (inferred),,Beam Bridge,,,,,,,,59,,,,,,,,,,,,,"OPEN DATA (OpenStreetMap, ODbL). DQ: INCOMPLETE - geometry & identity captured; owner/region/importance INFERRED (verify). Missing: condition, conditionRating, lastInspectionDate, lga, yearBuilt, postingStatus. No engineering/inspection data from open source.",Active,,,,,,2,,,,,,,,,"OpenStreetMap (open data, ODbL)",https://www.openstreetmap.org/way/29510601,OSM:way/29510601,29510601,,"{""type"":""LineString"",""coordinates"":[[148.0124599,-33.3888251],[148.012967,-33.3891468]]}"
,,OSM-29701712,Thurgoona Drive,Road Bridge,,,NSW,Riverina,,-36.039726,146.973615,,Local Council (inferred),,Beam Bridge,,,,,,,,61,,,,,,,,,,,,,"OPEN DATA (OpenStreetMap, ODbL). DQ: INCOMPLETE - geometry & identity captured; owner/region/importance INFERRED (verify). Missing: condition, conditionRating, lastInspectionDate, lga, yearBuilt, postingStatus. No engineering/inspection data from open source.",Active,,,,,,2,,,,,,,,,"OpenStreetMap (open data, ODbL)",https://www.openstreetmap.org/way/29701712,OSM:way/29701712,29701712,,"{""type"":""LineString"",""coordinates"":[[146.9738705,-36.039906],[146.9733588,-36.0395464]]}"
,,OSM-29701759,Thurgoona Drive,Road Bridge,,,NSW,Riverina,,-36.038723,146.971789,,Local Council (inferred),,Beam Bridge,,,,,,,,28,,,,,,,,,,,,,"OPEN DATA (OpenStreetMap, ODbL). DQ: INCOMPLETE - geometry & identity captured; owner/region/importance INFERRED (verify). Missing: condition, conditionRating, lastInspectionDate, lga, yearBuilt, postingStatus. No engineering/inspection data from open source.",Active,,,,,,2,,,,,,,,,"OpenStreetMap (open data, ODbL)",https://www.openstreetmap.org/way/29701759,OSM:way/29701759,29701759,,"{""type"":""LineString"",""coordinates"":[[146.9719326,-36.0387758],[146.9716453,-36.0386698]]}"
,,OSM-29910567,North Street,Road Bridge,,,NSW,Riverina,,-36.069251,146.934433,,Local Council (inferred),,Beam Bridge,,,,,,,,164,,,,,,,,,,,,,"OPEN DATA (OpenStreetMap, ODbL). DQ: INCOMPLETE - geometry & identity captured; owner/region/importance INFERRED (verify). Missing: condition, conditionRating, lastInspectionDate, lga, yearBuilt, postingStatus. No engineering/inspection data from open source.",Active,,,,,,1,,,,,,,,,"OpenStreetMap (open data, ODbL)",https://www.openstreetmap.org/way/29910567,OSM:way/29910567,29910567,,"{""type"":""LineString"",""coordinates"":[[146.9353348,-36.0693651],[146.9335302,-36.0691372]]}"
,,OSM-29911434,Kiewa Street,Road Bridge,,,NSW,Riverina,,-36.071419,146.917346,,Local Council (inferred),,Beam Bridge,,,,,,,,15,,2,,,,,,,,,,,"OPEN DATA (OpenStreetMap, ODbL). DQ: INCOMPLETE - geometry & identity captured; owner/region/importance INFERRED (verify). Missing: condition, conditionRating, lastInspectionDate, lga, yearBuilt, postingStatus. No engineering/inspection data from open source.",Active,,,,,,1,,,,,,,,,"OpenStreetMap (open data, ODbL)",https://www.openstreetmap.org/way/29911434,OSM:way/29911434,29911434,,"{""type"":""LineString"",""coordinates"":[[146.9173478,-36.0714848],[146.9173436,-36.071353]]}"
,,OSM-29913717,Fallon Street,Road Bridge,,,NSW,Riverina,,-36.064233,146.94105,,Local Council (inferred),,Beam Bridge,,,,,,,,367,,,,,,,,,,,,,"OPEN DATA (OpenStreetMap, ODbL). DQ: INCOMPLETE - geometry & identity captured; owner/region/importance INFERRED (verify). Missing: condition, conditionRating, lastInspectionDate, lga, yearBuilt, postingStatus. No engineering/inspection data from open source.",Active,,,,,,1,,,,,,,,,"OpenStreetMap (open data, ODbL)",https://www.openstreetmap.org/way/29913717,OSM:way/29913717,29913717,,"{""type"":""LineString"",""coordinates"":[[146.9435926,-36.0645049],[146.9400163,-36.0641278],[146.9395425,-36.0640653]]}"
,,OSM-30064929,Keirs Road,Road Bridge,,,NSW,South East & Tablelands,,-34.972448,149.085878,,Local Council (inferred),,Beam Bridge,,,,,,,,37,,,,,,,,,,,,,"OPEN DATA (OpenStreetMap, ODbL). DQ: INCOMPLETE - geometry & identity captured; owner/region/importance INFERRED (verify). Missing: condition, conditionRating, lastInspectionDate, lga, yearBuilt, postingStatus. No engineering/inspection data from open source.",Active,,,,,,1,,,,,,,,,"OpenStreetMap (open data, ODbL)",https://www.openstreetmap.org/way/30064929,OSM:way/30064929,30064929,,"{""type"":""LineString"",""coordinates"":[[149.0856746,-34.9724657],[149.0860819,-34.9724298]]}"
,,OSM-30066326,Brisbane Water Drive,Road Bridge,,,NSW,Central Coast,,-33.476557,151.323995,,Local Council (inferred),,Beam Bridge,,,,,,,,82,,2,,,,,,,,,,,"OPEN DATA (OpenStreetMap, ODbL). DQ: INCOMPLETE - geometry & identity captured; owner/region/importance INFERRED (verify). Missing: condition, conditionRating, lastInspectionDate, lga, yearBuilt, postingStatus. No engineering/inspection data from open source.",Active,,,,,,2,,,,,,,,,"OpenStreetMap (open data, ODbL)",https://www.openstreetmap.org/way/30066326,OSM:way/30066326,30066326,,"{""type"":""LineString"",""coordinates"":[[151.3240065,-33.4769258],[151.323983,-33.4761891]]}"
,,OSM-30067633,Duckmaloi Road,Road Bridge,,,NSW,Central West & Orana,,-33.715172,149.891748,,Local Council (inferred),,Beam Bridge,,,,,,,,37,7,,,,,,,,,,,,"OPEN DATA (OpenStreetMap, ODbL). DQ: INCOMPLETE - geometry & identity captured; owner/region/importance INFERRED (verify). Missing: condition, conditionRating, lastInspectionDate, lga, yearBuilt, postingStatus. No engineering/inspection data from open source.",Active,,,,,,2,,,,,,,,,"OpenStreetMap (open data, ODbL)",https://www.openstreetmap.org/way/30067633,OSM:way/30067633,30067633,,"{""type"":""LineString"",""coordinates"":[[149.8915668,-33.7151001],[149.8919282,-33.7152448]]}"
,,1,Edith Road,Road Bridge,,1,NSW,Central West & Orana,,-33.713634,149.868196,,Transport for NSW (inferred),,Beam Bridge,,,,,,,,39,,2,,,,,,,,,,,"OPEN DATA (OpenStreetMap, ODbL). DQ: INCOMPLETE - geometry & identity captured; owner/region/importance INFERRED (verify). Missing: condition, conditionRating, lastInspectionDate, lga, yearBuilt, postingStatus. No engineering/inspection data from open source.",Active,,,,,,2,,,,,,,,,"OpenStreetMap (open data, ODbL)",https://www.openstreetmap.org/way/30067837,OSM:way/30067837,30067837,,"{""type"":""LineString"",""coordinates"":[[149.868032,-33.7135248],[149.8683594,-33.7137437]]}"
,,1,O'Connell Road,Road Bridge,,1,NSW,Central West & Orana,,-33.525217,149.722064,,Transport for NSW (inferred),,Beam Bridge,,,,,,,,91,,2,,,,,,,,,,,"OPEN DATA (OpenStreetMap, ODbL). DQ: INCOMPLETE - geometry & identity captured; owner/region/importance INFERRED (verify). Missing: condition, conditionRating, lastInspectionDate, lga, yearBuilt, postingStatus. No engineering/inspection data from open source.",Active,,,,,,2,,,,,,,,,"OpenStreetMap (open data, ODbL)",https://www.openstreetmap.org/way/30067955,OSM:way/30067955,30067955,,"{""type"":""LineString"",""coordinates"":[[149.7218401,-33.5248831],[149.7219407,-33.5250519],[149.7220495,-33.5252206],[149.722142,-33.5253419],[149.7223484,-33.5255852]]}"
,,B58,Borella Road,Road Bridge,,B58,NSW,Riverina,,-36.075315,146.926755,,Transport for NSW (inferred),,Beam Bridge,,,,,,,,30,,2,,,,,,,,,,,"OPEN DATA (OpenStreetMap, ODbL). DQ: INCOMPLETE - geometry & identity captured; owner/region/importance INFERRED (verify). Missing: condition, conditionRating, lastInspectionDate, lga, yearBuilt, postingStatus. No engineering/inspection data from open source.",Active,,,,,,3,,,,,,,,,"OpenStreetMap (open data, ODbL)",https://www.openstreetmap.org/way/30123728,OSM:way/30123728,30123728,,"{""type"":""LineString"",""coordinates"":[[146.9265921,-36.0752961],[146.9269181,-36.075333]]}"
,,OSM-30129943,Naughtons Gap Road,Road Bridge,,,NSW,Northern Rivers,,-28.803228,153.096411,,Local Council (inferred),,Beam Bridge,,,,,,,,30,,2,,,,,,,,,,,"OPEN DATA (OpenStreetMap, ODbL). DQ: INCOMPLETE - geometry & identity captured; owner/region/importance INFERRED (verify). Missing: condition, conditionRating, lastInspectionDate, lga, yearBuilt, postingStatus. No engineering/inspection data from open source.",Active,,,,,,2,,,,,,,,,"OpenStreetMap (open data, ODbL)",https://www.openstreetmap.org/way/30129943,OSM:way/30129943,30129943,,"{""type"":""LineString"",""coordinates"":[[153.0965061,-28.8031227],[153.0963156,-28.8033341]]}"
,,OSM-30130076,McAuleys Lane,Road Bridge,,,NSW,Northern Rivers,,-28.577254,153.509221,,Local Council (inferred),,Beam Bridge,,,,,,,,41,,,,,,,,,,,,,"OPEN DATA (OpenStreetMap, ODbL). DQ: INCOMPLETE - geometry & identity captured; owner/region/importance INFERRED (verify). Missing: condition, conditionRating, lastInspectionDate, lga, yearBuilt, postingStatus. No engineering/inspection data from open source.",Active,,,,,,1,,,,,,,,,"OpenStreetMap (open data, ODbL)",https://www.openstreetmap.org/way/30130076,OSM:way/30130076,30130076,,"{""type"":""LineString"",""coordinates"":[[153.5094199,-28.577199],[153.5090212,-28.5773088]]}"
,,OSM-30141418,Showground Road,Road Bridge,,,NSW,Sydney Metropolitan,,-33.72344,150.98198,,Local Council (inferred),,Beam Bridge,,,,,,,,31,,2,,,,,,,,,,,"OPEN DATA (OpenStreetMap, ODbL). DQ: INCOMPLETE - geometry & identity captured; owner/region/importance INFERRED (verify). Missing: condition, conditionRating, lastInspectionDate, lga, yearBuilt, postingStatus. No engineering/inspection data from open source.",Active,,,,,,3,,,,,,,,,"OpenStreetMap (open data, ODbL)",https://www.openstreetmap.org/way/30141418,OSM:way/30141418,30141418,,"{""type"":""LineString"",""coordinates"":[[150.982148,-33.7234265],[150.9818115,-33.7234527]]}"
,,M2,M2 Hills Motorway,Road Bridge,,M2,NSW,Sydney Metropolitan,,-33.75695,151.059751,,Transport for NSW (inferred),,Beam Bridge,,,,,,,,319,,4,,,,,,,,,,,"OPEN DATA (OpenStreetMap, ODbL). DQ: INCOMPLETE - geometry & identity captured; owner/region/importance INFERRED (verify). Missing: condition, conditionRating, lastInspectionDate, lga, yearBuilt, postingStatus. No engineering/inspection data from open source.",Active,,,,,,4,,,,,,,,,"OpenStreetMap (open data, ODbL)",https://www.openstreetmap.org/way/30157089,OSM:way/30157089,30157089,,"{""type"":""LineString"",""coordinates"":[[151.0579641,-33.7570667],[151.058567,-33.7569876],[151.058768,-33.7569638],[151.0590168,-33.756939],[151.0593096,-33.7569132],[151.0596553,-33.7568987],[151.060198,-33.7568994],[151.0604959,-33.7569083],[151.0607776,-33.756924],[151.0611126,-33.7569558],[151.0613911,-33.7569925]]}"
,,OSM-30212071,Nunans Hill Road,Road Bridge,,,NSW,Central West & Orana,,-33.700106,149.95099,,Local Council (inferred),,Beam Bridge,,,,,,,,33,,,,,,,,,,,,,"OPEN DATA (OpenStreetMap, ODbL). DQ: INCOMPLETE - geometry & identity captured; owner/region/importance INFERRED (verify). Missing: condition, conditionRating, lastInspectionDate, lga, yearBuilt, postingStatus. No engineering/inspection data from open source.",Active,,,,,,1,,,,,,,,,"OpenStreetMap (open data, ODbL)",https://www.openstreetmap.org/way/30212071,OSM:way/30212071,30212071,,"{""type"":""LineString"",""coordinates"":[[149.9508718,-33.7000085],[149.9509752,-33.7000561],[149.9510461,-33.7001269],[149.9510682,-33.7002322]]}"
,,OSM-30214418,Duckmaloi Road,Road Bridge,,,NSW,Central West & Orana,,-33.698935,149.971743,,Local Council (inferred),,Beam Bridge,,,,,,,,43,,,,,,,,,,,,,"OPEN DATA (OpenStreetMap, ODbL). DQ: INCOMPLETE - geometry & identity captured; owner/region/importance INFERRED (verify). Missing: condition, conditionRating, lastInspectionDate, lga, yearBuilt, postingStatus. No engineering/inspection data from open source.",Active,,,,,,2,,,,,,,,,"OpenStreetMap (open data, ODbL)",https://www.openstreetmap.org/way/30214418,OSM:way/30214418,30214418,,"{""type"":""LineString"",""coordinates"":[[149.9715087,-33.69893],[149.9719772,-33.6989397]]}"
,,OSM-30261388,Cedar Road,Road Bridge,,,NSW,Regional NSW,,-30.190807,152.693574,,Local Council (inferred),,,,,,,,,,27,,,,,,,,,,,,,"OPEN DATA (OpenStreetMap, ODbL). DQ: INCOMPLETE - geometry & identity captured; owner/region/importance INFERRED (verify). Missing: condition, conditionRating, lastInspectionDate, lga, structureType, yearBuilt, postingStatus. No engineering/inspection data from open source.",Active,,,,,,1,,,,,,,,,"OpenStreetMap (open data, ODbL)",https://www.openstreetmap.org/way/30261388,OSM:way/30261388,30261388,,"{""type"":""LineString"",""coordinates"":[[152.6936917,-30.1907408],[152.693457,-30.190873]]}"
,,OSM-30261495,Moonpar Road,Road Bridge,,,NSW,Regional NSW,,-30.25192,152.637704,,Local Council (inferred),,Beam Bridge,,,,,,,,42,,,,,,,,,,,,,"OPEN DATA (OpenStreetMap, ODbL). DQ: INCOMPLETE - geometry & identity captured; owner/region/importance INFERRED (verify). Missing: condition, conditionRating, lastInspectionDate, lga, yearBuilt, postingStatus. No engineering/inspection data from open source.",Active,,,,,,1,,,,,,,,,"OpenStreetMap (open data, ODbL)",https://www.openstreetmap.org/way/30261495,OSM:way/30261495,30261495,,"{""type"":""LineString"",""coordinates"":[[152.63784,-30.2520675],[152.6375677,-30.2517721]]}"
,,OSM-30288000,Tyringham Road,Road Bridge,,,NSW,Regional NSW,,-30.270527,152.649705,,Local Council (inferred),,Beam Bridge,,,,,,,,23,,,,,,,,,,,,,"OPEN DATA (OpenStreetMap, ODbL). DQ: INCOMPLETE - geometry & identity captured; owner/region/importance INFERRED (verify). Missing: condition, conditionRating, lastInspectionDate, lga, yearBuilt, postingStatus. No engineering/inspection data from open source.",Active,,,,,,2,,,,,,,,,"OpenStreetMap (open data, ODbL)",https://www.openstreetmap.org/way/30288000,OSM:way/30288000,30288000,,"{""type"":""LineString"",""coordinates"":[[152.6495845,-30.2705273],[152.6498248,-30.2705273]]}"
,,OSM-30288069,Glenreagh - Dorrigo Railway Line,Rail Bridge,,,NSW,Mid North Coast,,-30.305136,152.714078,,Transport Asset Holding Entity (inferred),,Beam Bridge,,,,,,,,72,,,,,,,,,,,,,"OPEN DATA (OpenStreetMap, ODbL). DQ: INCOMPLETE - geometry & identity captured; owner/region/importance INFERRED (verify). Missing: condition, conditionRating, lastInspectionDate, lga, yearBuilt, postingStatus. No engineering/inspection data from open source.",Active,,,,,,4,,,,,,,,,"OpenStreetMap (open data, ODbL)",https://www.openstreetmap.org/way/30288069,OSM:way/30288069,30288069,,"{""type"":""LineString"",""coordinates"":[[152.7138237,-30.3053734],[152.7143329,-30.3048991]]}"
,,B78,Cudgery Street,Road Bridge,,B78,NSW,Mid North Coast,,-30.339175,152.708638,,Transport for NSW (inferred),,Beam Bridge,,,,,,,,31,,2,,,,,,,,,,,"OPEN DATA (OpenStreetMap, ODbL). DQ: INCOMPLETE - geometry & identity captured; owner/region/importance INFERRED (verify). Missing: condition, conditionRating, lastInspectionDate, lga, yearBuilt, postingStatus. No engineering/inspection data from open source.",Active,,,,,,3,,,,,,,,,"OpenStreetMap (open data, ODbL)",https://www.openstreetmap.org/way/30288094,OSM:way/30288094,30288094,,"{""type"":""LineString"",""coordinates"":[[152.7085297,-30.3390711],[152.7087458,-30.3392792]]}"
,,OSM-30328207,North Coast Line,Rail Bridge,,,NSW,Mid North Coast,,-30.442085,153.023732,,Transport Asset Holding Entity (inferred),,Beam Bridge,,,,,,,,245,,,,,,,,,,,,,"OPEN DATA (OpenStreetMap, ODbL). DQ: INCOMPLETE - geometry & identity captured; owner/region/importance INFERRED (verify). Missing: condition, conditionRating, lastInspectionDate, lga, yearBuilt, postingStatus. No engineering/inspection data from open source.",Active,,,,,,4,,,,,,,,,"OpenStreetMap (open data, ODbL)",https://www.openstreetmap.org/way/30328207,OSM:way/30328207,30328207,,"{""type"":""LineString"",""coordinates"":[[153.0232482,-30.4431025],[153.0242168,-30.4410674]]}"
,,18,Keevers Drive,Road Bridge,,18,NSW,Mid North Coast,,-30.455116,153.008097,,Transport for NSW (inferred),,Beam Bridge,,,,5.2,,,,152,,,,,,Restricted,,,,,,,"OPEN DATA (OpenStreetMap, ODbL). DQ: PARTIAL - geometry & identity captured; owner/region/importance INFERRED (verify). Missing: condition, conditionRating, lastInspectionDate, lga, yearBuilt. No engineering/inspection data from open source. HV: clearance 5.2m (posted, open data; NHVR gazettal/route approval NOT verified).",Active,,,,,,1,,,,,,,,,"OpenStreetMap (open data, ODbL)",https://www.openstreetmap.org/way/30368885,OSM:way/30368885,30368885,,"{""type"":""LineString"",""coordinates"":[[153.0073362,-30.4549269],[153.0088577,-30.4553048]]}"
,,OSM-30434733,Brewongle Lane,Road Bridge,,,NSW,Central West & Orana,,-33.456762,149.719909,,Local Council (inferred),,Beam Bridge,,,,,,,,7,,,,,,Restricted,,,,,,,"OPEN DATA (OpenStreetMap, ODbL). DQ: PARTIAL - geometry & identity captured; owner/region/importance INFERRED (verify). Missing: condition, conditionRating, lastInspectionDate, lga, yearBuilt. No engineering/inspection data from open source. HV: load limit 10t (posted, open data; NHVR gazettal/route approval NOT verified).",Active,,,,10,,1,,,,,,,,,"OpenStreetMap (open data, ODbL)",https://www.openstreetmap.org/way/30434733,OSM:way/30434733,30434733,,"{""type"":""LineString"",""coordinates"":[[149.7199037,-33.4567913],[149.7199152,-33.4567336]]}"
,,OSM-30435048,Lost & Found Bridge,Road Bridge,,,NSW,Central West & Orana,,-33.397364,149.711511,,Local Council (inferred),,Beam Bridge,,,,,,,,11,,,,,,,,,,,,,"OPEN DATA (OpenStreetMap, ODbL). DQ: INCOMPLETE - geometry & identity captured; owner/region/importance INFERRED (verify). Missing: condition, conditionRating, lastInspectionDate, lga, yearBuilt, postingStatus. No engineering/inspection data from open source.",Active,,,,,,1,,,,,,,,,"OpenStreetMap (open data, ODbL)",https://www.openstreetmap.org/way/30435048,OSM:way/30435048,30435048,,"{""type"":""LineString"",""coordinates"":[[149.7114505,-33.397354],[149.7115719,-33.3973731]]}"
,,OSM-30476054,Queen Charlotte's Bridge,Road Bridge,,,NSW,Central West & Orana,,-33.48755,149.546712,,Local Council (inferred),,Beam Bridge,,,,,,,,26,,2,,,,,,,,,,,"OPEN DATA (OpenStreetMap, ODbL). DQ: INCOMPLETE - geometry & identity captured; owner/region/importance INFERRED (verify). Missing: condition, conditionRating, lastInspectionDate, lga, yearBuilt, postingStatus. No engineering/inspection data from open source.",Active,,,,,,1,,,,,,,,,"OpenStreetMap (open data, ODbL)",https://www.openstreetmap.org/way/30476054,OSM:way/30476054,30476054,,"{""type"":""LineString"",""coordinates"":[[149.5466478,-33.4874479],[149.5467767,-33.4876513]]}"
,,OSM-30476418,Rockley Street,Road Bridge,,,NSW,Central West & Orana,,-33.515705,149.522717,,Local Council (inferred),,Beam Bridge,,,,,,,,42,,2,,,,,,,,,,,"OPEN DATA (OpenStreetMap, ODbL). DQ: INCOMPLETE - geometry & identity captured; owner/region/importance INFERRED (verify). Missing: condition, conditionRating, lastInspectionDate, lga, yearBuilt, postingStatus. No engineering/inspection data from open source.",Active,,,,,,3,,,,,,,,,"OpenStreetMap (open data, ODbL)",https://www.openstreetmap.org/way/30476418,OSM:way/30476418,30476418,,"{""type"":""LineString"",""coordinates"":[[149.5225272,-33.5158103],[149.5229071,-33.5155988]]}"
,,OSM-30477884,Rankens Bridge Road,Road Bridge,,,NSW,Central West & Orana,,-33.383588,149.545949,,Local Council (inferred),,Beam Bridge,,,,,,,,201,,2,,,,,,,,,,,"OPEN DATA (OpenStreetMap, ODbL). DQ: INCOMPLETE - geometry & identity captured; owner/region/importance INFERRED (verify). Missing: condition, conditionRating, lastInspectionDate, lga, yearBuilt, postingStatus. No engineering/inspection data from open source.",Active,,,,,,2,,,,,,,,,"OpenStreetMap (open data, ODbL)",https://www.openstreetmap.org/way/30477884,OSM:way/30477884,30477884,,"{""type"":""LineString"",""coordinates"":[[149.5460901,-33.3844829],[149.5458073,-33.3826938]]}"
,,4,Sofala Road,Road Bridge,,4,NSW,Central West & Orana,,-33.08016,149.688133,,Transport for NSW (inferred),,Beam Bridge,,,,,,,,61,,2,,,,,,,,,,,"OPEN DATA (OpenStreetMap, ODbL). DQ: INCOMPLETE - geometry & identity captured; owner/region/importance INFERRED (verify). Missing: condition, conditionRating, lastInspectionDate, lga, yearBuilt, postingStatus. No engineering/inspection data from open source.",Active,,,,,,2,,,,,,,,,"OpenStreetMap (open data, ODbL)",https://www.openstreetmap.org/way/30540521,OSM:way/30540521,30540521,,"{""type"":""LineString"",""coordinates"":[[149.688145,-33.0804321],[149.6881216,-33.0798881]]}"
,,OSM-30600010,Turondale Road,Road Bridge,,,NSW,Central West & Orana,,-33.062174,149.620411,,Local Council (inferred),,Beam Bridge,,,,,,,,49,,,,,,,,,,,,,"OPEN DATA (OpenStreetMap, ODbL). DQ: INCOMPLETE - geometry & identity captured; owner/region/importance INFERRED (verify). Missing: condition, conditionRating, lastInspectionDate, lga, yearBuilt, postingStatus. No engineering/inspection data from open source.",Active,,,,,,1,,,,,,,,,"OpenStreetMap (open data, ODbL)",https://www.openstreetmap.org/way/30600010,OSM:way/30600010,30600010,,"{""type"":""LineString"",""coordinates"":[[149.6201582,-33.0621126],[149.6206638,-33.0622357]]}"
,,OSM-30614608,North Coast Line,Rail Bridge,,,NSW,Regional NSW,,-30.296769,153.136567,,Transport Asset Holding Entity (inferred),,Beam Bridge,,,,,,,,89,,,,,,,,,,,,,"OPEN DATA (OpenStreetMap, ODbL). DQ: INCOMPLETE - geometry & identity captured; owner/region/importance INFERRED (verify). Missing: condition, conditionRating, lastInspectionDate, lga, yearBuilt, postingStatus. No engineering/inspection data from open source.",Active,,,,,,4,,,,,,,,,"OpenStreetMap (open data, ODbL)",https://www.openstreetmap.org/way/30614608,OSM:way/30614608,30614608,,"{""type"":""LineString"",""coordinates"":[[153.1368261,-30.2970996],[153.1363069,-30.2964386]]}"
,,A8,Military Road Offramp,Road Bridge,,A8,NSW,Sydney Metropolitan,,-33.830033,151.2135,,Transport for NSW (inferred),,Beam Bridge,,,,,,,,33,,3,,,,,,,,,,,"OPEN DATA (OpenStreetMap, ODbL). DQ: INCOMPLETE - geometry & identity captured; owner/region/importance INFERRED (verify). Missing: condition, conditionRating, lastInspectionDate, lga, yearBuilt, postingStatus. No engineering/inspection data from open source.",Active,,,,,,4,,,,,,,,,"OpenStreetMap (open data, ODbL)",https://www.openstreetmap.org/way/30617954,OSM:way/30617954,30617954,,"{""type"":""LineString"",""coordinates"":[[151.2134545,-33.8301747],[151.2135453,-33.8298913]]}"
,,18,Lyons Road,Road Bridge,,18,NSW,Mid North Coast,,-30.3714,153.08502,,Transport for NSW (inferred),,Beam Bridge,,,,,,,,37,,,,,,,,,,,,,"OPEN DATA (OpenStreetMap, ODbL). DQ: INCOMPLETE - geometry & identity captured; owner/region/importance INFERRED (verify). Missing: condition, conditionRating, lastInspectionDate, lga, yearBuilt, postingStatus. No engineering/inspection data from open source.",Active,,,,,,2,,,,,,,,,"OpenStreetMap (open data, ODbL)",https://www.openstreetmap.org/way/30659488,OSM:way/30659488,30659488,,"{""type"":""LineString"",""coordinates"":[[153.0848848,-30.3712824],[153.085156,-30.3715173]]}"
,,18,Sawtell Road,Road Bridge,,18,NSW,Mid North Coast,,-30.354133,153.101961,,Transport for NSW (inferred),,Beam Bridge,,,,,,,,27,,,,,,,,,,,,,"OPEN DATA (OpenStreetMap, ODbL). DQ: INCOMPLETE - geometry & identity captured; owner/region/importance INFERRED (verify). Missing: condition, conditionRating, lastInspectionDate, lga, yearBuilt, postingStatus. No engineering/inspection data from open source.",Active,,,,,,2,,,,,,,,,"OpenStreetMap (open data, ODbL)",https://www.openstreetmap.org/way/30659507,OSM:way/30659507,30659507,,"{""type"":""LineString"",""coordinates"":[[153.1018651,-30.3540423],[153.1020578,-30.3542238]]}"
,,OSM-30659510,North Coast Line,Rail Bridge,,,NSW,Mid North Coast,,-30.353529,153.102835,,Transport Asset Holding Entity (inferred),,Beam Bridge,,,,,,,,70,,,,,,,,,,,,,"OPEN DATA (OpenStreetMap, ODbL). DQ: INCOMPLETE - geometry & identity captured; owner/region/importance INFERRED (verify). Missing: condition, conditionRating, lastInspectionDate, lga, yearBuilt, postingStatus. No engineering/inspection data from open source.",Active,,,,,,4,,,,,,,,,"OpenStreetMap (open data, ODbL)",https://www.openstreetmap.org/way/30659510,OSM:way/30659510,30659510,,"{""type"":""LineString"",""coordinates"":[[153.1031152,-30.3533256],[153.1025541,-30.3537325]]}"
,,OSM-30659534,North Coast Line,Rail Bridge,,,NSW,Regional NSW,,-30.282894,153.127721,,Transport Asset Holding Entity (inferred),,Beam Bridge,,,,,,,,75,,,,,,,,,,,,,"OPEN DATA (OpenStreetMap, ODbL). DQ: INCOMPLETE - geometry & identity captured; owner/region/importance INFERRED (verify). Missing: condition, conditionRating, lastInspectionDate, lga, yearBuilt, postingStatus. No engineering/inspection data from open source.",Active,,,,,,4,,,,,,,,,"OpenStreetMap (open data, ODbL)",https://www.openstreetmap.org/way/30659534,OSM:way/30659534,30659534,,"{""type"":""LineString"",""coordinates"":[[153.1278582,-30.2832091],[153.1275847,-30.2825782]]}"
,,OSM-30734129,Prince Street,Road Bridge,,,NSW,Sydney Metropolitan,,-34.179787,150.612831,,Local Council (inferred),,Beam Bridge,,,,,,,,36,,2,,,,,,,,,,,"OPEN DATA (OpenStreetMap, ODbL). DQ: INCOMPLETE - geometry & identity captured; owner/region/importance INFERRED (verify). Missing: condition, conditionRating, lastInspectionDate, lga, yearBuilt, postingStatus. No engineering/inspection data from open source.",Active,,,,,,1,,,,,,,,,"OpenStreetMap (open data, ODbL)",https://www.openstreetmap.org/way/30734129,OSM:way/30734129,30734129,,"{""type"":""LineString"",""coordinates"":[[150.6130181,-34.1797403],[150.6126434,-34.1798329]]}"
,,OSM-30738624,Prince Street,Road Bridge,,,NSW,Sydney Metropolitan,,-34.18032,150.610539,,Local Council (inferred),,,,,,2.4,,,,84,,1,,,,Restricted,,,,,,,"OPEN DATA (OpenStreetMap, ODbL). DQ: INCOMPLETE - geometry & identity captured; owner/region/importance INFERRED (verify). Missing: condition, conditionRating, lastInspectionDate, lga, structureType, yearBuilt. No engineering/inspection data from open source. HV: load limit 5t, clearance 2.4m (posted, open data; NHVR gazettal/route approval NOT verified).",Active,,,,5,,1,,,,,,,,,"OpenStreetMap (open data, ODbL)",https://www.openstreetmap.org/way/30738624,OSM:way/30738624,30738624,,"{""type"":""LineString"",""coordinates"":[[150.6109782,-34.180222],[150.6101007,-34.1804185]]}"
,,OSM-30738793,Bargo River Road,Road Bridge,,,NSW,Illawarra & Shoalhaven,,-34.234273,150.579504,,Local Council (inferred),,Beam Bridge,,,,,,,,22,,2,,,,Restricted,,,,,,,"OPEN DATA (OpenStreetMap, ODbL). DQ: PARTIAL - geometry & identity captured; owner/region/importance INFERRED (verify). Missing: condition, conditionRating, lastInspectionDate, lga, yearBuilt. No engineering/inspection data from open source. HV: load limit 15t (posted, open data; NHVR gazettal/route approval NOT verified).",Active,,,,15,,1,,,,,,,,,"OpenStreetMap (open data, ODbL)",https://www.openstreetmap.org/way/30738793,OSM:way/30738793,30738793,,"{""type"":""LineString"",""coordinates"":[[150.5796225,-34.2342902],[150.5793851,-34.2342567]]}"
,,OSM-30738858,Thirlmere Way,Road Bridge,,,NSW,Illawarra & Shoalhaven,,-34.221789,150.590911,,Local Council (inferred),,Beam Bridge,,,,,,,,11,,2,,,,,,,,,,,"OPEN DATA (OpenStreetMap, ODbL). DQ: INCOMPLETE - geometry & identity captured; owner/region/importance INFERRED (verify). Missing: condition, conditionRating, lastInspectionDate, lga, yearBuilt, postingStatus. No engineering/inspection data from open source.",Active,,,,,,2,,,,,,,,,"OpenStreetMap (open data, ODbL)",https://www.openstreetmap.org/way/30738858,OSM:way/30738858,30738858,,"{""type"":""LineString"",""coordinates"":[[150.5908542,-34.2217788],[150.5909683,-34.2217989]]}"
,,OSM-30739327,Bridge Street,Road Bridge,,,NSW,Sydney Metropolitan,,-34.19628,150.591963,,Local Council (inferred),,Beam Bridge,,,,,,,,26,,2,,,,Restricted,,,,,,,"OPEN DATA (OpenStreetMap, ODbL). DQ: PARTIAL - geometry & identity captured; owner/region/importance INFERRED (verify). Missing: condition, conditionRating, lastInspectionDate, lga, yearBuilt. No engineering/inspection data from open source. HV: load limit 15t (posted, open data; NHVR gazettal/route approval NOT verified).",Active,,,,15,,1,,,,,,,,,"OpenStreetMap (open data, ODbL)",https://www.openstreetmap.org/way/30739327,OSM:way/30739327,30739327,,"{""type"":""LineString"",""coordinates"":[[150.592076,-34.1963469],[150.5918505,-34.1962132]]}"
,,OSM-30739772,Main South Line,Rail Bridge,,,NSW,Sydney Metropolitan,,-34.185285,150.604678,,Transport Asset Holding Entity (inferred),,Beam Bridge,,,,,,,,23,,,,,,,,,,,,,"OPEN DATA (OpenStreetMap, ODbL). DQ: INCOMPLETE - geometry & identity captured; owner/region/importance INFERRED (verify). Missing: condition, conditionRating, lastInspectionDate, lga, yearBuilt, postingStatus. No engineering/inspection data from open source.",Active,,,,,,4,,,,,,,,,"OpenStreetMap (open data, ODbL)",https://www.openstreetmap.org/way/30739772,OSM:way/30739772,30739772,,"{""type"":""LineString"",""coordinates"":[[150.6046054,-34.1853677],[150.6047502,-34.1852013]]}"
,,B52,Kings Highway,Road Bridge,,B52,NSW,South East & Tablelands,,-35.339422,149.316025,,Transport for NSW (inferred),,Beam Bridge,,,,,,,,128,,2,,,,,,,,,,,"OPEN DATA (OpenStreetMap, ODbL). DQ: INCOMPLETE - geometry & identity captured; owner/region/importance INFERRED (verify). Missing: condition, conditionRating, lastInspectionDate, lga, yearBuilt, postingStatus. No engineering/inspection data from open source.",Active,,,,,,4,,,,,,,,,"OpenStreetMap (open data, ODbL)",https://www.openstreetmap.org/way/30778470,OSM:way/30778470,30778470,,"{""type"":""LineString"",""coordinates"":[[149.315289,-35.3395256],[149.3154616,-35.3395062],[149.3155814,-35.339492],[149.3157023,-35.3394769],[149.3157816,-35.3394653],[149.3158574,-35.3394546],[149.3159346,-35.3394427],[149.3160361,-35.3394268],[149.3161298,-35.3394106],[149.3162128,-35.3393965],[149.3162865,-35.3393824],[149.3163888,-35.3393632],[149.3164839,-35.3393451],[149.3165636,-35.3393294],[149.3166688,-35.3393067]]}"
,,OSM-30778512,Connellan Crescent,Road Bridge,,,NSW,Sydney Metropolitan,,-34.18269,150.606815,,Local Council (inferred),,Beam Bridge,,,,,,,,24,,1,,,,,,,,,,,"OPEN DATA (OpenStreetMap, ODbL). DQ: INCOMPLETE - geometry & identity captured; owner/region/importance INFERRED (verify). Missing: condition, conditionRating, lastInspectionDate, lga, yearBuilt, postingStatus. No engineering/inspection data from open source.",Active,,,,,,1,,,,,,,,,"OpenStreetMap (open data, ODbL)",https://www.openstreetmap.org/way/30778512,OSM:way/30778512,30778512,,"{""type"":""LineString"",""coordinates"":[[150.6069309,-34.1827438],[150.6066988,-34.1826364]]}"
,,12,Remembrance Driveway,Road Bridge,,12,NSW,Illawarra & Shoalhaven,,-34.212325,150.603833,,Transport for NSW (inferred),,Beam Bridge,,,,,,,,33,,,,,,,,,,,,,"OPEN DATA (OpenStreetMap, ODbL). DQ: INCOMPLETE - geometry & identity captured; owner/region/importance INFERRED (verify). Missing: condition, conditionRating, lastInspectionDate, lga, yearBuilt, postingStatus. No engineering/inspection data from open source.",Active,,,,,,3,,,,,,,,,"OpenStreetMap (open data, ODbL)",https://www.openstreetmap.org/way/30778608,OSM:way/30778608,30778608,,"{""type"":""LineString"",""coordinates"":[[150.6039958,-34.2122615],[150.6036702,-34.212388]]}"
,,OSM-30778757,Turner Street,Road Bridge,,,NSW,Illawarra & Shoalhaven,,-34.204781,150.573281,,Local Council (inferred),,Beam Bridge,,,,,,,,18,,2,,,,,,,,,,,"OPEN DATA (OpenStreetMap, ODbL). DQ: INCOMPLETE - geometry & identity captured; owner/region/importance INFERRED (verify). Missing: condition, conditionRating, lastInspectionDate, lga, yearBuilt, postingStatus. No engineering/inspection data from open source.",Active,,,,,,1,,,,,,,,,"OpenStreetMap (open data, ODbL)",https://www.openstreetmap.org/way/30778757,OSM:way/30778757,30778757,,"{""type"":""LineString"",""coordinates"":[[150.5732021,-34.2047362],[150.5733597,-34.204826]]}"
,,OSM-30778901,Main South Line,Rail Bridge,,,NSW,Sydney Metropolitan,,-34.171483,150.608708,,Transport Asset Holding Entity (inferred),,Beam Bridge,,,,,,,,35,,,,,,,,,,,,,"OPEN DATA (OpenStreetMap, ODbL). DQ: INCOMPLETE - geometry & identity captured; owner/region/importance INFERRED (verify). Missing: condition, conditionRating, lastInspectionDate, lga, yearBuilt, postingStatus. No engineering/inspection data from open source.",Active,,,,,,4,,,,,,,,,"OpenStreetMap (open data, ODbL)",https://www.openstreetmap.org/way/30778901,OSM:way/30778901,30778901,,"{""type"":""LineString"",""coordinates"":[[150.6087074,-34.1713251],[150.6087081,-34.1716404]]}"
,,B88,Picton Road,Road Bridge,,B88,NSW,Illawarra & Shoalhaven,,-34.201791,150.650981,,Transport for NSW (inferred),,Beam Bridge,,,,,,,,21,,2,,,,,,,,,,,"OPEN DATA (OpenStreetMap, ODbL). DQ: INCOMPLETE - geometry & identity captured; owner/region/importance INFERRED (verify). Missing: condition, conditionRating, lastInspectionDate, lga, yearBuilt, postingStatus. No engineering/inspection data from open source.",Active,,,,,,3,,,,,,,,,"OpenStreetMap (open data, ODbL)",https://www.openstreetmap.org/way/30779406,OSM:way/30779406,30779406,,"{""type"":""LineString"",""coordinates"":[[150.6509476,-34.2016989],[150.6510146,-34.2018831]]}"
,,OSM-30831778,Henderson Road,Road Bridge,,,NSW,Sydney Metropolitan,,-33.988031,150.867007,,Local Council (inferred),,Beam Bridge,,,,,,,,86,,,,,,,,,,,,,"OPEN DATA (OpenStreetMap, ODbL). DQ: INCOMPLETE - geometry & identity captured; owner/region/importance INFERRED (verify). Missing: condition, conditionRating, lastInspectionDate, lga, yearBuilt, postingStatus. No engineering/inspection data from open source.",Active,,,,,,2,,,,,,,,,"OpenStreetMap (open data, ODbL)",https://www.openstreetmap.org/way/30831778,OSM:way/30831778,30831778,,"{""type"":""LineString"",""coordinates"":[[150.8672326,-33.9883696],[150.8667804,-33.9876934]]}"
,,OSM-30992530,Bombala Line,Rail Bridge,,,NSW,South East & Tablelands,,-35.337121,149.318795,,Transport Asset Holding Entity (inferred),,Beam Bridge,,,,,,,,121,,,,,,,,,,,,,"OPEN DATA (OpenStreetMap, ODbL). DQ: INCOMPLETE - geometry & identity captured; owner/region/importance INFERRED (verify). Missing: condition, conditionRating, lastInspectionDate, lga, yearBuilt, postingStatus. No engineering/inspection data from open source.",Active,,,,,,4,,,,,,,,,"OpenStreetMap (open data, ODbL)",https://www.openstreetmap.org/way/30992530,OSM:way/30992530,30992530,,"{""type"":""LineString"",""coordinates"":[[149.3181404,-35.3370171],[149.3194492,-35.3372246]]}"
,,OSM-31032322,McFarlanes Road,Road Bridge,,,NSW,Hunter,,-32.736514,151.641511,,Local Council (inferred),,Beam Bridge,,,,,,,,23,,,,,,,,,,,,,"OPEN DATA (OpenStreetMap, ODbL). DQ: INCOMPLETE - geometry & identity captured; owner/region/importance INFERRED (verify). Missing: condition, conditionRating, lastInspectionDate, lga, yearBuilt, postingStatus. No engineering/inspection data from open source.",Active,,,,,,2,,,,,,,,,"OpenStreetMap (open data, ODbL)",https://www.openstreetmap.org/way/31032322,OSM:way/31032322,31032322,,"{""type"":""LineString"",""coordinates"":[[151.6414191,-32.7364488],[151.6416028,-32.73658]]}"
,,OSM-31033108,East Seaham Road,Road Bridge,,,NSW,Hunter,,-32.663444,151.73265,,Local Council (inferred),,Beam Bridge,,,,,,,,131,,2,,,,,,,,,,,"OPEN DATA (OpenStreetMap, ODbL). DQ: INCOMPLETE - geometry & identity captured; owner/region/importance INFERRED (verify). Missing: condition, conditionRating, lastInspectionDate, lga, yearBuilt, postingStatus. No engineering/inspection data from open source.",Active,,,,,,1,,,,,,,,,"OpenStreetMap (open data, ODbL)",https://www.openstreetmap.org/way/31033108,OSM:way/31033108,31033108,,"{""type"":""LineString"",""coordinates"":[[151.7319632,-32.6633239],[151.7333378,-32.663565]]}"
,,OSM-31044301,Hinton Bridge,Road Bridge,,,NSW,Hunter,,-32.713714,151.647194,,Local Council (inferred),,,1901,,,,,,,81,,2,,,,,,,,,,,"OPEN DATA (OpenStreetMap, ODbL). DQ: INCOMPLETE - geometry & identity captured; owner/region/importance INFERRED (verify). Missing: condition, conditionRating, lastInspectionDate, lga, structureType, postingStatus. No engineering/inspection data from open source.",Active,,,,,,1,,,,,,,,,"OpenStreetMap (open data, ODbL)",https://www.openstreetmap.org/way/31044301,OSM:way/31044301,31044301,,"{""type"":""LineString"",""coordinates"":[[151.6467482,-32.713454],[151.6473723,-32.7138185],[151.6474602,-32.7138699]]}"
,,OSM-31044314,Hinton Road,Road Bridge,,,NSW,Hunter,,-32.7246,151.693159,,Local Council (inferred),,Beam Bridge,,,,,,,,21,,,,,,,,,,,,,"OPEN DATA (OpenStreetMap, ODbL). DQ: INCOMPLETE - geometry & identity captured; owner/region/importance INFERRED (verify). Missing: condition, conditionRating, lastInspectionDate, lga, yearBuilt, postingStatus. No engineering/inspection data from open source.",Active,,,,,,1,,,,,,,,,"OpenStreetMap (open data, ODbL)",https://www.openstreetmap.org/way/31044314,OSM:way/31044314,31044314,,"{""type"":""LineString"",""coordinates"":[[151.6932669,-32.7245794],[151.6930518,-32.7246214]]}"
,,OSM-31129991,Anson Street,Road Bridge,,,NSW,Central West & Orana,,-33.299268,149.095677,,Local Council (inferred),,Beam Bridge,,,,,,,,31,,,,,,,,,,,,,"OPEN DATA (OpenStreetMap, ODbL). DQ: INCOMPLETE - geometry & identity captured; owner/region/importance INFERRED (verify). Missing: condition, conditionRating, lastInspectionDate, lga, yearBuilt, postingStatus. No engineering/inspection data from open source.",Active,,,,,,1,,,,,,,,,"OpenStreetMap (open data, ODbL)",https://www.openstreetmap.org/way/31129991,OSM:way/31129991,31129991,,"{""type"":""LineString"",""coordinates"":[[149.0957056,-33.2991325],[149.0956491,-33.2994039]]}"
,,OSM-31145795,Dagworth Road,Road Bridge,,,NSW,Hunter,,-32.752272,151.543881,,Local Council (inferred),,Beam Bridge,,,,,,,,24,,,,,,,,,,,,,"OPEN DATA (OpenStreetMap, ODbL). DQ: INCOMPLETE - geometry & identity captured; owner/region/importance INFERRED (verify). Missing: condition, conditionRating, lastInspectionDate, lga, yearBuilt, postingStatus. No engineering/inspection data from open source.",Active,,,,,,1,,,,,,,,,"OpenStreetMap (open data, ODbL)",https://www.openstreetmap.org/way/31145795,OSM:way/31145795,31145795,,"{""type"":""LineString"",""coordinates"":[[151.5437952,-32.7521921],[151.543966,-32.7523515]]}"
,,OSM-31146219,Corbie Hill Road,Road Bridge,,,NSW,Riverina,,-34.556345,146.450483,,Local Council (inferred),,Beam Bridge,,,,,,,,56,,,,,,,,,,,,,"OPEN DATA (OpenStreetMap, ODbL). DQ: INCOMPLETE - geometry & identity captured; owner/region/importance INFERRED (verify). Missing: condition, conditionRating, lastInspectionDate, lga, yearBuilt, postingStatus. No engineering/inspection data from open source.",Active,,,,,,1,,,,,,,,,"OpenStreetMap (open data, ODbL)",https://www.openstreetmap.org/way/31146219,OSM:way/31146219,31146219,,"{""type"":""LineString"",""coordinates"":[[146.4501935,-34.5562688],[146.4507725,-34.5564216]]}"
,,OSM-31152358,Racecourse Road,Road Bridge,,,NSW,Central West & Orana,,-33.296056,149.074957,,Local Council (inferred),,Beam Bridge,,,,,,,,12,,,,,,,,,,,,,"OPEN DATA (OpenStreetMap, ODbL). DQ: INCOMPLETE - geometry & identity captured; owner/region/importance INFERRED (verify). Missing: condition, conditionRating, lastInspectionDate, lga, yearBuilt, postingStatus. No engineering/inspection data from open source.",Active,,,,,,1,,,,,,,,,"OpenStreetMap (open data, ODbL)",https://www.openstreetmap.org/way/31152358,OSM:way/31152358,31152358,,"{""type"":""LineString"",""coordinates"":[[149.0749449,-33.2961084],[149.0749683,-33.2960028]]}"
,,OSM-31154152,William Street,Road Bridge,,,NSW,Hunter,,-32.958494,151.608249,,Local Council (inferred),,Beam Bridge,,,,,,,,21,,,,,,,,,,,,,"OPEN DATA (OpenStreetMap, ODbL). DQ: INCOMPLETE - geometry & identity captured; owner/region/importance INFERRED (verify). Missing: condition, conditionRating, lastInspectionDate, lga, yearBuilt, postingStatus. No engineering/inspection data from open source.",Active,,,,,,1,,,,,,,,,"OpenStreetMap (open data, ODbL)",https://www.openstreetmap.org/way/31154152,OSM:way/31154152,31154152,,"{""type"":""LineString"",""coordinates"":[[151.6083444,-32.9585451],[151.6081529,-32.9584436]]}"
,,OSM-31234912,Turondale Road,Road Bridge,,,NSW,Central West & Orana,,-33.242858,149.585325,,Local Council (inferred),,Beam Bridge,,,,,,,,62,,,,,,,,,,,,,"OPEN DATA (OpenStreetMap, ODbL). DQ: INCOMPLETE - geometry & identity captured; owner/region/importance INFERRED (verify). Missing: condition, conditionRating, lastInspectionDate, lga, yearBuilt, postingStatus. No engineering/inspection data from open source.",Active,,,,,,1,,,,,,,,,"OpenStreetMap (open data, ODbL)",https://www.openstreetmap.org/way/31234912,OSM:way/31234912,31234912,,"{""type"":""LineString"",""coordinates"":[[149.5850744,-33.2430442],[149.5855746,-33.242671]]}"
,,OSM-31238076,Dobell Drive,Road Bridge,,,NSW,Central Coast,,-33.065725,151.580173,,Local Council (inferred),,Beam Bridge,,,,,,,,34,,,,,,,,,,,,,"OPEN DATA (OpenStreetMap, ODbL). DQ: INCOMPLETE - geometry & identity captured; owner/region/importance INFERRED (verify). Missing: condition, conditionRating, lastInspectionDate, lga, yearBuilt, postingStatus. No engineering/inspection data from open source.",Active,,,,,,1,,,,,,,,,"OpenStreetMap (open data, ODbL)",https://www.openstreetmap.org/way/31238076,OSM:way/31238076,31238076,,"{""type"":""LineString"",""coordinates"":[[151.5802948,-33.0656105],[151.5800516,-33.0658402]]}"
,,OSM-31255551,Main Western Line,Rail Bridge,,,NSW,Central West & Orana,,-33.447204,149.180869,,Transport Asset Holding Entity (inferred),,Beam Bridge,,,,,,,,24,,,,,,,,,,,,,"OPEN DATA (OpenStreetMap, ODbL). DQ: INCOMPLETE - geometry & identity captured; owner/region/importance INFERRED (verify). Missing: condition, conditionRating, lastInspectionDate, lga, yearBuilt, postingStatus. No engineering/inspection data from open source.",Active,,,,,,4,,,,,,,,,"OpenStreetMap (open data, ODbL)",https://www.openstreetmap.org/way/31255551,OSM:way/31255551,31255551,,"{""type"":""LineString"",""coordinates"":[[149.180959,-33.4472818],[149.1807796,-33.4471271]]}"
,,18,Hogbin Drive,Road Bridge,,18,NSW,Mid North Coast,,-30.320889,153.103987,,Transport for NSW (inferred),,Beam Bridge,,,,,,,,45,,2,,,,,,,,,,,"OPEN DATA (OpenStreetMap, ODbL). DQ: INCOMPLETE - geometry & identity captured; owner/region/importance INFERRED (verify). Missing: condition, conditionRating, lastInspectionDate, lga, yearBuilt, postingStatus. No engineering/inspection data from open source.",Active,,,,,,2,,,,,,,,,"OpenStreetMap (open data, ODbL)",https://www.openstreetmap.org/way/31268422,OSM:way/31268422,31268422,,"{""type"":""LineString"",""coordinates"":[[153.1041837,-30.3207811],[153.1037901,-30.3209972]]}"
,,18,Hogbin Drive,Road Bridge,,18,NSW,Mid North Coast,,-30.33893,153.094292,,Transport for NSW (inferred),,Beam Bridge,,,,,,,,95,,2,,,,,,,,,,,"OPEN DATA (OpenStreetMap, ODbL). DQ: INCOMPLETE - geometry & identity captured; owner/region/importance INFERRED (verify). Missing: condition, conditionRating, lastInspectionDate, lga, yearBuilt, postingStatus. No engineering/inspection data from open source.",Active,,,,,,2,,,,,,,,,"OpenStreetMap (open data, ODbL)",https://www.openstreetmap.org/way/31268462,OSM:way/31268462,31268462,,"{""type"":""LineString"",""coordinates"":[[153.0944662,-30.3385294],[153.0941187,-30.3393307]]}"
,,18,Pine Creek Way,Road Bridge,,18,NSW,Mid North Coast,,-30.36711,153.040698,,Transport for NSW (inferred),,Beam Bridge,,,,,,,,92,,,,,,,,,,,,,"OPEN DATA (OpenStreetMap, ODbL). DQ: INCOMPLETE - geometry & identity captured; owner/region/importance INFERRED (verify). Missing: condition, conditionRating, lastInspectionDate, lga, yearBuilt, postingStatus. No engineering/inspection data from open source.",Active,,,,,,1,,,,,,,,,"OpenStreetMap (open data, ODbL)",https://www.openstreetmap.org/way/31268484,OSM:way/31268484,31268484,,"{""type"":""LineString"",""coordinates"":[[153.0402957,-30.3673352],[153.0410994,-30.3668843]]}"
,,A1,Pacific Highway,Road Bridge,,A1,NSW,Mid North Coast,,-30.372473,153.052763,,Transport for NSW (inferred),,Beam Bridge,2013,,,,,,,164,,2,,,,,,,,,,,"OPEN DATA (OpenStreetMap, ODbL). DQ: PARTIAL - geometry & identity captured; owner/region/importance INFERRED (verify). Missing: condition, conditionRating, lastInspectionDate, lga, postingStatus. No engineering/inspection data from open source.",Active,,,,,,4,,,,,,,,,"OpenStreetMap (open data, ODbL)",https://www.openstreetmap.org/way/31268513,OSM:way/31268513,31268513,,"{""type"":""LineString"",""coordinates"":[[153.0525461,-30.3731857],[153.05298,-30.3717601]]}"
,,OSM-31277595,Montem Street,Road Bridge,,,NSW,South East & Tablelands,,-34.76572,148.819212,,Local Council (inferred),,Beam Bridge,,,,,,,,44,,,,,,Restricted,,,,,,,"OPEN DATA (OpenStreetMap, ODbL). DQ: PARTIAL - geometry & identity captured; owner/region/importance INFERRED (verify). Missing: condition, conditionRating, lastInspectionDate, lga, yearBuilt. No engineering/inspection data from open source. HV: load limit 6t (posted, open data; NHVR gazettal/route approval NOT verified).",Active,,,,6,,1,,,,,,,,,"OpenStreetMap (open data, ODbL)",https://www.openstreetmap.org/way/31277595,OSM:way/31277595,31277595,,"{""type"":""LineString"",""coordinates"":[[148.8193064,-34.76593],[148.8191903,-34.7656722],[148.8191403,-34.7655564]]}"
,,B55,Castlereagh Highway Offramp,Road Bridge,,B55,NSW,Central West & Orana,,-33.427621,150.104419,,Transport for NSW (inferred),,Beam Bridge,,,,,,,,46,,2,,,,,,,,,,,"OPEN DATA (OpenStreetMap, ODbL). DQ: INCOMPLETE - geometry & identity captured; owner/region/importance INFERRED (verify). Missing: condition, conditionRating, lastInspectionDate, lga, yearBuilt, postingStatus. No engineering/inspection data from open source.",Active,,,,,,4,,,,,,,,,"OpenStreetMap (open data, ODbL)",https://www.openstreetmap.org/way/31299245,OSM:way/31299245,31299245,,"{""type"":""LineString"",""coordinates"":[[150.1044742,-33.4278427],[150.104419,-33.4276604],[150.1043982,-33.4275423],[150.1043827,-33.427439]]}"
,,A32,Great Western Highway,Road Bridge,,A32,NSW,Central West & Orana,,-33.431583,150.110645,,Transport for NSW (inferred),,Beam Bridge,,,,,,,,51,,2,,,,,,,,,,,"OPEN DATA (OpenStreetMap, ODbL). DQ: INCOMPLETE - geometry & identity captured; owner/region/importance INFERRED (verify). Missing: condition, conditionRating, lastInspectionDate, lga, yearBuilt, postingStatus. No engineering/inspection data from open source.",Active,,,,,,4,,,,,,,,,"OpenStreetMap (open data, ODbL)",https://www.openstreetmap.org/way/31299620,OSM:way/31299620,31299620,,"{""type"":""LineString"",""coordinates"":[[150.1104433,-33.4314266],[150.1106472,-33.4315782],[150.1108459,-33.4317429]]}"
,,A32,Great Western Highway,Road Bridge,,A32,NSW,Central West & Orana,,-33.470689,150.124256,,Transport for NSW (inferred),,Beam Bridge,,,,,,,,48,,2,,,,,,,,,,,"OPEN DATA (OpenStreetMap, ODbL). DQ: INCOMPLETE - geometry & identity captured; owner/region/importance INFERRED (verify). Missing: condition, conditionRating, lastInspectionDate, lga, yearBuilt, postingStatus. No engineering/inspection data from open source.",Active,,,,,,4,,,,,,,,,"OpenStreetMap (open data, ODbL)",https://www.openstreetmap.org/way/31299701,OSM:way/31299701,31299701,,"{""type"":""LineString"",""coordinates"":[[150.1242691,-33.4704758],[150.1242437,-33.470903]]}"
,,A32,Great Western Highway,Road Bridge,,A32,NSW,Central West & Orana,,-33.446647,150.03983,,Transport for NSW (inferred),,Beam Bridge,,,,,,,,22,,3,,,,,,,,,,,"OPEN DATA (OpenStreetMap, ODbL). DQ: INCOMPLETE - geometry & identity captured; owner/region/importance INFERRED (verify). Missing: condition, conditionRating, lastInspectionDate, lga, yearBuilt, postingStatus. No engineering/inspection data from open source.",Active,,,,,,4,,,,,,,,,"OpenStreetMap (open data, ODbL)",https://www.openstreetmap.org/way/31299927,OSM:way/31299927,31299927,,"{""type"":""LineString"",""coordinates"":[[150.0399459,-33.4466371],[150.0397137,-33.4466574]]}"
,,A32,Great Western Highway,Road Bridge,,A32,NSW,Central West & Orana,,-33.470454,150.124034,,Transport for NSW (inferred),,Beam Bridge,,,,,,,,46,,2,,,,,,,,,,,"OPEN DATA (OpenStreetMap, ODbL). DQ: INCOMPLETE - geometry & identity captured; owner/region/importance INFERRED (verify). Missing: condition, conditionRating, lastInspectionDate, lga, yearBuilt, postingStatus. No engineering/inspection data from open source.",Active,,,,,,4,,,,,,,,,"OpenStreetMap (open data, ODbL)",https://www.openstreetmap.org/way/31300057,OSM:way/31300057,31300057,,"{""type"":""LineString"",""coordinates"":[[150.1240147,-33.4706613],[150.1240535,-33.4702468]]}"
,,OSM-31314205,Tea Gardens-Hawks Nest Bridge,Road Bridge,,,NSW,Hunter,,-32.669238,152.168256,,Local Council (inferred),,Beam Bridge,,,,,,,,292,,2,,,,,,,,,,,"OPEN DATA (OpenStreetMap, ODbL). DQ: INCOMPLETE - geometry & identity captured; owner/region/importance INFERRED (verify). Missing: condition, conditionRating, lastInspectionDate, lga, yearBuilt, postingStatus. No engineering/inspection data from open source.",Active,,,,,,2,,,,,,,,,"OpenStreetMap (open data, ODbL)",https://www.openstreetmap.org/way/31314205,OSM:way/31314205,31314205,,"{""type"":""LineString"",""coordinates"":[[152.1696427,-32.6686344],[152.1668692,-32.6698413]]}"
,,OSM-31338159,Wallaroo Road,Road Bridge,,,NSW,South East & Tablelands,,-35.16446,149.03208,,Local Council (inferred),,Beam Bridge,,,,,,,,65,,,,,,,,,,,,,"OPEN DATA (OpenStreetMap, ODbL). DQ: INCOMPLETE - geometry & identity captured; owner/region/importance INFERRED (verify). Missing: condition, conditionRating, lastInspectionDate, lga, yearBuilt, postingStatus. No engineering/inspection data from open source.",Active,,,,,,1,,,,,,,,,"OpenStreetMap (open data, ODbL)",https://www.openstreetmap.org/way/31338159,OSM:way/31338159,31338159,,"{""type"":""LineString"",""coordinates"":[[149.0323874,-35.1646089],[149.0317733,-35.164312]]}"
,,OSM-31341962,Rocket Street,Road Bridge,,,NSW,Central West & Orana,,-33.4316,149.579581,,Local Council (inferred),,Beam Bridge,,,,4.5,,,,60,,2,,,,Restricted,,,,,,,"OPEN DATA (OpenStreetMap, ODbL). DQ: PARTIAL - geometry & identity captured; owner/region/importance INFERRED (verify). Missing: condition, conditionRating, lastInspectionDate, lga, yearBuilt. No engineering/inspection data from open source. HV: clearance 4.5m (posted, open data; NHVR gazettal/route approval NOT verified).",Active,,,,,,3,,,,,,,,,"OpenStreetMap (open data, ODbL)",https://www.openstreetmap.org/way/31341962,OSM:way/31341962,31341962,,"{""type"":""LineString"",""coordinates"":[[149.5798707,-33.4317227],[149.5792922,-33.4314779]]}"
,,OSM-31355996,Reserve Street,Road Bridge,,,NSW,Illawarra & Shoalhaven,,-34.42016,150.872412,,Local Council (inferred),,Beam Bridge,,,,,,,,44,,,,,,,,,,,,,"OPEN DATA (OpenStreetMap, ODbL). DQ: INCOMPLETE - geometry & identity captured; owner/region/importance INFERRED (verify). Missing: condition, conditionRating, lastInspectionDate, lga, yearBuilt, postingStatus. No engineering/inspection data from open source.",Active,,,,,,1,,,,,,,,,"OpenStreetMap (open data, ODbL)",https://www.openstreetmap.org/way/31355996,OSM:way/31355996,31355996,,"{""type"":""LineString"",""coordinates"":[[150.8726493,-34.4201495],[150.8721743,-34.4201709]]}"
,,OSM-31408827,Yass Valley Way,Road Bridge,,,NSW,South East & Tablelands,,-34.867058,148.955739,,Local Council (inferred),,Beam Bridge,,,,,,,,100,,2,,,,,,,,,,,"OPEN DATA (OpenStreetMap, ODbL). DQ: INCOMPLETE - geometry & identity captured; owner/region/importance INFERRED (verify). Missing: condition, conditionRating, lastInspectionDate, lga, yearBuilt, postingStatus. No engineering/inspection data from open source.",Active,,,,,,2,,,,,,,,,"OpenStreetMap (open data, ODbL)",https://www.openstreetmap.org/way/31408827,OSM:way/31408827,31408827,,"{""type"":""LineString"",""coordinates"":[[148.9551938,-34.8670868],[148.9562843,-34.8670295]]}"
,,A25,Barton Highway,Road Bridge,,A25,NSW,South East & Tablelands,,-34.880034,148.974053,,Transport for NSW (inferred),,Beam Bridge,,,,,,,,168,,2,,,,,,,,,,,"OPEN DATA (OpenStreetMap, ODbL). DQ: INCOMPLETE - geometry & identity captured; owner/region/importance INFERRED (verify). Missing: condition, conditionRating, lastInspectionDate, lga, yearBuilt, postingStatus. No engineering/inspection data from open source.",Active,,,,,,4,,,,,,,,,"OpenStreetMap (open data, ODbL)",https://www.openstreetmap.org/way/31408950,OSM:way/31408950,31408950,,"{""type"":""LineString"",""coordinates"":[[148.9739925,-34.8792994],[148.9740742,-34.8799991],[148.9740913,-34.8808042]]}"
,,OSM-31410227,Shingle Hill Way,Road Bridge,,,NSW,South East & Tablelands,,-35.079555,149.266271,,Local Council (inferred),,Beam Bridge,,,,,,,,36,,,,,,,,,,,,,"OPEN DATA (OpenStreetMap, ODbL). DQ: INCOMPLETE - geometry & identity captured; owner/region/importance INFERRED (verify). Missing: condition, conditionRating, lastInspectionDate, lga, yearBuilt, postingStatus. No engineering/inspection data from open source.",Active,,,,,,1,,,,,,,,,"OpenStreetMap (open data, ODbL)",https://www.openstreetmap.org/way/31410227,OSM:way/31410227,31410227,,"{""type"":""LineString"",""coordinates"":[[149.2660784,-35.0795184],[149.2664641,-35.0795922]]}"
,,OSM-31410431,Old Federal Highway,Road Bridge,,,NSW,South East & Tablelands,,-35.172446,149.27374,,Local Council (inferred),,Beam Bridge,,,,,,,,73,,,,,,,,,,,,,"OPEN DATA (OpenStreetMap, ODbL). DQ: INCOMPLETE - geometry & identity captured; owner/region/importance INFERRED (verify). Missing: condition, conditionRating, lastInspectionDate, lga, yearBuilt, postingStatus. No engineering/inspection data from open source.",Active,,,,,,1,,,,,,,,,"OpenStreetMap (open data, ODbL)",https://www.openstreetmap.org/way/31410431,OSM:way/31410431,31410431,,"{""type"":""LineString"",""coordinates"":[[149.2733402,-35.1724059],[149.2741392,-35.172486]]}"
,,M23,Federal Highway,Road Bridge,,M23,NSW,South East & Tablelands,,-35.176366,149.275312,,Transport for NSW (inferred),,Beam Bridge,,,,,,,,95,,2,,,,,,,,,,,"OPEN DATA (OpenStreetMap, ODbL). DQ: INCOMPLETE - geometry & identity captured; owner/region/importance INFERRED (verify). Missing: condition, conditionRating, lastInspectionDate, lga, yearBuilt, postingStatus. No engineering/inspection data from open source.",Active,,,,,,4,,,,,,,,,"OpenStreetMap (open data, ODbL)",https://www.openstreetmap.org/way/31410433,OSM:way/31410433,31410433,,"{""type"":""LineString"",""coordinates"":[[149.2758196,-35.1762748],[149.275566,-35.1763151],[149.2753192,-35.1763594],[149.2750494,-35.1764144],[149.2748047,-35.1764654]]}"
,,OSM-31410511,Macs Reef Road,Road Bridge,,,NSW,South East & Tablelands,,-35.181127,149.272012,,Local Council (inferred),,Beam Bridge,,,,,,,,69,,2,,,,Restricted,,,,,,,"OPEN DATA (OpenStreetMap, ODbL). DQ: PARTIAL - geometry & identity captured; owner/region/importance INFERRED (verify). Missing: condition, conditionRating, lastInspectionDate, lga, yearBuilt. No engineering/inspection data from open source. HV: load limit 10t (posted, open data; NHVR gazettal/route approval NOT verified).",Active,,,,10,,2,,,,,,,,,"OpenStreetMap (open data, ODbL)",https://www.openstreetmap.org/way/31410511,OSM:way/31410511,31410511,,"{""type"":""LineString"",""coordinates"":[[149.2723432,-35.1812769],[149.2716801,-35.1809773]]}"
,,OSM-31453485,Murrumbateman Road,Road Bridge,,,NSW,South East & Tablelands,,-35.015599,149.106003,,Local Council (inferred),,Beam Bridge,,,,,,,,61,,,,,,,,,,,,,"OPEN DATA (OpenStreetMap, ODbL). DQ: INCOMPLETE - geometry & identity captured; owner/region/importance INFERRED (verify). Missing: condition, conditionRating, lastInspectionDate, lga, yearBuilt, postingStatus. No engineering/inspection data from open source.",Active,,,,,,2,,,,,,,,,"OpenStreetMap (open data, ODbL)",https://www.openstreetmap.org/way/31453485,OSM:way/31453485,31453485,,"{""type"":""LineString"",""coordinates"":[[149.10632,-35.015509],[149.1056856,-35.0156899]]}"
,,OSM-31453583,Greenwood Road,Road Bridge,,,NSW,South East & Tablelands,,-34.95668,149.077316,,Local Council (inferred),,Beam Bridge,,,,,,,,61,,,,,,,,,,,,,"OPEN DATA (OpenStreetMap, ODbL). DQ: INCOMPLETE - geometry & identity captured; owner/region/importance INFERRED (verify). Missing: condition, conditionRating, lastInspectionDate, lga, yearBuilt, postingStatus. No engineering/inspection data from open source.",Active,,,,,,1,,,,,,,,,"OpenStreetMap (open data, ODbL)",https://www.openstreetmap.org/way/31453583,OSM:way/31453583,31453583,,"{""type"":""LineString"",""coordinates"":[[149.0771467,-34.9569172],[149.0774847,-34.9564426]]}"
,,OSM-31453720,Dicks Creek Road,Road Bridge,,,NSW,South East & Tablelands,,-35.01658,149.1146,,Local Council (inferred),,Beam Bridge,,,,,,,,45,,,,,,,,,,,,,"OPEN DATA (OpenStreetMap, ODbL). DQ: INCOMPLETE - geometry & identity captured; owner/region/importance INFERRED (verify). Missing: condition, conditionRating, lastInspectionDate, lga, yearBuilt, postingStatus. No engineering/inspection data from open source.",Active,,,,,,1,,,,,,,,,"OpenStreetMap (open data, ODbL)",https://www.openstreetmap.org/way/31453720,OSM:way/31453720,31453720,,"{""type"":""LineString"",""coordinates"":[[149.1143626,-35.0166392],[149.1148378,-35.0165203]]}"
,,OSM-31539875,Hoskinstown Road,Road Bridge,,,NSW,South East & Tablelands,,-35.492955,149.447118,,Local Council (inferred),,Beam Bridge,,,,3.0,,,,48,,,,,,Restricted,,,,,,,"OPEN DATA (OpenStreetMap, ODbL). DQ: PARTIAL - geometry & identity captured; owner/region/importance INFERRED (verify). Missing: condition, conditionRating, lastInspectionDate, lga, yearBuilt. No engineering/inspection data from open source. HV: clearance 3.0m (posted, open data; NHVR gazettal/route approval NOT verified).",Active,,,,,,2,,,,,,,,,"OpenStreetMap (open data, ODbL)",https://www.openstreetmap.org/way/31539875,OSM:way/31539875,31539875,,"{""type"":""LineString"",""coordinates"":[[149.4472307,-35.492759],[149.4470052,-35.4931508]]}"
,,OSM-31560710,Third Street,Road Bridge,,,NSW,Hunter,,-32.910829,151.660342,,Local Council (inferred),,Beam Bridge,,,,,,,,24,,,,,,,,,,,,,"OPEN DATA (OpenStreetMap, ODbL). DQ: INCOMPLETE - geometry & identity captured; owner/region/importance INFERRED (verify). Missing: condition, conditionRating, lastInspectionDate, lga, yearBuilt, postingStatus. No engineering/inspection data from open source.",Active,,,,,,1,,,,,,,,,"OpenStreetMap (open data, ODbL)",https://www.openstreetmap.org/way/31560710,OSM:way/31560710,31560710,,"{""type"":""LineString"",""coordinates"":[[151.660408,-32.9107378],[151.6602766,-32.9109198]]}"
,,OSM-31716350,Yass Valley Way,Road Bridge,,,NSW,South East & Tablelands,,-34.819173,148.902813,,Local Council (inferred),,Beam Bridge,,,,,,,,27,,,,,,,,,,,,,"OPEN DATA (OpenStreetMap, ODbL). DQ: INCOMPLETE - geometry & identity captured; owner/region/importance INFERRED (verify). Missing: condition, conditionRating, lastInspectionDate, lga, yearBuilt, postingStatus. No engineering/inspection data from open source.",Active,,,,,,2,,,,,,,,,"OpenStreetMap (open data, ODbL)",https://www.openstreetmap.org/way/31716350,OSM:way/31716350,31716350,,"{""type"":""LineString"",""coordinates"":[[148.9027146,-34.8190804],[148.9029112,-34.8192654]]}"
,,OSM-31731495,Maitland Road,Road Bridge,,,NSW,Hunter,,-32.92093,151.752254,,Local Council (inferred),,Beam Bridge,,,,,,,,26,,,,,,,,,,,,,"OPEN DATA (OpenStreetMap, ODbL). DQ: INCOMPLETE - geometry & identity captured; owner/region/importance INFERRED (verify). Missing: condition, conditionRating, lastInspectionDate, lga, yearBuilt, postingStatus. No engineering/inspection data from open source.",Active,,,,,,3,,,,,,,,,"OpenStreetMap (open data, ODbL)",https://www.openstreetmap.org/way/31731495,OSM:way/31731495,31731495,,"{""type"":""LineString"",""coordinates"":[[151.7522596,-32.9208157],[151.7522483,-32.9210453]]}"
,,OSM-31733561,Rosehill Road,Road Bridge,,,NSW,Northern Rivers,,-28.792449,153.221752,,Local Council (inferred),,Beam Bridge,,,,,,,,62,,,,,,,,,,,,,"OPEN DATA (OpenStreetMap, ODbL). DQ: INCOMPLETE - geometry & identity captured; owner/region/importance INFERRED (verify). Missing: condition, conditionRating, lastInspectionDate, lga, yearBuilt, postingStatus. No engineering/inspection data from open source.",Active,,,,,,2,,,,,,,,,"OpenStreetMap (open data, ODbL)",https://www.openstreetmap.org/way/31733561,OSM:way/31733561,31733561,,"{""type"":""LineString"",""coordinates"":[[153.2220527,-28.7925377],[153.221452,-28.79236]]}"
,,OSM-31768338,Maud Street,Road Bridge,,,NSW,Hunter,,-32.894509,151.721712,,Local Council (inferred),,Beam Bridge,,,,,,,,65,,3,,,,,,,,,,,"OPEN DATA (OpenStreetMap, ODbL). DQ: INCOMPLETE - geometry & identity captured; owner/region/importance INFERRED (verify). Missing: condition, conditionRating, lastInspectionDate, lga, yearBuilt, postingStatus. No engineering/inspection data from open source.",Active,,,,,,2,,,,,,,,,"OpenStreetMap (open data, ODbL)",https://www.openstreetmap.org/way/31768338,OSM:way/31768338,31768338,,"{""type"":""LineString"",""coordinates"":[[151.721525,-32.8947632],[151.7217213,-32.8944981],[151.7218903,-32.8942643]]}"
,,OSM-31785240,Beckwith Street,Road Bridge,,,NSW,Riverina,,-35.109686,147.363317,,Local Council (inferred),,Beam Bridge,,,,,,,,18,,,,,,,,,,,,,"OPEN DATA (OpenStreetMap, ODbL). DQ: INCOMPLETE - geometry & identity captured; owner/region/importance INFERRED (verify). Missing: condition, conditionRating, lastInspectionDate, lga, yearBuilt, postingStatus. No engineering/inspection data from open source.",Active,,,,,,1,,,,,,,,,"OpenStreetMap (open data, ODbL)",https://www.openstreetmap.org/way/31785240,OSM:way/31785240,31785240,,"{""type"":""LineString"",""coordinates"":[[147.3632842,-35.1096078],[147.3633495,-35.1097651]]}"
,,OSM-31812160,New Mount Pleasant Road,Road Bridge,,,NSW,Illawarra & Shoalhaven,,-34.395938,150.866732,,Local Council (inferred),,Beam Bridge,,,,,,,,49,,,,,,,,,,,,,"OPEN DATA (OpenStreetMap, ODbL). DQ: INCOMPLETE - geometry & identity captured; owner/region/importance INFERRED (verify). Missing: condition, conditionRating, lastInspectionDate, lga, yearBuilt, postingStatus. No engineering/inspection data from open source.",Active,,,,,,1,,,,,,,,,"OpenStreetMap (open data, ODbL)",https://www.openstreetmap.org/way/31812160,OSM:way/31812160,31812160,,"{""type"":""LineString"",""coordinates"":[[150.8665328,-34.3960843],[150.8669307,-34.3957912]]}"
,,OSM-31813159,Ivan Jack Drive,Road Bridge,,,NSW,Riverina,,-35.108565,147.36824,,Local Council (inferred),,Beam Bridge,,,,,,,,11,,,,,,,,,,,,,"OPEN DATA (OpenStreetMap, ODbL). DQ: INCOMPLETE - geometry & identity captured; owner/region/importance INFERRED (verify). Missing: condition, conditionRating, lastInspectionDate, lga, yearBuilt, postingStatus. No engineering/inspection data from open source.",Active,,,,,,1,,,,,,,,,"OpenStreetMap (open data, ODbL)",https://www.openstreetmap.org/way/31813159,OSM:way/31813159,31813159,,"{""type"":""LineString"",""coordinates"":[[147.3682601,-35.10861],[147.3682192,-35.1085205]]}"
,,OSM-31846608,Jiggi Road,Road Bridge,,,NSW,Northern Rivers,,-28.658857,153.174475,,Local Council (inferred),,Beam Bridge,,,,,,,,49,,,,,,,,,,,,,"OPEN DATA (OpenStreetMap, ODbL). DQ: INCOMPLETE - geometry & identity captured; owner/region/importance INFERRED (verify). Missing: condition, conditionRating, lastInspectionDate, lga, yearBuilt, postingStatus. No engineering/inspection data from open source.",Active,,,,,,1,,,,,,,,,"OpenStreetMap (open data, ODbL)",https://www.openstreetmap.org/way/31846608,OSM:way/31846608,31846608,,"{""type"":""LineString"",""coordinates"":[[153.1744176,-28.6590705],[153.1745329,-28.6586445]]}"
,,OSM-31846628,Jiggi Road,Road Bridge,,,NSW,Northern Rivers,,-28.711453,153.188009,,Local Council (inferred),,Beam Bridge,,,,,,,,29,,,,,,,,,,,,,"OPEN DATA (OpenStreetMap, ODbL). DQ: INCOMPLETE - geometry & identity captured; owner/region/importance INFERRED (verify). Missing: condition, conditionRating, lastInspectionDate, lga, yearBuilt, postingStatus. No engineering/inspection data from open source.",Active,,,,,,1,,,,,,,,,"OpenStreetMap (open data, ODbL)",https://www.openstreetmap.org/way/31846628,OSM:way/31846628,31846628,,"{""type"":""LineString"",""coordinates"":[[153.1880556,-28.7113266],[153.1879628,-28.7115784]]}"
,,OSM-31858963,Pitt Street,Road Bridge,,,NSW,Hunter,,-32.967543,151.601653,,Local Council (inferred),,Beam Bridge,,,,,,,,26,,2,,,,,,,,,,,"OPEN DATA (OpenStreetMap, ODbL). DQ: INCOMPLETE - geometry & identity captured; owner/region/importance INFERRED (verify). Missing: condition, conditionRating, lastInspectionDate, lga, yearBuilt, postingStatus. No engineering/inspection data from open source.",Active,,,,,,1,,,,,,,,,"OpenStreetMap (open data, ODbL)",https://www.openstreetmap.org/way/31858963,OSM:way/31858963,31858963,,"{""type"":""LineString"",""coordinates"":[[151.6017432,-32.9674548],[151.6015635,-32.9676304]]}"
,,OSM-31890743,Patrick Street,Road Bridge,,,NSW,Central West & Orana,,-33.589536,150.257228,,Local Council (inferred),,Beam Bridge,,,,,,,,19,,,,,,,,,,,,,"OPEN DATA (OpenStreetMap, ODbL). DQ: INCOMPLETE - geometry & identity captured; owner/region/importance INFERRED (verify). Missing: condition, conditionRating, lastInspectionDate, lga, yearBuilt, postingStatus. No engineering/inspection data from open source.",Active,,,,,,1,,,,,,,,,"OpenStreetMap (open data, ODbL)",https://www.openstreetmap.org/way/31890743,OSM:way/31890743,31890743,,"{""type"":""LineString"",""coordinates"":[[150.2571508,-33.5895915],[150.2573055,-33.5894807]]}"
,,OSM-31892037,Hartley Vale Road,Road Bridge,,,NSW,Central West & Orana,,-33.532394,150.241784,,Local Council (inferred),,Beam Bridge,,,,,,,,24,,,,,,,,,,,,,"OPEN DATA (OpenStreetMap, ODbL). DQ: INCOMPLETE - geometry & identity captured; owner/region/importance INFERRED (verify). Missing: condition, conditionRating, lastInspectionDate, lga, yearBuilt, postingStatus. No engineering/inspection data from open source.",Active,,,,,,1,,,,,,,,,"OpenStreetMap (open data, ODbL)",https://www.openstreetmap.org/way/31892037,OSM:way/31892037,31892037,,"{""type"":""LineString"",""coordinates"":[[150.2418723,-33.5323132],[150.2416951,-33.5324756]]}"
,,OSM-31892326,Bridge Street,Road Bridge,,,NSW,Central West & Orana,,-33.479531,150.161682,,Local Council (inferred),,Beam Bridge,,,,,,,,28,,,,,,,,,,,,,"OPEN DATA (OpenStreetMap, ODbL). DQ: INCOMPLETE - geometry & identity captured; owner/region/importance INFERRED (verify). Missing: condition, conditionRating, lastInspectionDate, lga, yearBuilt, postingStatus. No engineering/inspection data from open source.",Active,,,,,,1,,,,,,,,,"OpenStreetMap (open data, ODbL)",https://www.openstreetmap.org/way/31892326,OSM:way/31892326,31892326,,"{""type"":""LineString"",""coordinates"":[[150.1616622,-33.4796542],[150.1617013,-33.4794081]]}"
,,A39,Newell Highway,Road Bridge,,A39,NSW,Riverina,,-34.750392,146.549954,,Transport for NSW (inferred),,Beam Bridge,,,,,,,,41,,2,,,,,,,,,,,"OPEN DATA (OpenStreetMap, ODbL). DQ: INCOMPLETE - geometry & identity captured; owner/region/importance INFERRED (verify). Missing: condition, conditionRating, lastInspectionDate, lga, yearBuilt, postingStatus. No engineering/inspection data from open source.",Active,,,,,,4,,,,,,,,,"OpenStreetMap (open data, ODbL)",https://www.openstreetmap.org/way/31935199,OSM:way/31935199,31935199,,"{""type"":""LineString"",""coordinates"":[[146.5499264,-34.7505731],[146.5499815,-34.7502115]]}"
,,OSM-31936563,Kells Lane,Road Bridge,,,NSW,Regional NSW,,-35.332055,148.340081,,Local Council (inferred),,Beam Bridge,,,,,,,,40,,,,,,,,,,,,,"OPEN DATA (OpenStreetMap, ODbL). DQ: INCOMPLETE - geometry & identity captured; owner/region/importance INFERRED (verify). Missing: condition, conditionRating, lastInspectionDate, lga, yearBuilt, postingStatus. No engineering/inspection data from open source.",Active,,,,,,1,,,,,,,,,"OpenStreetMap (open data, ODbL)",https://www.openstreetmap.org/way/31936563,OSM:way/31936563,31936563,,"{""type"":""LineString"",""coordinates"":[[148.3402072,-35.3319089],[148.3399542,-35.3322013]]}"
,,OSM-31950858,Nimbo Road,Road Bridge,,,NSW,Regional NSW,,-35.176494,148.223199,,Local Council (inferred),,Beam Bridge,,,,,,,,20,,,,,,,,,,,,,"OPEN DATA (OpenStreetMap, ODbL). DQ: INCOMPLETE - geometry & identity captured; owner/region/importance INFERRED (verify). Missing: condition, conditionRating, lastInspectionDate, lga, yearBuilt, postingStatus. No engineering/inspection data from open source.",Active,,,,,,1,,,,,,,,,"OpenStreetMap (open data, ODbL)",https://www.openstreetmap.org/way/31950858,OSM:way/31950858,31950858,,"{""type"":""LineString"",""coordinates"":[[148.2233078,-35.1765054],[148.2230905,-35.1764834]]}"
,,OSM-31951410,Gobarralong Road,Road Bridge,,,NSW,Regional NSW,,-34.992929,148.237079,,Local Council (inferred),,Beam Bridge,,,,,,,,102,,,,,,,,,,,,,"OPEN DATA (OpenStreetMap, ODbL). DQ: INCOMPLETE - geometry & identity captured; owner/region/importance INFERRED (verify). Missing: condition, conditionRating, lastInspectionDate, lga, yearBuilt, postingStatus. No engineering/inspection data from open source.",Active,,,,,,1,,,,,,,,,"OpenStreetMap (open data, ODbL)",https://www.openstreetmap.org/way/31951410,OSM:way/31951410,31951410,,"{""type"":""LineString"",""coordinates"":[[148.2373421,-34.9933351],[148.2368155,-34.9925224]]}"
,,OSM-31953228,Wondalga Road,Road Bridge,,,NSW,Regional NSW,,-35.320138,148.066567,,Local Council (inferred),,Beam Bridge,,,,,,,,50,,,,,,,,,,,,,"OPEN DATA (OpenStreetMap, ODbL). DQ: INCOMPLETE - geometry & identity captured; owner/region/importance INFERRED (verify). Missing: condition, conditionRating, lastInspectionDate, lga, yearBuilt, postingStatus. No engineering/inspection data from open source.",Active,,,,,,1,,,,,,,,,"OpenStreetMap (open data, ODbL)",https://www.openstreetmap.org/way/31953228,OSM:way/31953228,31953228,,"{""type"":""LineString"",""coordinates"":[[148.0665332,-35.3199139],[148.0666002,-35.3203611]]}"
,,Main Western Line,Main Western Line,Rail Bridge,,Main Western Line,NSW,Central West & Orana,,-33.473958,150.130395,,Transport Asset Holding Entity (inferred),,Beam Bridge,,,,,,,,14,,,,,,,,,,,,,"OPEN DATA (OpenStreetMap, ODbL). DQ: INCOMPLETE - geometry & identity captured; owner/region/importance INFERRED (verify). Missing: condition, conditionRating, lastInspectionDate, lga, yearBuilt, postingStatus. No engineering/inspection data from open source.",Active,,,,,,4,,,,,,,,,"OpenStreetMap (open data, ODbL)",https://www.openstreetmap.org/way/31957881,OSM:way/31957881,31957881,,"{""type"":""LineString"",""coordinates"":[[150.1303193,-33.4739503],[150.1304708,-33.4739649]]}"
,,OSM-32009881,Broadmeadow Road,Road Bridge,,,NSW,Hunter,,-32.918455,151.733279,,Local Council (inferred),,Beam Bridge,,,,,,,,23,,2,,,,,,,,,,,"OPEN DATA (OpenStreetMap, ODbL). DQ: INCOMPLETE - geometry & identity captured; owner/region/importance INFERRED (verify). Missing: condition, conditionRating, lastInspectionDate, lga, yearBuilt, postingStatus. No engineering/inspection data from open source.",Active,,,,,,1,,,,,,,,,"OpenStreetMap (open data, ODbL)",https://www.openstreetmap.org/way/32009881,OSM:way/32009881,32009881,,"{""type"":""LineString"",""coordinates"":[[151.7333369,-32.918547],[151.7332217,-32.9183632]]}"
,,A15,Griffiths Road,Road Bridge,,A15,NSW,Hunter,,-32.917227,151.735879,,Transport for NSW (inferred),,Beam Bridge,,,,,,,,29,,4,,,,,,,,,,,"OPEN DATA (OpenStreetMap, ODbL). DQ: INCOMPLETE - geometry & identity captured; owner/region/importance INFERRED (verify). Missing: condition, conditionRating, lastInspectionDate, lga, yearBuilt, postingStatus. No engineering/inspection data from open source.",Active,,,,,,4,,,,,,,,,"OpenStreetMap (open data, ODbL)",https://www.openstreetmap.org/way/32009884,OSM:way/32009884,32009884,,"{""type"":""LineString"",""coordinates"":[[151.7356921,-32.9171779],[151.7359585,-32.9172479],[151.7359859,-32.9172551]]}"
,,OSM-32029175,Main Western Line,Rail Bridge,,,NSW,Regional NSW,,-33.708832,150.351863,,Transport Asset Holding Entity (inferred),,Beam Bridge,,,,,,,,55,,,,,,,,,,,,,"OPEN DATA (OpenStreetMap, ODbL). DQ: INCOMPLETE - geometry & identity captured; owner/region/importance INFERRED (verify). Missing: condition, conditionRating, lastInspectionDate, lga, yearBuilt, postingStatus. No engineering/inspection data from open source.",Active,,,,,,4,,,,,,,,,"OpenStreetMap (open data, ODbL)",https://www.openstreetmap.org/way/32029175,OSM:way/32029175,32029175,,"{""type"":""LineString"",""coordinates"":[[150.3515623,-33.708969],[150.3518373,-33.7088404],[150.3519632,-33.7087849],[150.3520873,-33.7087351]]}"
,,M7,Westlink M7 Onramp,Road Bridge,,M7,NSW,Sydney Metropolitan,,-33.951156,150.880864,,Transport for NSW (inferred),,Beam Bridge,,,,,,,,161,,2,,,,,,,,,,,"OPEN DATA (OpenStreetMap, ODbL). DQ: INCOMPLETE - geometry & identity captured; owner/region/importance INFERRED (verify). Missing: condition, conditionRating, lastInspectionDate, lga, yearBuilt, postingStatus. No engineering/inspection data from open source.",Active,,,,,,4,,,,,,,,,"OpenStreetMap (open data, ODbL)",https://www.openstreetmap.org/way/32076729,OSM:way/32076729,32076729,,"{""type"":""LineString"",""coordinates"":[[150.8816997,-33.9512166],[150.8814548,-33.9512188],[150.8812008,-33.9512202],[150.8808737,-33.951192],[150.8805604,-33.9511482],[150.8802725,-33.9510873],[150.8799881,-33.9510081]]}"
,,OSM-32076807,Archbold Road,Road Bridge,,,NSW,Sydney Metropolitan,,-33.791032,150.821982,,Local Council (inferred),,Beam Bridge,,,,,,,,95,,,,,,,,,,,,,"OPEN DATA (OpenStreetMap, ODbL). DQ: INCOMPLETE - geometry & identity captured; owner/region/importance INFERRED (verify). Missing: condition, conditionRating, lastInspectionDate, lga, yearBuilt, postingStatus. No engineering/inspection data from open source.",Active,,,,,,1,,,,,,,,,"OpenStreetMap (open data, ODbL)",https://www.openstreetmap.org/way/32076807,OSM:way/32076807,32076807,,"{""type"":""LineString"",""coordinates"":[[150.8220702,-33.7906094],[150.8218946,-33.7914553]]}"
,,OSM-32123019,Main South Line,Rail Bridge,,,NSW,Riverina,,-35.120111,147.377544,,Transport Asset Holding Entity (inferred),,Beam Bridge,,,,,,,,64,,,,,,,,,,,,,"OPEN DATA (OpenStreetMap, ODbL). DQ: INCOMPLETE - geometry & identity captured; owner/region/importance INFERRED (verify). Missing: condition, conditionRating, lastInspectionDate, lga, yearBuilt, postingStatus. No engineering/inspection data from open source.",Active,,,,,,4,,,,,,,,,"OpenStreetMap (open data, ODbL)",https://www.openstreetmap.org/way/32123019,OSM:way/32123019,32123019,,"{""type"":""LineString"",""coordinates"":[[147.3772564,-35.1202773],[147.3778309,-35.1199456]]}"
,,OSM-32227896,Hampden Avenue,Road Bridge,,,NSW,Riverina,,-35.099762,147.367925,,Local Council (inferred),,Beam Bridge,,,,,,,,110,,2,,,,,,,,,,,"OPEN DATA (OpenStreetMap, ODbL). DQ: INCOMPLETE - geometry & identity captured; owner/region/importance INFERRED (verify). Missing: condition, conditionRating, lastInspectionDate, lga, yearBuilt, postingStatus. No engineering/inspection data from open source.",Active,,,,,,2,,,,,,,,,"OpenStreetMap (open data, ODbL)",https://www.openstreetmap.org/way/32227896,OSM:way/32227896,32227896,,"{""type"":""LineString"",""coordinates"":[[147.368528,-35.0997232],[147.367322,-35.0998009]]}"
,,OSM-32257249,Rogan Bridge Road,Road Bridge,,,NSW,Regional NSW,,-29.620111,152.883854,,Local Council (inferred),,Beam Bridge,,,,,,,,275,,,,,,,,,,,,,"OPEN DATA (OpenStreetMap, ODbL). DQ: INCOMPLETE - geometry & identity captured; owner/region/importance INFERRED (verify). Missing: condition, conditionRating, lastInspectionDate, lga, yearBuilt, postingStatus. No engineering/inspection data from open source.",Active,,,,,,1,,,,,,,,,"OpenStreetMap (open data, ODbL)",https://www.openstreetmap.org/way/32257249,OSM:way/32257249,32257249,,"{""type"":""LineString"",""coordinates"":[[152.8831381,-29.621178],[152.8845696,-29.6190436]]}"
,,OSM-32293291,Wilsons Creek Road,Road Bridge,,,NSW,Northern Rivers,,-28.559266,153.401007,,Local Council (inferred),,Beam Bridge,,,,,,,,14,,,,,,,,,,,,,"OPEN DATA (OpenStreetMap, ODbL). DQ: INCOMPLETE - geometry & identity captured; owner/region/importance INFERRED (verify). Missing: condition, conditionRating, lastInspectionDate, lga, yearBuilt, postingStatus. No engineering/inspection data from open source.",Active,,,,,,1,,,,,,,,,"OpenStreetMap (open data, ODbL)",https://www.openstreetmap.org/way/32293291,OSM:way/32293291,32293291,,"{""type"":""LineString"",""coordinates"":[[153.4010617,-28.5593093],[153.4009518,-28.559222]]}"
,,B53,Lake Road,Road Bridge,,B53,NSW,Hunter,,-32.930463,151.640739,,Transport for NSW (inferred),,Beam Bridge,,,,,,,,24,,,,,,,,,,,,,"OPEN DATA (OpenStreetMap, ODbL). DQ: INCOMPLETE - geometry & identity captured; owner/region/importance INFERRED (verify). Missing: condition, conditionRating, lastInspectionDate, lga, yearBuilt, postingStatus. No engineering/inspection data from open source.",Active,,,,,,3,,,,,,,,,"OpenStreetMap (open data, ODbL)",https://www.openstreetmap.org/way/32311956,OSM:way/32311956,32311956,,"{""type"":""LineString"",""coordinates"":[[151.6406853,-32.9305625],[151.6407935,-32.9303629]]}"
,,OSM-32424355,Harrington Parkway,Road Bridge,,,NSW,Sydney Metropolitan,,-34.027994,150.736763,,Local Council (inferred),,Beam Bridge,,,,,,,,101,,1,,,,,,,,,,,"OPEN DATA (OpenStreetMap, ODbL). DQ: INCOMPLETE - geometry & identity captured; owner/region/importance INFERRED (verify). Missing: condition, conditionRating, lastInspectionDate, lga, yearBuilt, postingStatus. No engineering/inspection data from open source.",Active,,,,,,2,,,,,,,,,"OpenStreetMap (open data, ODbL)",https://www.openstreetmap.org/way/32424355,OSM:way/32424355,32424355,,"{""type"":""LineString"",""coordinates"":[[150.736624,-34.0282761],[150.736679,-34.0281887],[150.7367313,-34.0280812],[150.7370192,-34.0274286]]}"
,,OSM-32460985,The Bridle Track,Road Bridge,,,NSW,Central West & Orana,,-33.215995,149.515002,,Local Council (inferred),,Beam Bridge,,,,,,,,25,,,,,,,,,,,,,"OPEN DATA (OpenStreetMap, ODbL). DQ: INCOMPLETE - geometry & identity captured; owner/region/importance INFERRED (verify). Missing: condition, conditionRating, lastInspectionDate, lga, yearBuilt, postingStatus. No engineering/inspection data from open source.",Active,,,,,,1,,,,,,,,,"OpenStreetMap (open data, ODbL)",https://www.openstreetmap.org/way/32460985,OSM:way/32460985,32460985,,"{""type"":""LineString"",""coordinates"":[[149.5149538,-33.2160996],[149.5150507,-33.2158913]]}"
,,OSM-32461100,The Bridle Track,Road Bridge,,,NSW,Central West & Orana,,-33.187102,149.520589,,Local Council (inferred),,Beam Bridge,,,,,,,,50,,,,,,,,,,,,,"OPEN DATA (OpenStreetMap, ODbL). DQ: INCOMPLETE - geometry & identity captured; owner/region/importance INFERRED (verify). Missing: condition, conditionRating, lastInspectionDate, lga, yearBuilt, postingStatus. No engineering/inspection data from open source.",Active,,,,,,1,,,,,,,,,"OpenStreetMap (open data, ODbL)",https://www.openstreetmap.org/way/32461100,OSM:way/32461100,32461100,,"{""type"":""LineString"",""coordinates"":[[149.5204974,-33.1873159],[149.5206815,-33.1868887]]}"
,,OSM-32461986,The Bridle Track,Road Bridge,,,NSW,Central West & Orana,,-33.145583,149.451353,,Local Council (inferred),,Beam Bridge,,,,,,,,9,,,,,,,,,,,,,"OPEN DATA (OpenStreetMap, ODbL). DQ: INCOMPLETE - geometry & identity captured; owner/region/importance INFERRED (verify). Missing: condition, conditionRating, lastInspectionDate, lga, yearBuilt, postingStatus. No engineering/inspection data from open source.",Active,,,,,,1,,,,,,,,,"OpenStreetMap (open data, ODbL)",https://www.openstreetmap.org/way/32461986,OSM:way/32461986,32461986,,"{""type"":""LineString"",""coordinates"":[[149.4513998,-33.1455709],[149.4513065,-33.1455958]]}"
,,OSM-32478186,Ravenswood Street,Road Bridge,,,NSW,South East & Tablelands,,-36.685979,149.833472,,Local Council (inferred),,Beam Bridge,,,,,,,,46,,,,,,,,,,,,,"OPEN DATA (OpenStreetMap, ODbL). DQ: INCOMPLETE - geometry & identity captured; owner/region/importance INFERRED (verify). Missing: condition, conditionRating, lastInspectionDate, lga, yearBuilt, postingStatus. No engineering/inspection data from open source.",Active,,,,,,1,,,,,,,,,"OpenStreetMap (open data, ODbL)",https://www.openstreetmap.org/way/32478186,OSM:way/32478186,32478186,,"{""type"":""LineString"",""coordinates"":[[149.8334305,-36.6861827],[149.8335144,-36.6857749]]}"
,,OSM-32506698,Whian Road,Road Bridge,,,NSW,Northern Rivers,,-28.667816,153.417326,,Local Council (inferred),,Beam Bridge,,,,,,,,32,,,,,,,,,,,,,"OPEN DATA (OpenStreetMap, ODbL). DQ: INCOMPLETE - geometry & identity captured; owner/region/importance INFERRED (verify). Missing: condition, conditionRating, lastInspectionDate, lga, yearBuilt, postingStatus. No engineering/inspection data from open source.",Active,,,,,,1,,,,,,,,,"OpenStreetMap (open data, ODbL)",https://www.openstreetmap.org/way/32506698,OSM:way/32506698,32506698,,"{""type"":""LineString"",""coordinates"":[[153.4173795,-28.6679496],[153.4172729,-28.6676818]]}"
,,OSM-32554528,O'Connell Plains Road,Road Bridge,,,NSW,Central West & Orana,,-33.539673,149.613948,,Local Council (inferred),,Beam Bridge,,,,,,,,49,,,,,,,,,,,,,"OPEN DATA (OpenStreetMap, ODbL). DQ: INCOMPLETE - geometry & identity captured; owner/region/importance INFERRED (verify). Missing: condition, conditionRating, lastInspectionDate, lga, yearBuilt, postingStatus. No engineering/inspection data from open source.",Active,,,,,,1,,,,,,,,,"OpenStreetMap (open data, ODbL)",https://www.openstreetmap.org/way/32554528,OSM:way/32554528,32554528,,"{""type"":""LineString"",""coordinates"":[[149.6136892,-33.5396358],[149.6142065,-33.5397094]]}"
,,OSM-32743592,Dog Rocks Road,Road Bridge,,,NSW,Central West & Orana,,-33.722849,149.576104,,Local Council (inferred),,Beam Bridge,,,,,,,,38,,1,,,,,,,,,,,"OPEN DATA (OpenStreetMap, ODbL). DQ: INCOMPLETE - geometry & identity captured; owner/region/importance INFERRED (verify). Missing: condition, conditionRating, lastInspectionDate, lga, yearBuilt, postingStatus. No engineering/inspection data from open source.",Active,,,,,,1,,,,,,,,,"OpenStreetMap (open data, ODbL)",https://www.openstreetmap.org/way/32743592,OSM:way/32743592,32743592,,"{""type"":""LineString"",""coordinates"":[[149.5760151,-33.722695],[149.5761922,-33.7230029]]}"
,,OSM-32801244,Gore Cove Track,Pedestrian Bridge,,,NSW,Sydney Metropolitan,,-33.830118,151.191213,,Local Council (inferred),,Beam Bridge,,,,,,,,13,,,,,,,,,,,,,"OPEN DATA (OpenStreetMap, ODbL). DQ: INCOMPLETE - geometry & identity captured; owner/region/importance INFERRED (verify). Missing: condition, conditionRating, lastInspectionDate, lga, yearBuilt, postingStatus. No engineering/inspection data from open source.",Active,,,,,,1,,,,,,,,,"OpenStreetMap (open data, ODbL)",https://www.openstreetmap.org/way/32801244,OSM:way/32801244,32801244,,"{""type"":""LineString"",""coordinates"":[[151.1912764,-33.8301435],[151.1911505,-33.8300929]]}"
,,OSM-32801246,Gore Cove Track,Pedestrian Bridge,,,NSW,Sydney Metropolitan,,-33.833513,151.189094,,Local Council (inferred),,Beam Bridge,,,,,,,,10,,,,,,,,,,,,,"OPEN DATA (OpenStreetMap, ODbL). DQ: INCOMPLETE - geometry & identity captured; owner/region/importance INFERRED (verify). Missing: condition, conditionRating, lastInspectionDate, lga, yearBuilt, postingStatus. No engineering/inspection data from open source.",Active,,,,,,1,,,,,,,,,"OpenStreetMap (open data, ODbL)",https://www.openstreetmap.org/way/32801246,OSM:way/32801246,32801246,,"{""type"":""LineString"",""coordinates"":[[151.1890475,-33.8334864],[151.1891395,-33.8335397]]}"
,,OSM-32803093,Brooklyn Road,Road Bridge,,,NSW,Central Coast,,-33.547773,151.22361,,Local Council (inferred),,Beam Bridge,,,,,,,,65,,2,,,,,,,,,,,"OPEN DATA (OpenStreetMap, ODbL). DQ: INCOMPLETE - geometry & identity captured; owner/region/importance INFERRED (verify). Missing: condition, conditionRating, lastInspectionDate, lga, yearBuilt, postingStatus. No engineering/inspection data from open source.",Active,,,,,,1,,,,,,,,,"OpenStreetMap (open data, ODbL)",https://www.openstreetmap.org/way/32803093,OSM:way/32803093,32803093,,"{""type"":""LineString"",""coordinates"":[[151.2233064,-33.547625],[151.2239129,-33.5479219]]}"
,,OSM-32871090,Rivulet Road,Road Bridge,,,NSW,Central West & Orana,,-33.290267,149.61461,,Local Council (inferred),,Beam Bridge,,,,,,,,25,,,,,,,,,,,,,"OPEN DATA (OpenStreetMap, ODbL). DQ: INCOMPLETE - geometry & identity captured; owner/region/importance INFERRED (verify). Missing: condition, conditionRating, lastInspectionDate, lga, yearBuilt, postingStatus. No engineering/inspection data from open source.",Active,,,,,,1,,,,,,,,,"OpenStreetMap (open data, ODbL)",https://www.openstreetmap.org/way/32871090,OSM:way/32871090,32871090,,"{""type"":""LineString"",""coordinates"":[[149.6145089,-33.2903388],[149.6147105,-33.2901962]]}"
,,3,Sofala Road,Road Bridge,,3,NSW,Central West & Orana,,-33.308526,149.641644,,Transport for NSW (inferred),,Beam Bridge,,,,,,,,26,,2,,,,,,,,,,,"OPEN DATA (OpenStreetMap, ODbL). DQ: INCOMPLETE - geometry & identity captured; owner/region/importance INFERRED (verify). Missing: condition, conditionRating, lastInspectionDate, lga, yearBuilt, postingStatus. No engineering/inspection data from open source.",Active,,,,,,2,,,,,,,,,"OpenStreetMap (open data, ODbL)",https://www.openstreetmap.org/way/32871229,OSM:way/32871229,32871229,,"{""type"":""LineString"",""coordinates"":[[149.6416629,-33.3086415],[149.6416259,-33.3084102]]}"
,,OSM-32871247,Church Street,Road Bridge,,,NSW,Central West & Orana,,-33.305828,149.632295,,Local Council (inferred),,Beam Bridge,,,,,,,,44,,,,,,,,,,,,,"OPEN DATA (OpenStreetMap, ODbL). DQ: INCOMPLETE - geometry & identity captured; owner/region/importance INFERRED (verify). Missing: condition, conditionRating, lastInspectionDate, lga, yearBuilt, postingStatus. No engineering/inspection data from open source.",Active,,,,,,1,,,,,,,,,"OpenStreetMap (open data, ODbL)",https://www.openstreetmap.org/way/32871247,OSM:way/32871247,32871247,,"{""type"":""LineString"",""coordinates"":[[149.6323394,-33.3056352],[149.6322512,-33.306021]]}"
,,OSM-32895079,M5 Cycleway,Shared Path Bridge,,,NSW,Sydney Metropolitan,,-33.938069,151.10277,,Local Council (inferred),,Beam Bridge,,,,,,,,16,,,,,,,,,,,,,"OPEN DATA (OpenStreetMap, ODbL). DQ: INCOMPLETE - geometry & identity captured; owner/region/importance INFERRED (verify). Missing: condition, conditionRating, lastInspectionDate, lga, yearBuilt, postingStatus. No engineering/inspection data from open source.",Active,,,,,,1,,,,,,,,,"OpenStreetMap (open data, ODbL)",https://www.openstreetmap.org/way/32895079,OSM:way/32895079,32895079,,"{""type"":""LineString"",""coordinates"":[[151.1027414,-33.9380016],[151.1027977,-33.9381366]]}"
,,B63,Nelson Bay Road,Road Bridge,,B63,NSW,Hunter,,-32.843696,151.835229,,Transport for NSW (inferred),,Beam Bridge,,,,,,,,62,,2,,,,,,,,,,,"OPEN DATA (OpenStreetMap, ODbL). DQ: INCOMPLETE - geometry & identity captured; owner/region/importance INFERRED (verify). Missing: condition, conditionRating, lastInspectionDate, lga, yearBuilt, postingStatus. No engineering/inspection data from open source.",Active,,,,,,3,,,,,,,,,"OpenStreetMap (open data, ODbL)",https://www.openstreetmap.org/way/32944887,OSM:way/32944887,32944887,,"{""type"":""LineString"",""coordinates"":[[151.8349758,-32.8438781],[151.8354827,-32.8435141]]}"
,,OSM-33069744,Repentance Creek Road,Road Bridge,,,NSW,Northern Rivers,,-28.627524,153.434399,,Local Council (inferred),,Beam Bridge,,,,,,,,22,,1,,,,,,,,,,,"OPEN DATA (OpenStreetMap, ODbL). DQ: INCOMPLETE - geometry & identity captured; owner/region/importance INFERRED (verify). Missing: condition, conditionRating, lastInspectionDate, lga, yearBuilt, postingStatus. No engineering/inspection data from open source.",Active,,,,,,1,,,,,,,,,"OpenStreetMap (open data, ODbL)",https://www.openstreetmap.org/way/33069744,OSM:way/33069744,33069744,,"{""type"":""LineString"",""coordinates"":[[153.4343046,-28.6274657],[153.434493,-28.6275821]]}"
,,OSM-33069745,Repentance Creek Road,Road Bridge,,,NSW,Northern Rivers,,-28.640219,153.41319,,Local Council (inferred),,Beam Bridge,,,,,,,,54,,,,,,,,,,,,,"OPEN DATA (OpenStreetMap, ODbL). DQ: INCOMPLETE - geometry & identity captured; owner/region/importance INFERRED (verify). Missing: condition, conditionRating, lastInspectionDate, lga, yearBuilt, postingStatus. No engineering/inspection data from open source.",Active,,,,,,1,,,,,,,,,"OpenStreetMap (open data, ODbL)",https://www.openstreetmap.org/way/33069745,OSM:way/33069745,33069745,,"{""type"":""LineString"",""coordinates"":[[153.4131557,-28.6404612],[153.4132241,-28.6399763]]}"
,,OSM-33070822,Limekilns Road,Road Bridge,,,NSW,Central West & Orana,,-33.369457,149.663899,,Local Council (inferred),,Beam Bridge,,,,,,,,29,,,,,,,,,,,,,"OPEN DATA (OpenStreetMap, ODbL). DQ: INCOMPLETE - geometry & identity captured; owner/region/importance INFERRED (verify). Missing: condition, conditionRating, lastInspectionDate, lga, yearBuilt, postingStatus. No engineering/inspection data from open source.",Active,,,,,,1,,,,,,,,,"OpenStreetMap (open data, ODbL)",https://www.openstreetmap.org/way/33070822,OSM:way/33070822,33070822,,"{""type"":""LineString"",""coordinates"":[[149.663983,-33.3693475],[149.6638159,-33.3695669]]}"
,,OSM-33113052,Spring Grove Road,Road Bridge,,,NSW,Northern Rivers,,-28.833833,153.17736,,Local Council (inferred),,Beam Bridge,,,,,,,,26,,,,,,,,,,,,,"OPEN DATA (OpenStreetMap, ODbL). DQ: INCOMPLETE - geometry & identity captured; owner/region/importance INFERRED (verify). Missing: condition, conditionRating, lastInspectionDate, lga, yearBuilt, postingStatus. No engineering/inspection data from open source.",Active,,,,,,1,,,,,,,,,"OpenStreetMap (open data, ODbL)",https://www.openstreetmap.org/way/33113052,OSM:way/33113052,33113052,,"{""type"":""LineString"",""coordinates"":[[153.177462,-28.8337572],[153.1772589,-28.8339081]]}"
,,OSM-33113055,Spring Grove Road,Road Bridge,,,NSW,Northern Rivers,,-28.836538,153.176116,,Local Council (inferred),,Beam Bridge,,,,,,,,12,,2,,,,,,,,,,,"OPEN DATA (OpenStreetMap, ODbL). DQ: INCOMPLETE - geometry & identity captured; owner/region/importance INFERRED (verify). Missing: condition, conditionRating, lastInspectionDate, lga, yearBuilt, postingStatus. No engineering/inspection data from open source.",Active,,,,,,2,,,,,,,,,"OpenStreetMap (open data, ODbL)",https://www.openstreetmap.org/way/33113055,OSM:way/33113055,33113055,,"{""type"":""LineString"",""coordinates"":[[153.1761266,-28.8364858],[153.176105,-28.8365901]]}"
,,OSM-33113059,Spring Grove Road,Road Bridge,,,NSW,Northern Rivers,,-28.836097,153.111421,,Local Council (inferred),,Beam Bridge,,,,,,,,34,,2,,,,,,,,,,,"OPEN DATA (OpenStreetMap, ODbL). DQ: INCOMPLETE - geometry & identity captured; owner/region/importance INFERRED (verify). Missing: condition, conditionRating, lastInspectionDate, lga, yearBuilt, postingStatus. No engineering/inspection data from open source.",Active,,,,,,2,,,,,,,,,"OpenStreetMap (open data, ODbL)",https://www.openstreetmap.org/way/33113059,OSM:way/33113059,33113059,,"{""type"":""LineString"",""coordinates"":[[153.1115925,-28.8361159],[153.1112493,-28.8360788]]}"
,,OSM-33113060,Spring Grove Road,Road Bridge,,,NSW,Northern Rivers,,-28.846361,153.075974,,Local Council (inferred),,Beam Bridge,,,,,,,,19,,2,,,,,,,,,,,"OPEN DATA (OpenStreetMap, ODbL). DQ: INCOMPLETE - geometry & identity captured; owner/region/importance INFERRED (verify). Missing: condition, conditionRating, lastInspectionDate, lga, yearBuilt, postingStatus. No engineering/inspection data from open source.",Active,,,,,,2,,,,,,,,,"OpenStreetMap (open data, ODbL)",https://www.openstreetmap.org/way/33113060,OSM:way/33113060,33113060,,"{""type"":""LineString"",""coordinates"":[[153.0760516,-28.8463095],[153.0758967,-28.8464128]]}"
,,A15,Thomas Street,Road Bridge,,A15,NSW,Hunter,,-32.907319,151.666203,,Transport for NSW (inferred),,Beam Bridge,,,,,,,,42,,3,,,,,,,,,,,"OPEN DATA (OpenStreetMap, ODbL). DQ: INCOMPLETE - geometry & identity captured; owner/region/importance INFERRED (verify). Missing: condition, conditionRating, lastInspectionDate, lga, yearBuilt, postingStatus. No engineering/inspection data from open source.",Active,,,,,,4,,,,,,,,,"OpenStreetMap (open data, ODbL)",https://www.openstreetmap.org/way/33233160,OSM:way/33233160,33233160,,"{""type"":""LineString"",""coordinates"":[[151.6659824,-32.9073515],[151.666423,-32.9072856]]}"
,,19,Gostwyck Road,Road Bridge,,19,NSW,New England & North West,,-30.695646,151.586117,,Transport for NSW (inferred),,Beam Bridge,1938,,,,,,,63,,1,,,,,,,,,,,"OPEN DATA (OpenStreetMap, ODbL). DQ: PARTIAL - geometry & identity captured; owner/region/importance INFERRED (verify). Missing: condition, conditionRating, lastInspectionDate, lga, postingStatus. No engineering/inspection data from open source.",Active,,,,,,1,,,,,,,,,"OpenStreetMap (open data, ODbL)",https://www.openstreetmap.org/way/33300949,OSM:way/33300949,33300949,,"{""type"":""LineString"",""coordinates"":[[151.5864329,-30.6957335],[151.5858011,-30.6955592]]}"
,,OSM-33434942,Ophir Goldfields Walking Track No. 1,Pedestrian Bridge,,,NSW,Central West & Orana,,-33.174035,149.243071,,Local Council (inferred),,Beam Bridge,,,,,,,,12,,,,,,,,,,,,,"OPEN DATA (OpenStreetMap, ODbL). DQ: INCOMPLETE - geometry & identity captured; owner/region/importance INFERRED (verify). Missing: condition, conditionRating, lastInspectionDate, lga, yearBuilt, postingStatus. No engineering/inspection data from open source.",Active,,,,,,1,,,,,,,,,"OpenStreetMap (open data, ODbL)",https://www.openstreetmap.org/way/33434942,OSM:way/33434942,33434942,,"{""type"":""LineString"",""coordinates"":[[149.2431144,-33.1739952],[149.2430286,-33.1740743]]}"
,,B56,Oxley Highway,Road Bridge,,B56,NSW,New England & North West,,-31.099799,150.903883,,Transport for NSW (inferred),,Beam Bridge,,,,,,,,24,,2,,,,,,,,,,,"OPEN DATA (OpenStreetMap, ODbL). DQ: INCOMPLETE - geometry & identity captured; owner/region/importance INFERRED (verify). Missing: condition, conditionRating, lastInspectionDate, lga, yearBuilt, postingStatus. No engineering/inspection data from open source.",Active,,,,,,3,,,,,,,,,"OpenStreetMap (open data, ODbL)",https://www.openstreetmap.org/way/33550673,OSM:way/33550673,33550673,,"{""type"":""LineString"",""coordinates"":[[150.9037573,-31.0997785],[150.9040083,-31.0998188]]}"
,,A15,Scott Road,Road Bridge,,A15,NSW,New England & North West,,-31.098772,150.935438,,Transport for NSW (inferred),,Beam Bridge,,,,,,,,78,,2,,,,,,,,,,,"OPEN DATA (OpenStreetMap, ODbL). DQ: INCOMPLETE - geometry & identity captured; owner/region/importance INFERRED (verify). Missing: condition, conditionRating, lastInspectionDate, lga, yearBuilt, postingStatus. No engineering/inspection data from open source.",Active,,,,,,4,,,,,,,,,"OpenStreetMap (open data, ODbL)",https://www.openstreetmap.org/way/33606647,OSM:way/33606647,33606647,,"{""type"":""LineString"",""coordinates"":[[150.9357589,-31.0985518],[150.9351162,-31.0989928]]}"
,,OSM-33726040,Mount Browne Road,Road Bridge,,,NSW,Regional NSW,,-30.275061,153.046093,,Local Council (inferred),,Beam Bridge,,,,,,,,21,,,,,,,,,,,,,"OPEN DATA (OpenStreetMap, ODbL). DQ: INCOMPLETE - geometry & identity captured; owner/region/importance INFERRED (verify). Missing: condition, conditionRating, lastInspectionDate, lga, yearBuilt, postingStatus. No engineering/inspection data from open source.",Active,,,,,,1,,,,,,,,,"OpenStreetMap (open data, ODbL)",https://www.openstreetmap.org/way/33726040,OSM:way/33726040,33726040,,"{""type"":""LineString"",""coordinates"":[[153.0461996,-30.2750522],[153.045986,-30.2750701]]}"
,,OSM-33727283,Glenreagh - Dorrigo Railway Line,Rail Bridge,,,NSW,Regional NSW,,-30.288602,152.760652,,Transport Asset Holding Entity (inferred),,Beam Bridge,,,,,,,,45,,,,,,,,,,,,,"OPEN DATA (OpenStreetMap, ODbL). DQ: INCOMPLETE - geometry & identity captured; owner/region/importance INFERRED (verify). Missing: condition, conditionRating, lastInspectionDate, lga, yearBuilt, postingStatus. No engineering/inspection data from open source.",Active,,,,,,4,,,,,,,,,"OpenStreetMap (open data, ODbL)",https://www.openstreetmap.org/way/33727283,OSM:way/33727283,33727283,,"{""type"":""LineString"",""coordinates"":[[152.7606174,-30.2888022],[152.7606861,-30.288402]]}"
,,OSM-33859896,Skywalk,Pedestrian Bridge,,,NSW,Mid North Coast,,-30.363662,152.729471,,Local Council (inferred),,Boardwalk,,,,,,,,68,,,,,,,,,,,,,"OPEN DATA (OpenStreetMap, ODbL). DQ: INCOMPLETE - geometry & identity captured; owner/region/importance INFERRED (verify). Missing: condition, conditionRating, lastInspectionDate, lga, yearBuilt, postingStatus. No engineering/inspection data from open source.",Active,,,,,,1,,,,,,,,,"OpenStreetMap (open data, ODbL)",https://www.openstreetmap.org/way/33859896,OSM:way/33859896,33859896,,"{""type"":""LineString"",""coordinates"":[[152.7291278,-30.3637287],[152.7298145,-30.3635954]]}"
,,OSM-34413981,Cooerwull Road,Road Bridge,,,NSW,Central West & Orana,,-33.470046,150.126136,,Local Council (inferred),,Beam Bridge,,,,,,,,28,,,,,,Restricted,,,,,,,"OPEN DATA (OpenStreetMap, ODbL). DQ: PARTIAL - geometry & identity captured; owner/region/importance INFERRED (verify). Missing: condition, conditionRating, lastInspectionDate, lga, yearBuilt. No engineering/inspection data from open source. HV: load limit 5t (posted, open data; NHVR gazettal/route approval NOT verified).",Active,,,,5,,1,,,,,,,,,"OpenStreetMap (open data, ODbL)",https://www.openstreetmap.org/way/34413981,OSM:way/34413981,34413981,,"{""type"":""LineString"",""coordinates"":[[150.1260032,-33.4699841],[150.1262695,-33.4701085]]}"
,,OSM-34414946,Albert Street,Road Bridge,,,NSW,Central West & Orana,,-33.479768,150.148882,,Local Council (inferred),,Beam Bridge,,,,,,,,37,,,,,,,,,,,,,"OPEN DATA (OpenStreetMap, ODbL). DQ: INCOMPLETE - geometry & identity captured; owner/region/importance INFERRED (verify). Missing: condition, conditionRating, lastInspectionDate, lga, yearBuilt, postingStatus. No engineering/inspection data from open source.",Active,,,,,,1,,,,,,,,,"OpenStreetMap (open data, ODbL)",https://www.openstreetmap.org/way/34414946,OSM:way/34414946,34414946,,"{""type"":""LineString"",""coordinates"":[[150.1489432,-33.4799284],[150.1488207,-33.4796081]]}"
,,OSM-34544614,Valla Beach Road,Road Bridge,,,NSW,Mid North Coast,,-30.590497,153.00111,,Local Council (inferred),,Beam Bridge,,,,,,,,37,,2,,,,,,,,,,,"OPEN DATA (OpenStreetMap, ODbL). DQ: INCOMPLETE - geometry & identity captured; owner/region/importance INFERRED (verify). Missing: condition, conditionRating, lastInspectionDate, lga, yearBuilt, postingStatus. No engineering/inspection data from open source.",Active,,,,,,1,,,,,,,,,"OpenStreetMap (open data, ODbL)",https://www.openstreetmap.org/way/34544614,OSM:way/34544614,34544614,,"{""type"":""LineString"",""coordinates"":[[153.000936,-30.5904227],[153.0012833,-30.5905708]]}"
,,OSM-34554856,Arthur Street,Road Bridge,,,NSW,Sydney Metropolitan,,-33.839209,151.210113,,Local Council (inferred),,Beam Bridge,,,,,,,,17,,2,,,,,,,,,,,"OPEN DATA (OpenStreetMap, ODbL). DQ: INCOMPLETE - geometry & identity captured; owner/region/importance INFERRED (verify). Missing: condition, conditionRating, lastInspectionDate, lga, yearBuilt, postingStatus. No engineering/inspection data from open source.",Active,,,,,,3,,,,,,,,,"OpenStreetMap (open data, ODbL)",https://www.openstreetmap.org/way/34554856,OSM:way/34554856,34554856,,"{""type"":""LineString"",""coordinates"":[[151.2100707,-33.8391629],[151.2100797,-33.8391796],[151.2100881,-33.8391914],[151.2100976,-33.8392021],[151.2101145,-33.8392194],[151.2101415,-33.8392404],[151.2102007,-33.8392706]]}"
,,OSM-34626566,Megalong Road,Road Bridge,,,NSW,Central West & Orana,,-33.732203,150.235366,,Local Council (inferred),,Beam Bridge,,,,,,,,30,,1,,,,,,,,,,,"OPEN DATA (OpenStreetMap, ODbL). DQ: INCOMPLETE - geometry & identity captured; owner/region/importance INFERRED (verify). Missing: condition, conditionRating, lastInspectionDate, lga, yearBuilt, postingStatus. No engineering/inspection data from open source.",Active,,,,,,1,,,,,,,,,"OpenStreetMap (open data, ODbL)",https://www.openstreetmap.org/way/34626566,OSM:way/34626566,34626566,,"{""type"":""LineString"",""coordinates"":[[150.2352103,-33.7321595],[150.2353701,-33.7322045],[150.2355168,-33.7322447]]}"
,,8,Manning River Drive,Road Bridge,,8,NSW,Regional NSW,,-31.918048,152.459561,,Transport for NSW (inferred),,Beam Bridge,,,,,,,,479,,2,,,,,,,,,,,"OPEN DATA (OpenStreetMap, ODbL). DQ: INCOMPLETE - geometry & identity captured; owner/region/importance INFERRED (verify). Missing: condition, conditionRating, lastInspectionDate, lga, yearBuilt, postingStatus. No engineering/inspection data from open source.",Active,,,,,,2,,,,,,,,,"OpenStreetMap (open data, ODbL)",https://www.openstreetmap.org/way/34685085,OSM:way/34685085,34685085,,"{""type"":""LineString"",""coordinates"":[[152.4580995,-31.9162848],[152.4610218,-31.9198111]]}"
,,8,Wynter Street,Road Bridge,,8,NSW,Mid North Coast,,-31.867451,152.376319,,Transport for NSW (inferred),,Beam Bridge,,,,,,,,76,,,,,,,,,,,,,"OPEN DATA (OpenStreetMap, ODbL). DQ: INCOMPLETE - geometry & identity captured; owner/region/importance INFERRED (verify). Missing: condition, conditionRating, lastInspectionDate, lga, yearBuilt, postingStatus. No engineering/inspection data from open source.",Active,,,,,,2,,,,,,,,,"OpenStreetMap (open data, ODbL)",https://www.openstreetmap.org/way/34733171,OSM:way/34733171,34733171,,"{""type"":""LineString"",""coordinates"":[[152.3763683,-31.8670447],[152.3763033,-31.8675796],[152.3762854,-31.8677274]]}"
,,OSM-34734137,Graham Allen Nature Walk,Pedestrian Bridge,,,NSW,Mid North Coast,,-31.870483,152.380686,,Local Council (inferred),,Boardwalk,,,,,,,,441,,,,,,,,,,,,,"OPEN DATA (OpenStreetMap, ODbL). DQ: INCOMPLETE - geometry & identity captured; owner/region/importance INFERRED (verify). Missing: condition, conditionRating, lastInspectionDate, lga, yearBuilt, postingStatus. No engineering/inspection data from open source.",Active,,,,,,1,,,,,,,,,"OpenStreetMap (open data, ODbL)",https://www.openstreetmap.org/way/34734137,OSM:way/34734137,34734137,,"{""type"":""LineString"",""coordinates"":[[152.3787659,-31.871265],[152.37889,-31.8709872],[152.378993,-31.870906],[152.379104,-31.8708531],[152.3791956,-31.8708053],[152.3793862,-31.8707569],[152.3795341,-31.8707464],[152.3797998,-31.8707277],[152.3800916,-31.8706913],[152.380332,-31.8706082],[152.3805036,-31.8705353],[152.3805551,-31.8704624],[152.38061,-31.8704549],[152.3807149,-31.8704575],[152.3808607,-31.8704744],[152.3809513,-31.870433],[152.3810497,-31.8703502],[152.3812588,-31.8700533],[152.3815817,-31.8700393],[152.381834,-31.8700688],[152.3820168,-31.8701105],[152.3822525,-31.8701055],[152.38242,-31.8700813],[152.3824478,-31.8701042],[152.3824209,-31.8701618],[152.382255,-31.8703109]]}"
,,OSM-34734183,Regenerators Walk,Pedestrian Bridge,,,NSW,Mid North Coast,,-31.870473,152.378731,,Local Council (inferred),,Boardwalk,,,,,,,,142,,,,,,,,,,,,,"OPEN DATA (OpenStreetMap, ODbL). DQ: INCOMPLETE - geometry & identity captured; owner/region/importance INFERRED (verify). Missing: condition, conditionRating, lastInspectionDate, lga, yearBuilt, postingStatus. No engineering/inspection data from open source.",Active,,,,,,1,,,,,,,,,"OpenStreetMap (open data, ODbL)",https://www.openstreetmap.org/way/34734183,OSM:way/34734183,34734183,,"{""type"":""LineString"",""coordinates"":[[152.3785626,-31.8699497],[152.3787613,-31.8700979],[152.3788213,-31.8702802],[152.3787784,-31.8704186],[152.3786068,-31.8705134],[152.3786668,-31.8707248],[152.3787613,-31.8708123],[152.37889,-31.8709872]]}"
,,OSM-34734488,Flying Fox Circuit,Pedestrian Bridge,,,NSW,Mid North Coast,,-31.869316,152.381399,,Local Council (inferred),,Boardwalk,,,,,,,,136,,,,,,,,,,,,,"OPEN DATA (OpenStreetMap, ODbL). DQ: INCOMPLETE - geometry & identity captured; owner/region/importance INFERRED (verify). Missing: condition, conditionRating, lastInspectionDate, lga, yearBuilt, postingStatus. No engineering/inspection data from open source.",Active,,,,,,1,,,,,,,,,"OpenStreetMap (open data, ODbL)",https://www.openstreetmap.org/way/34734488,OSM:way/34734488,34734488,,"{""type"":""LineString"",""coordinates"":[[152.3808697,-31.8696339],[152.3809499,-31.8694565],[152.3810438,-31.8694014],[152.3812022,-31.8693718],[152.3812775,-31.8693469],[152.3813396,-31.8692614],[152.3814231,-31.8692137],[152.3815923,-31.8691353],[152.3816978,-31.8691505],[152.3817398,-31.8692057],[152.3817442,-31.8692786],[152.3819109,-31.869332]]}"
,,OSM-34744304,Manning River Drive,Road Bridge,,,NSW,Mid North Coast,,-31.894369,152.504101,,Local Council (inferred),,Beam Bridge,,,,5.2,,,,110,,2,,,,Restricted,,,,,,,"OPEN DATA (OpenStreetMap, ODbL). DQ: PARTIAL - geometry & identity captured; owner/region/importance INFERRED (verify). Missing: condition, conditionRating, lastInspectionDate, lga, yearBuilt. No engineering/inspection data from open source. HV: clearance 5.2m (posted, open data; NHVR gazettal/route approval NOT verified).",Active,,,,,,2,,,,,,,,,"OpenStreetMap (open data, ODbL)",https://www.openstreetmap.org/way/34744304,OSM:way/34744304,34744304,,"{""type"":""LineString"",""coordinates"":[[152.5046537,-31.8942155],[152.5035493,-31.8945229]]}"
,,A1,Pacific Highway,Road Bridge,,A1,NSW,Mid North Coast,,-31.659254,152.732196,,Transport for NSW (inferred),,Beam Bridge,2013,,,,,,,170,,2,,,,,,,,,,,"OPEN DATA (OpenStreetMap, ODbL). DQ: PARTIAL - geometry & identity captured; owner/region/importance INFERRED (verify). Missing: condition, conditionRating, lastInspectionDate, lga, postingStatus. No engineering/inspection data from open source.",Active,,,,,,4,,,,,,,,,"OpenStreetMap (open data, ODbL)",https://www.openstreetmap.org/way/34744560,OSM:way/34744560,34744560,,"{""type"":""LineString"",""coordinates"":[[152.7318919,-31.6585156],[152.732194,-31.6592968],[152.7325025,-31.6599485]]}"
,,OSM-34746052,Reid Street,Road Bridge,,,NSW,Mid North Coast,,-31.656898,152.80003,,Local Council (inferred),,Beam Bridge,,,,,,,,198,,2,,,,,,,,,,,"OPEN DATA (OpenStreetMap, ODbL). DQ: INCOMPLETE - geometry & identity captured; owner/region/importance INFERRED (verify). Missing: condition, conditionRating, lastInspectionDate, lga, yearBuilt, postingStatus. No engineering/inspection data from open source.",Active,,,,,,2,,,,,,,,,"OpenStreetMap (open data, ODbL)",https://www.openstreetmap.org/way/34746052,OSM:way/34746052,34746052,,"{""type"":""LineString"",""coordinates"":[[152.7990249,-31.6571473],[152.8010344,-31.6566495]]}"
,,OSM-34837952,Smithtown Road,Road Bridge,,,NSW,Mid North Coast,,-31.015943,152.948369,,Local Council (inferred),,Beam Bridge,,,,,,,,343,,2,,,,,,,,,,,"OPEN DATA (OpenStreetMap, ODbL). DQ: INCOMPLETE - geometry & identity captured; owner/region/importance INFERRED (verify). Missing: condition, conditionRating, lastInspectionDate, lga, yearBuilt, postingStatus. No engineering/inspection data from open source.",Active,,,,,,2,,,,,,,,,"OpenStreetMap (open data, ODbL)",https://www.openstreetmap.org/way/34837952,OSM:way/34837952,34837952,,"{""type"":""LineString"",""coordinates"":[[152.9466037,-31.0156455],[152.9501347,-31.0162411]]}"
,,32;34;42,Alma Street,Road Bridge,,32;34;42,NSW,Northern Rivers,,-28.328339,153.39977,,Transport for NSW (inferred),,Beam Bridge,,,,,,,,163,,2,,,,,,,,,,,"OPEN DATA (OpenStreetMap, ODbL). DQ: INCOMPLETE - geometry & identity captured; owner/region/importance INFERRED (verify). Missing: condition, conditionRating, lastInspectionDate, lga, yearBuilt, postingStatus. No engineering/inspection data from open source.",Active,,,,,,2,,,,,,,,,"OpenStreetMap (open data, ODbL)",https://www.openstreetmap.org/way/34848712,OSM:way/34848712,34848712,,"{""type"":""LineString"",""coordinates"":[[153.4005282,-28.3286419],[153.3990127,-28.3280371]]}"
,,34;42,Queensland Road,Road Bridge,,34;42,NSW,Northern Rivers,,-28.314471,153.389489,,Transport for NSW (inferred),,Beam Bridge,,,,,,,,57,,,,,,,,,,,,,"OPEN DATA (OpenStreetMap, ODbL). DQ: INCOMPLETE - geometry & identity captured; owner/region/importance INFERRED (verify). Missing: condition, conditionRating, lastInspectionDate, lga, yearBuilt, postingStatus. No engineering/inspection data from open source.",Active,,,,,,2,,,,,,,,,"OpenStreetMap (open data, ODbL)",https://www.openstreetmap.org/way/34848718,OSM:way/34848718,34848718,,"{""type"":""LineString"",""coordinates"":[[153.3897025,-28.3146418],[153.3892754,-28.3142993]]}"
,,OSM-34848745,Cane Road,Road Bridge,,,NSW,Northern Rivers,,-28.315231,153.43275,,Local Council (inferred),,Beam Bridge,,,,,,,,122,,,,,,,,,,,,,"OPEN DATA (OpenStreetMap, ODbL). DQ: INCOMPLETE - geometry & identity captured; owner/region/importance INFERRED (verify). Missing: condition, conditionRating, lastInspectionDate, lga, yearBuilt, postingStatus. No engineering/inspection data from open source.",Active,,,,,,1,,,,,,,,,"OpenStreetMap (open data, ODbL)",https://www.openstreetmap.org/way/34848745,OSM:way/34848745,34848745,,"{""type"":""LineString"",""coordinates"":[[153.4333117,-28.3154689],[153.4321891,-28.314994]]}"
,,14,Giinagay Way,Road Bridge,,14,NSW,Mid North Coast,,-30.742106,152.91879,,Transport for NSW (inferred),,Beam Bridge,,,,,,,,220,,2,,,,,,,,,,,"OPEN DATA (OpenStreetMap, ODbL). DQ: INCOMPLETE - geometry & identity captured; owner/region/importance INFERRED (verify). Missing: condition, conditionRating, lastInspectionDate, lga, yearBuilt, postingStatus. No engineering/inspection data from open source.",Active,,,,,,2,,,,,,,,,"OpenStreetMap (open data, ODbL)",https://www.openstreetmap.org/way/34866019,OSM:way/34866019,34866019,,"{""type"":""LineString"",""coordinates"":[[152.9181332,-30.7429158],[152.919447,-30.7412954]]}"
,,OSM-34867471,Old Coast Road,Road Bridge,,,NSW,Mid North Coast,,-30.638685,152.97756,,Local Council (inferred),,Beam Bridge,,,,,,,,28,,2,,,,,,,,,,,"OPEN DATA (OpenStreetMap, ODbL). DQ: INCOMPLETE - geometry & identity captured; owner/region/importance INFERRED (verify). Missing: condition, conditionRating, lastInspectionDate, lga, yearBuilt, postingStatus. No engineering/inspection data from open source.",Active,,,,,,1,,,,,,,,,"OpenStreetMap (open data, ODbL)",https://www.openstreetmap.org/way/34867471,OSM:way/34867471,34867471,,"{""type"":""LineString"",""coordinates"":[[152.9776786,-30.6386076],[152.9774423,-30.6387633]]}"
,,12,Plummers Lane,Road Bridge,,12,NSW,Mid North Coast,,-30.924751,153.032741,,Transport for NSW (inferred),,Beam Bridge,,,,,,,,265,,2,,,,,,,,,,,"OPEN DATA (OpenStreetMap, ODbL). DQ: INCOMPLETE - geometry & identity captured; owner/region/importance INFERRED (verify). Missing: condition, conditionRating, lastInspectionDate, lga, yearBuilt, postingStatus. No engineering/inspection data from open source.",Active,,,,,,2,,,,,,,,,"OpenStreetMap (open data, ODbL)",https://www.openstreetmap.org/way/34876346,OSM:way/34876346,34876346,,"{""type"":""LineString"",""coordinates"":[[153.034053,-30.9243603],[153.0314291,-30.925141]]}"
,,12,South West Rocks Road,Road Bridge,,12,NSW,Mid North Coast,,-30.925186,153.037673,,Transport for NSW (inferred),,Beam Bridge,,,,,,,,54,,2,,,,,,,,,,,"OPEN DATA (OpenStreetMap, ODbL). DQ: INCOMPLETE - geometry & identity captured; owner/region/importance INFERRED (verify). Missing: condition, conditionRating, lastInspectionDate, lga, yearBuilt, postingStatus. No engineering/inspection data from open source.",Active,,,,,,2,,,,,,,,,"OpenStreetMap (open data, ODbL)",https://www.openstreetmap.org/way/34876348,OSM:way/34876348,34876348,,"{""type"":""LineString"",""coordinates"":[[153.0379517,-30.9252272],[153.0373935,-30.9251456]]}"
,,OSM-34876351,Boyters Lane,Road Bridge,,,NSW,Mid North Coast,,-30.914892,153.027818,,Local Council (inferred),,Beam Bridge,,,,,,,,21,,,,,,,,,,,,,"OPEN DATA (OpenStreetMap, ODbL). DQ: INCOMPLETE - geometry & identity captured; owner/region/importance INFERRED (verify). Missing: condition, conditionRating, lastInspectionDate, lga, yearBuilt, postingStatus. No engineering/inspection data from open source.",Active,,,,,,1,,,,,,,,,"OpenStreetMap (open data, ODbL)",https://www.openstreetmap.org/way/34876351,OSM:way/34876351,34876351,,"{""type"":""LineString"",""coordinates"":[[153.0278838,-30.9148165],[153.0277518,-30.9149675]]}"
,,12,South West Rocks Road,Road Bridge,,12,NSW,Mid North Coast,,-30.916267,153.042026,,Transport for NSW (inferred),,Beam Bridge,,,,,,,,58,,2,,,,,,,,,,,"OPEN DATA (OpenStreetMap, ODbL). DQ: INCOMPLETE - geometry & identity captured; owner/region/importance INFERRED (verify). Missing: condition, conditionRating, lastInspectionDate, lga, yearBuilt, postingStatus. No engineering/inspection data from open source.",Active,,,,,,2,,,,,,,,,"OpenStreetMap (open data, ODbL)",https://www.openstreetmap.org/way/34876353,OSM:way/34876353,34876353,,"{""type"":""LineString"",""coordinates"":[[153.0417697,-30.9164048],[153.0422828,-30.9161291]]}"
,,OSM-34876375,Back Creek Footbridge,Pedestrian Bridge,,,NSW,Mid North Coast,,-30.88561,153.03711,,Local Council (inferred),,Beam Bridge,,,,,,,,173,,,,,,,,,,,,,"OPEN DATA (OpenStreetMap, ODbL). DQ: INCOMPLETE - geometry & identity captured; owner/region/importance INFERRED (verify). Missing: condition, conditionRating, lastInspectionDate, lga, yearBuilt, postingStatus. No engineering/inspection data from open source.",Active,,,,,,1,,,,,,,,,"OpenStreetMap (open data, ODbL)",https://www.openstreetmap.org/way/34876375,OSM:way/34876375,34876375,,"{""type"":""LineString"",""coordinates"":[[153.0375992,-30.8861473],[153.0374655,-30.8859945],[153.0368986,-30.8853804],[153.0364774,-30.8849197]]}"
,,OSM-34876376,Back Creek Footbridge,Pedestrian Bridge,,,NSW,Mid North Coast,,-30.885402,153.036788,,Local Council (inferred),,Beam Bridge,,,,,,,,30,,,,,,,,,,,,,"OPEN DATA (OpenStreetMap, ODbL). DQ: INCOMPLETE - geometry & identity captured; owner/region/importance INFERRED (verify). Missing: condition, conditionRating, lastInspectionDate, lga, yearBuilt, postingStatus. No engineering/inspection data from open source.",Active,,,,,,1,,,,,,,,,"OpenStreetMap (open data, ODbL)",https://www.openstreetmap.org/way/34876376,OSM:way/34876376,34876376,,"{""type"":""LineString"",""coordinates"":[[153.0368986,-30.8853804],[153.0367886,-30.8854636],[153.0366755,-30.8853616]]}"
,,OSM-34876381,New Entrance Road,Road Bridge,,,NSW,Mid North Coast,,-30.884273,153.023223,,Local Council (inferred),,Beam Bridge,,,,,,,,10,,1,,,,,,,,,,,"OPEN DATA (OpenStreetMap, ODbL). DQ: INCOMPLETE - geometry & identity captured; owner/region/importance INFERRED (verify). Missing: condition, conditionRating, lastInspectionDate, lga, yearBuilt, postingStatus. No engineering/inspection data from open source.",Active,,,,,,1,,,,,,,,,"OpenStreetMap (open data, ODbL)",https://www.openstreetmap.org/way/34876381,OSM:way/34876381,34876381,,"{""type"":""LineString"",""coordinates"":[[153.023246,-30.884312],[153.0232002,-30.884235]]}"
,,OSM-34939293,Deep Creek Road,Road Bridge,,,NSW,Mid North Coast,,-30.596628,152.986186,,Local Council (inferred),,Beam Bridge,,,,,,,,12,,1,,,,,,,,,,,"OPEN DATA (OpenStreetMap, ODbL). DQ: INCOMPLETE - geometry & identity captured; owner/region/importance INFERRED (verify). Missing: condition, conditionRating, lastInspectionDate, lga, yearBuilt, postingStatus. No engineering/inspection data from open source.",Active,,,,,,1,,,,,,,,,"OpenStreetMap (open data, ODbL)",https://www.openstreetmap.org/way/34939293,OSM:way/34939293,34939293,,"{""type"":""LineString"",""coordinates"":[[152.9862484,-30.5966307],[152.9861234,-30.5966251]]}"
,,OSM-34940709,Lanes Bridge,Road Bridge,,,NSW,Mid North Coast,,-30.640775,152.856288,,Local Council (inferred),,Beam Bridge,2019,,,,,,,94,,,,,,,,,,,,,"OPEN DATA (OpenStreetMap, ODbL). DQ: PARTIAL - geometry & identity captured; owner/region/importance INFERRED (verify). Missing: condition, conditionRating, lastInspectionDate, lga, postingStatus. No engineering/inspection data from open source.",Active,,,,,,1,,,,,,,,,"OpenStreetMap (open data, ODbL)",https://www.openstreetmap.org/way/34940709,OSM:way/34940709,34940709,,"{""type"":""LineString"",""coordinates"":[[152.8559284,-30.6410624],[152.8566481,-30.6404876]]}"
,,OSM-34941269,Wilson Bridge,Road Bridge,,,NSW,Mid North Coast,,-30.704693,152.911947,,Local Council (inferred),,Beam Bridge,,,,,,,,143,,2,,,,,,,,,,,"OPEN DATA (OpenStreetMap, ODbL). DQ: INCOMPLETE - geometry & identity captured; owner/region/importance INFERRED (verify). Missing: condition, conditionRating, lastInspectionDate, lga, yearBuilt, postingStatus. No engineering/inspection data from open source.",Active,,,,,,1,,,,,,,,,"OpenStreetMap (open data, ODbL)",https://www.openstreetmap.org/way/34941269,OSM:way/34941269,34941269,,"{""type"":""LineString"",""coordinates"":[[152.9114306,-30.7042311],[152.9124637,-30.7051554]]}"
,,OSM-34990754,Little Sandy Bridge,Shared Path Bridge,,,NSW,Sydney Metropolitan,,-34.061293,150.701448,,Local Council (inferred),,Beam Bridge,,,,,,,,42,,,,,,,,,,,,,"OPEN DATA (OpenStreetMap, ODbL). DQ: INCOMPLETE - geometry & identity captured; owner/region/importance INFERRED (verify). Missing: condition, conditionRating, lastInspectionDate, lga, yearBuilt, postingStatus. No engineering/inspection data from open source.",Active,,,,,,1,,,,,,,,,"OpenStreetMap (open data, ODbL)",https://www.openstreetmap.org/way/34990754,OSM:way/34990754,34990754,,"{""type"":""LineString"",""coordinates"":[[150.7016571,-34.0613692],[150.7012385,-34.0612175]]}"
,,A1,Pacific Highway,Road Bridge,,A1,NSW,Mid North Coast,,-30.452474,153.00325,,Transport for NSW (inferred),,Beam Bridge,2013,,,,,,,23,,2,,,,,,,,,,,"OPEN DATA (OpenStreetMap, ODbL). DQ: PARTIAL - geometry & identity captured; owner/region/importance INFERRED (verify). Missing: condition, conditionRating, lastInspectionDate, lga, postingStatus. No engineering/inspection data from open source.",Active,,,,,,4,,,,,,,,,"OpenStreetMap (open data, ODbL)",https://www.openstreetmap.org/way/34995232,OSM:way/34995232,34995232,,"{""type"":""LineString"",""coordinates"":[[153.0032293,-30.4525739],[153.003271,-30.4523746]]}"
,,OSM-34997542,Bridge Street,Road Bridge,,,NSW,Mid North Coast,,-30.450572,152.898471,,Local Council (inferred),,Beam Bridge,,,,,,,,97,,,,,,,,,,,,,"OPEN DATA (OpenStreetMap, ODbL). DQ: INCOMPLETE - geometry & identity captured; owner/region/importance INFERRED (verify). Missing: condition, conditionRating, lastInspectionDate, lga, yearBuilt, postingStatus. No engineering/inspection data from open source.",Active,,,,,,1,,,,,,,,,"OpenStreetMap (open data, ODbL)",https://www.openstreetmap.org/way/34997542,OSM:way/34997542,34997542,,"{""type"":""LineString"",""coordinates"":[[152.8983888,-30.4510004],[152.8985529,-30.4501438]]}"
,,B78,Waterfall Way,Road Bridge,,B78,NSW,Mid North Coast,,-30.426573,152.780526,,Transport for NSW (inferred),,Beam Bridge,,,,,,,,172,,2,,,,,,,,,,,"OPEN DATA (OpenStreetMap, ODbL). DQ: INCOMPLETE - geometry & identity captured; owner/region/importance INFERRED (verify). Missing: condition, conditionRating, lastInspectionDate, lga, yearBuilt, postingStatus. No engineering/inspection data from open source.",Active,,,,,,3,,,,,,,,,"OpenStreetMap (open data, ODbL)",https://www.openstreetmap.org/way/34998602,OSM:way/34998602,34998602,,"{""type"":""LineString"",""coordinates"":[[152.7796348,-30.426673],[152.7814178,-30.4264722]]}"
,,OSM-35024193,Prince Henry Cliff Walk,Pedestrian Bridge,,,NSW,Regional NSW,,-33.726183,150.329794,,Local Council (inferred),,Beam Bridge,,,,,,,,16,,,,,,,,,,,,,"OPEN DATA (OpenStreetMap, ODbL). DQ: INCOMPLETE - geometry & identity captured; owner/region/importance INFERRED (verify). Missing: condition, conditionRating, lastInspectionDate, lga, yearBuilt, postingStatus. No engineering/inspection data from open source.",Active,,,,,,1,,,,,,,,,"OpenStreetMap (open data, ODbL)",https://www.openstreetmap.org/way/35024193,OSM:way/35024193,35024193,,"{""type"":""LineString"",""coordinates"":[[150.3298777,-33.7261773],[150.3297101,-33.7261891]]}"
,,OSM-35031715,Deer Vale Road,Road Bridge,,,NSW,Mid North Coast,,-30.324697,152.635055,,Local Council (inferred),,Beam Bridge,,,,,,,,40,,,,,,,,,,,,,"OPEN DATA (OpenStreetMap, ODbL). DQ: INCOMPLETE - geometry & identity captured; owner/region/importance INFERRED (verify). Missing: condition, conditionRating, lastInspectionDate, lga, yearBuilt, postingStatus. No engineering/inspection data from open source.",Active,,,,,,1,,,,,,,,,"OpenStreetMap (open data, ODbL)",https://www.openstreetmap.org/way/35031715,OSM:way/35031715,35031715,,"{""type"":""LineString"",""coordinates"":[[152.6352096,-30.3248168],[152.6349,-30.3245769]]}"
,,B78,Waterfall Way,Road Bridge,,B78,NSW,Mid North Coast,,-30.404166,152.347417,,Transport for NSW (inferred),,Beam Bridge,,,,,,,,37,,2,,,,,,,,,,,"OPEN DATA (OpenStreetMap, ODbL). DQ: INCOMPLETE - geometry & identity captured; owner/region/importance INFERRED (verify). Missing: condition, conditionRating, lastInspectionDate, lga, yearBuilt, postingStatus. No engineering/inspection data from open source.",Active,,,,,,3,,,,,,,,,"OpenStreetMap (open data, ODbL)",https://www.openstreetmap.org/way/35034731,OSM:way/35034731,35034731,,"{""type"":""LineString"",""coordinates"":[[152.3472932,-30.4042943],[152.3475405,-30.4040377]]}"
,,OSM-35112442,Salisbury Waters Track,Pedestrian Bridge,,,NSW,New England & North West,,-30.675296,151.724822,,Local Council (inferred),,Beam Bridge,,,,,,,,61,,,,,,,,,,,,,"OPEN DATA (OpenStreetMap, ODbL). DQ: INCOMPLETE - geometry & identity captured; owner/region/importance INFERRED (verify). Missing: condition, conditionRating, lastInspectionDate, lga, yearBuilt, postingStatus. No engineering/inspection data from open source.",Active,,,,,,1,,,,,,,,,"OpenStreetMap (open data, ODbL)",https://www.openstreetmap.org/way/35112442,OSM:way/35112442,35112442,,"{""type"":""LineString"",""coordinates"":[[151.724606,-30.675395],[151.724643,-30.67533],[151.724769,-30.67525],[151.7249264,-30.6752586],[151.725166,-30.675247]]}"
,,OSM-35128846,Main Northern Railway,Rail Bridge,,,NSW,New England & North West,,-30.638742,151.507991,,Transport Asset Holding Entity (inferred),,Beam Bridge,,,,,,,,46,,,,,,,,,,,,,"OPEN DATA (OpenStreetMap, ODbL). DQ: INCOMPLETE - geometry & identity captured; owner/region/importance INFERRED (verify). Missing: condition, conditionRating, lastInspectionDate, lga, yearBuilt, postingStatus. No engineering/inspection data from open source.",Active,,,,,,4,,,,,,,,,"OpenStreetMap (open data, ODbL)",https://www.openstreetmap.org/way/35128846,OSM:way/35128846,35128846,,"{""type"":""LineString"",""coordinates"":[[151.5080881,-30.6385521],[151.5078944,-30.6389322]]}"
,,OSM-35135769,Havannah Street,Road Bridge,,,NSW,New England & North West,,-30.880175,151.156725,,Local Council (inferred),,Beam Bridge,,,,,,,,37,,,,,,,,,,,,,"OPEN DATA (OpenStreetMap, ODbL). DQ: INCOMPLETE - geometry & identity captured; owner/region/importance INFERRED (verify). Missing: condition, conditionRating, lastInspectionDate, lga, yearBuilt, postingStatus. No engineering/inspection data from open source.",Active,,,,,,1,,,,,,,,,"OpenStreetMap (open data, ODbL)",https://www.openstreetmap.org/way/35135769,OSM:way/35135769,35135769,,"{""type"":""LineString"",""coordinates"":[[151.1569154,-30.8802033],[151.1565352,-30.8801469]]}"
,,OSM-35136194,Back Kootingal Road,Road Bridge,,,NSW,New England & North West,,-31.063736,151.055669,,Local Council (inferred),,Beam Bridge,,,,,,,,60,,,,,,,,,,,,,"OPEN DATA (OpenStreetMap, ODbL). DQ: INCOMPLETE - geometry & identity captured; owner/region/importance INFERRED (verify). Missing: condition, conditionRating, lastInspectionDate, lga, yearBuilt, postingStatus. No engineering/inspection data from open source.",Active,,,,,,1,,,,,,,,,"OpenStreetMap (open data, ODbL)",https://www.openstreetmap.org/way/35136194,OSM:way/35136194,35136194,,"{""type"":""LineString"",""coordinates"":[[151.0556628,-31.0634675],[151.0556761,-31.064005]]}"
,,OSM-35152227,Mungindi Railway Line,Rail Bridge,,,NSW,Regional NSW,,-31.356005,150.592634,,Transport Asset Holding Entity (inferred),,Beam Bridge,,,,,,,,65,,,,,,,,,,,,,"OPEN DATA (OpenStreetMap, ODbL). DQ: INCOMPLETE - geometry & identity captured; owner/region/importance INFERRED (verify). Missing: condition, conditionRating, lastInspectionDate, lga, yearBuilt, postingStatus. No engineering/inspection data from open source.",Active,,,,,,4,,,,,,,,,"OpenStreetMap (open data, ODbL)",https://www.openstreetmap.org/way/35152227,OSM:way/35152227,35152227,,"{""type"":""LineString"",""coordinates"":[[150.5929733,-31.3560215],[150.5927137,-31.3560168],[150.5925514,-31.3560053],[150.5922956,-31.3559756]]}"
,,OSM-35159892,Coonabarabran Road,Road Bridge,,,NSW,Regional NSW,,-31.40113,150.433134,,Local Council (inferred),,Beam Bridge,,,,,,,,121,,2,,,,,,,,,,,"OPEN DATA (OpenStreetMap, ODbL). DQ: INCOMPLETE - geometry & identity captured; owner/region/importance INFERRED (verify). Missing: condition, conditionRating, lastInspectionDate, lga, yearBuilt, postingStatus. No engineering/inspection data from open source.",Active,,,,,,2,,,,,,,,,"OpenStreetMap (open data, ODbL)",https://www.openstreetmap.org/way/35159892,OSM:way/35159892,35159892,,"{""type"":""LineString"",""coordinates"":[[150.4337175,-31.4009374],[150.4334173,-31.4010253],[150.4331302,-31.4011212],[150.4328634,-31.4012176],[150.4325438,-31.4013494]]}"
,,B55;A,Castlereagh Highway,Road Bridge,,B55;A,NSW,Central West & Orana,,-32.481615,149.507762,,Transport for NSW (inferred),,Beam Bridge,,,,,,,,106,,2,,,,,,,,,,,"OPEN DATA (OpenStreetMap, ODbL). DQ: INCOMPLETE - geometry & identity captured; owner/region/importance INFERRED (verify). Missing: condition, conditionRating, lastInspectionDate, lga, yearBuilt, postingStatus. No engineering/inspection data from open source.",Active,,,,,,3,,,,,,,,,"OpenStreetMap (open data, ODbL)",https://www.openstreetmap.org/way/35161199,OSM:way/35161199,35161199,,"{""type"":""LineString"",""coordinates"":[[149.5079856,-32.4820548],[149.5075383,-32.4811761]]}"
,,OSM-35162270,Church Street,Road Bridge,,,NSW,Central West & Orana,,-32.60125,149.586727,,Local Council (inferred),,Beam Bridge,,,,,,,,22,,,,,,,,,,,,,"OPEN DATA (OpenStreetMap, ODbL). DQ: INCOMPLETE - geometry & identity captured; owner/region/importance INFERRED (verify). Missing: condition, conditionRating, lastInspectionDate, lga, yearBuilt, postingStatus. No engineering/inspection data from open source.",Active,,,,,,2,,,,,,,,,"OpenStreetMap (open data, ODbL)",https://www.openstreetmap.org/way/35162270,OSM:way/35162270,35162270,,"{""type"":""LineString"",""coordinates"":[[149.5867093,-32.6013498],[149.586744,-32.6011507]]}"
,,OSM-35321749,Wimbledon Road,Road Bridge,,,NSW,Central West & Orana,,-33.525205,149.487794,,Local Council (inferred),,Beam Bridge,,,,,,,,20,,,,,,,,,,,,,"OPEN DATA (OpenStreetMap, ODbL). DQ: INCOMPLETE - geometry & identity captured; owner/region/importance INFERRED (verify). Missing: condition, conditionRating, lastInspectionDate, lga, yearBuilt, postingStatus. No engineering/inspection data from open source.",Active,,,,,,1,,,,,,,,,"OpenStreetMap (open data, ODbL)",https://www.openstreetmap.org/way/35321749,OSM:way/35321749,35321749,,"{""type"":""LineString"",""coordinates"":[[149.4878988,-33.5252303],[149.4876892,-33.5251794]]}"
,,OSM-35345186,Bathampton Road,Road Bridge,,,NSW,Central West & Orana,,-33.510407,149.408201,,Local Council (inferred),,Beam Bridge,,,,,,,,45,,,,,,,,,,,,,"OPEN DATA (OpenStreetMap, ODbL). DQ: INCOMPLETE - geometry & identity captured; owner/region/importance INFERRED (verify). Missing: condition, conditionRating, lastInspectionDate, lga, yearBuilt, postingStatus. No engineering/inspection data from open source.",Active,,,,,,1,,,,,,,,,"OpenStreetMap (open data, ODbL)",https://www.openstreetmap.org/way/35345186,OSM:way/35345186,35345186,,"{""type"":""LineString"",""coordinates"":[[149.4084424,-33.5104347],[149.4079604,-33.5103786]]}"
,,OSM-35403596,Cecil Road,Road Bridge,,,NSW,Central West & Orana,,-33.297957,149.087171,,Local Council (inferred),,Beam Bridge,,,,,,,,20,,1,,,,,,,,,,,"OPEN DATA (OpenStreetMap, ODbL). DQ: INCOMPLETE - geometry & identity captured; owner/region/importance INFERRED (verify). Missing: condition, conditionRating, lastInspectionDate, lga, yearBuilt, postingStatus. No engineering/inspection data from open source. HV: axle 6t (posted, open data; NHVR gazettal/route approval NOT verified).",Active,,,,,,1,,,,,,,,,"OpenStreetMap (open data, ODbL)",https://www.openstreetmap.org/way/35403596,OSM:way/35403596,35403596,,"{""type"":""LineString"",""coordinates"":[[149.0871892,-33.2978693],[149.0871524,-33.2980455]]}"
,,OSM-35403917,Max's Bridge,Shared Path Bridge,,,NSW,Sydney Metropolitan,,-33.669048,150.657019,,Local Council (inferred),,Beam Bridge,,,,,,,,6,0.5,,,,,,,,,,,,"OPEN DATA (OpenStreetMap, ODbL). DQ: INCOMPLETE - geometry & identity captured; owner/region/importance INFERRED (verify). Missing: condition, conditionRating, lastInspectionDate, lga, yearBuilt, postingStatus. No engineering/inspection data from open source.",Active,,,,,,1,,,,,,,,,"OpenStreetMap (open data, ODbL)",https://www.openstreetmap.org/way/35403917,OSM:way/35403917,35403917,,"{""type"":""LineString"",""coordinates"":[[150.6569964,-33.6690306],[150.6570418,-33.6690655]]}"
,,B76,Gwydir Highway,Road Bridge,,B76,NSW,Regional NSW,,-29.547131,148.57737,,Transport for NSW (inferred),,Beam Bridge,,,,,,,,121,,,,,,,,,,,,,"OPEN DATA (OpenStreetMap, ODbL). DQ: INCOMPLETE - geometry & identity captured; owner/region/importance INFERRED (verify). Missing: condition, conditionRating, lastInspectionDate, lga, yearBuilt, postingStatus. No engineering/inspection data from open source. On NSW freight network (OSM hgv=designated, spatial join); NHVR B-double/road-train/HML approval NOT verified.",Active,,,,,,3,,,,,true,,,,"OpenStreetMap (open data, ODbL)",https://www.openstreetmap.org/way/35427641,OSM:way/35427641,35427641,,"{""type"":""LineString"",""coordinates"":[[148.5777558,-29.5475817],[148.5775187,-29.5473305],[148.5773519,-29.5471308],[148.5771899,-29.5469209],[148.5770355,-29.5466892]]}"
,,B55;B76,El (Dick) O'brien Bridge,Road Bridge,,B55;B76,NSW,Regional NSW,,-29.97406,148.148557,,Transport for NSW (inferred),,Beam Bridge,,,,,,,,265,,,,,,,,,,,,,"OPEN DATA (OpenStreetMap, ODbL). DQ: INCOMPLETE - geometry & identity captured; owner/region/importance INFERRED (verify). Missing: condition, conditionRating, lastInspectionDate, lga, yearBuilt, postingStatus. No engineering/inspection data from open source.",Active,,,,,,3,,,,,,,,,"OpenStreetMap (open data, ODbL)",https://www.openstreetmap.org/way/35431129,OSM:way/35431129,35431129,,"{""type"":""LineString"",""coordinates"":[[148.1493494,-29.9751338],[148.1489446,-29.9746424],[148.1486209,-29.9742323],[148.1483422,-29.9738048],[148.1481373,-29.973461],[148.1479452,-29.9730883]]}"
,,A15;B56,New England Highway,Road Bridge,,A15;B56,NSW,New England & North West,,-31.091357,151.01436,,Transport for NSW (inferred),,Beam Bridge,,,,,,,,53,,2,,,,,,,,,,,"OPEN DATA (OpenStreetMap, ODbL). DQ: INCOMPLETE - geometry & identity captured; owner/region/importance INFERRED (verify). Missing: condition, conditionRating, lastInspectionDate, lga, yearBuilt, postingStatus. No engineering/inspection data from open source.",Active,,,,,,4,,,,,,,,,"OpenStreetMap (open data, ODbL)",https://www.openstreetmap.org/way/35546699,OSM:way/35546699,35546699,,"{""type"":""LineString"",""coordinates"":[[151.0145458,-31.0911823],[151.014174,-31.0915317]]}"
,,B60;B91,Centre Street,Road Bridge,,B60;B91,NSW,Northern Rivers,,-28.868593,153.044634,,Transport for NSW (inferred),,Beam Bridge,,,,,,,,148,,2,,,,,,,,,,,"OPEN DATA (OpenStreetMap, ODbL). DQ: INCOMPLETE - geometry & identity captured; owner/region/importance INFERRED (verify). Missing: condition, conditionRating, lastInspectionDate, lga, yearBuilt, postingStatus. No engineering/inspection data from open source.",Active,,,,,,3,,,,,,,,,"OpenStreetMap (open data, ODbL)",https://www.openstreetmap.org/way/35551542,OSM:way/35551542,35551542,,"{""type"":""LineString"",""coordinates"":[[153.0444964,-28.8692485],[153.0447708,-28.8679379]]}"
,,OSM-35570024,Blackhill Road,Road Bridge,,,NSW,Hunter,,-32.838171,151.62387,,Local Council (inferred),,Beam Bridge,,,,,,,,6,,,,,,,,,,,,,"OPEN DATA (OpenStreetMap, ODbL). DQ: INCOMPLETE - geometry & identity captured; owner/region/importance INFERRED (verify). Missing: condition, conditionRating, lastInspectionDate, lga, yearBuilt, postingStatus. No engineering/inspection data from open source.",Active,,,,,,1,,,,,,,,,"OpenStreetMap (open data, ODbL)",https://www.openstreetmap.org/way/35570024,OSM:way/35570024,35570024,,"{""type"":""LineString"",""coordinates"":[[151.6238999,-32.8381756],[151.6238405,-32.8381671]]}"
,,OSM-35841244,Newcastle Street,Road Bridge,,,NSW,Hunter,,-32.946959,151.662994,,Local Council (inferred),,Beam Bridge,,,,,,,,14,,2,,,,,,,,,,,"OPEN DATA (OpenStreetMap, ODbL). DQ: INCOMPLETE - geometry & identity captured; owner/region/importance INFERRED (verify). Missing: condition, conditionRating, lastInspectionDate, lga, yearBuilt, postingStatus. No engineering/inspection data from open source.",Active,,,,,,2,,,,,,,,,"OpenStreetMap (open data, ODbL)",https://www.openstreetmap.org/way/35841244,OSM:way/35841244,35841244,,"{""type"":""LineString"",""coordinates"":[[151.6630464,-32.9469145],[151.6629408,-32.9470032]]}"
,,OSM-35841324,Fifth Street,Road Bridge,,,NSW,Hunter,,-32.94938,151.667229,,Local Council (inferred),,Beam Bridge,,,,,,,,19,,,,,,,,,,,,,"OPEN DATA (OpenStreetMap, ODbL). DQ: INCOMPLETE - geometry & identity captured; owner/region/importance INFERRED (verify). Missing: condition, conditionRating, lastInspectionDate, lga, yearBuilt, postingStatus. No engineering/inspection data from open source.",Active,,,,,,1,,,,,,,,,"OpenStreetMap (open data, ODbL)",https://www.openstreetmap.org/way/35841324,OSM:way/35841324,35841324,,"{""type"":""LineString"",""coordinates"":[[151.6671745,-32.9494521],[151.6672842,-32.9493083]]}"
,,M1,Pacific Motorway,Road Bridge,,M1,NSW,Central Coast,,-33.529561,151.199957,,Transport for NSW (inferred),,Beam Bridge,2013,,,,,,,40,,4,,,,,,,,,,,"OPEN DATA (OpenStreetMap, ODbL). DQ: PARTIAL - geometry & identity captured; owner/region/importance INFERRED (verify). Missing: condition, conditionRating, lastInspectionDate, lga, postingStatus. No engineering/inspection data from open source.",Active,,,,,,4,,,,,,,,,"OpenStreetMap (open data, ODbL)",https://www.openstreetmap.org/way/35893585,OSM:way/35893585,35893585,,"{""type"":""LineString"",""coordinates"":[[151.2000356,-33.5297346],[151.1999519,-33.5295483],[151.1998823,-33.5293996]]}"
,,M1,Pacific Motorway,Road Bridge,,M1,NSW,Central Coast,,-33.529427,151.200134,,Transport for NSW (inferred),,Beam Bridge,2013,,,,,,,39,,3,,,,,,,,,,,"OPEN DATA (OpenStreetMap, ODbL). DQ: PARTIAL - geometry & identity captured; owner/region/importance INFERRED (verify). Missing: condition, conditionRating, lastInspectionDate, lga, postingStatus. No engineering/inspection data from open source.",Active,,,,,,4,,,,,,,,,"OpenStreetMap (open data, ODbL)",https://www.openstreetmap.org/way/35893590,OSM:way/35893590,35893590,,"{""type"":""LineString"",""coordinates"":[[151.2000458,-33.5292423],[151.2001565,-33.5294714],[151.2001996,-33.5295673]]}"
,,OSM-35893593,Old Pacific Highway Offramp,Road Bridge,,,NSW,Central Coast,,-33.529276,151.200253,,Local Council (inferred),,Beam Bridge,,,,,,,,38,,1,,,,,,,,,,,"OPEN DATA (OpenStreetMap, ODbL). DQ: INCOMPLETE - geometry & identity captured; owner/region/importance INFERRED (verify). Missing: condition, conditionRating, lastInspectionDate, lga, yearBuilt, postingStatus. No engineering/inspection data from open source.",Active,,,,,,4,,,,,,,,,"OpenStreetMap (open data, ODbL)",https://www.openstreetmap.org/way/35893593,OSM:way/35893593,35893593,,"{""type"":""LineString"",""coordinates"":[[151.2001731,-33.5291198],[151.2003329,-33.5294313]]}"
,,OSM-35893630,Pacific Motorway Onramp,Road Bridge,,,NSW,Central Coast,,-33.464263,151.195074,,Local Council (inferred),,Beam Bridge,,,,,,,,80,,1,,,,,,,,,,,"OPEN DATA (OpenStreetMap, ODbL). DQ: INCOMPLETE - geometry & identity captured; owner/region/importance INFERRED (verify). Missing: condition, conditionRating, lastInspectionDate, lga, yearBuilt, postingStatus. No engineering/inspection data from open source.",Active,,,,,,4,,,,,,,,,"OpenStreetMap (open data, ODbL)",https://www.openstreetmap.org/way/35893630,OSM:way/35893630,35893630,,"{""type"":""LineString"",""coordinates"":[[151.1946887,-33.4641139],[151.1950595,-33.464267],[151.1954735,-33.4644072]]}"
,,M1,Pacific Motorway,Road Bridge,,M1,NSW,Central Coast,,-33.426956,151.227049,,Transport for NSW (inferred),,Beam Bridge,2013,,,,,,,55,,3,,,,,,,,,,,"OPEN DATA (OpenStreetMap, ODbL). DQ: PARTIAL - geometry & identity captured; owner/region/importance INFERRED (verify). Missing: condition, conditionRating, lastInspectionDate, lga, postingStatus. No engineering/inspection data from open source.",Active,,,,,,4,,,,,,,,,"OpenStreetMap (open data, ODbL)",https://www.openstreetmap.org/way/35893680,OSM:way/35893680,35893680,,"{""type"":""LineString"",""coordinates"":[[151.2268136,-33.4271052],[151.2272839,-33.4268067]]}"
,,M1,Pacific Motorway,Road Bridge,,M1,NSW,Central Coast,,-33.368135,151.310058,,Transport for NSW (inferred),,Beam Bridge,2013,,,,,,,53,,3,,,,,,,,,,,"OPEN DATA (OpenStreetMap, ODbL). DQ: PARTIAL - geometry & identity captured; owner/region/importance INFERRED (verify). Missing: condition, conditionRating, lastInspectionDate, lga, postingStatus. No engineering/inspection data from open source.",Active,,,,,,4,,,,,,,,,"OpenStreetMap (open data, ODbL)",https://www.openstreetmap.org/way/35893764,OSM:way/35893764,35893764,,"{""type"":""LineString"",""coordinates"":[[151.3098499,-33.3682954],[151.3102658,-33.3679753]]}"
,,OSM-35893767,Alison Road,Road Bridge,,,NSW,Central Coast,,-33.27587,151.40557,,Local Council (inferred),,Beam Bridge,,,,,,,,93,,2,,,,,,,,,,,"OPEN DATA (OpenStreetMap, ODbL). DQ: INCOMPLETE - geometry & identity captured; owner/region/importance INFERRED (verify). Missing: condition, conditionRating, lastInspectionDate, lga, yearBuilt, postingStatus. No engineering/inspection data from open source.",Active,,,,,,2,,,,,,,,,"OpenStreetMap (open data, ODbL)",https://www.openstreetmap.org/way/35893767,OSM:way/35893767,35893767,,"{""type"":""LineString"",""coordinates"":[[151.4050204,-33.2759727],[151.4053502,-33.2758917],[151.4055182,-33.2758612],[151.4056908,-33.275841],[151.4058429,-33.2758288],[151.4059981,-33.2758243]]}"
,,OSM-35904023,Hue Hue Road,Road Bridge,,,NSW,Central Coast,,-33.181297,151.467595,,Local Council (inferred),,Beam Bridge,,,,,,,,77,,,,,,,,,,,,,"OPEN DATA (OpenStreetMap, ODbL). DQ: INCOMPLETE - geometry & identity captured; owner/region/importance INFERRED (verify). Missing: condition, conditionRating, lastInspectionDate, lga, yearBuilt, postingStatus. No engineering/inspection data from open source.",Active,,,,,,2,,,,,,,,,"OpenStreetMap (open data, ODbL)",https://www.openstreetmap.org/way/35904023,OSM:way/35904023,35904023,,"{""type"":""LineString"",""coordinates"":[[151.4671809,-33.1813157],[151.468009,-33.1812781]]}"
,,OSM-35975474,Victoria Street,Pedestrian Bridge,,,NSW,Illawarra & Shoalhaven,,-34.475635,150.423748,,Local Council (inferred),,Beam Bridge,,,,,,,,14,,,,,,,,,,,,,"OPEN DATA (OpenStreetMap, ODbL). DQ: INCOMPLETE - geometry & identity captured; owner/region/importance INFERRED (verify). Missing: condition, conditionRating, lastInspectionDate, lga, yearBuilt, postingStatus. No engineering/inspection data from open source.",Active,,,,,,1,,,,,,,,,"OpenStreetMap (open data, ODbL)",https://www.openstreetmap.org/way/35975474,OSM:way/35975474,35975474,,"{""type"":""LineString"",""coordinates"":[[150.4236711,-34.4756249],[150.4238253,-34.4756448]]}"
,,OSM-36029586,Sawtell Road,Road Bridge,,,NSW,Mid North Coast,,-30.3376,153.081447,,Local Council (inferred),,Beam Bridge,,,,,,,,52,,2,,,,,,,,,,,"OPEN DATA (OpenStreetMap, ODbL). DQ: INCOMPLETE - geometry & identity captured; owner/region/importance INFERRED (verify). Missing: condition, conditionRating, lastInspectionDate, lga, yearBuilt, postingStatus. No engineering/inspection data from open source.",Active,,,,,,2,,,,,,,,,"OpenStreetMap (open data, ODbL)",https://www.openstreetmap.org/way/36029586,OSM:way/36029586,36029586,,"{""type"":""LineString"",""coordinates"":[[153.081262,-30.3374289],[153.0816319,-30.337772]]}"
,,B56,Oxley Highway,Road Bridge,,B56,NSW,Mid North Coast,,-31.461917,152.820569,,Transport for NSW (inferred),,Beam Bridge,,,,,,,,76,,2,,,,,,,,,,,"OPEN DATA (OpenStreetMap, ODbL). DQ: INCOMPLETE - geometry & identity captured; owner/region/importance INFERRED (verify). Missing: condition, conditionRating, lastInspectionDate, lga, yearBuilt, postingStatus. No engineering/inspection data from open source.",Active,,,,,,3,,,,,,,,,"OpenStreetMap (open data, ODbL)",https://www.openstreetmap.org/way/36330977,OSM:way/36330977,36330977,,"{""type"":""LineString"",""coordinates"":[[152.8201808,-31.4618955],[152.8202771,-31.4618823],[152.8203744,-31.4618769],[152.8204719,-31.4618793],[152.8205686,-31.4618895],[152.8206692,-31.4619086],[152.820767,-31.4619362],[152.8208612,-31.4619718],[152.8209507,-31.4620153]]}"
,,B56,Oxley Highway,Road Bridge,,B56,NSW,Mid North Coast,,-31.462817,152.820389,,Transport for NSW (inferred),,Beam Bridge,,,,,,,,76,,1,,,,,,,,,,,"OPEN DATA (OpenStreetMap, ODbL). DQ: INCOMPLETE - geometry & identity captured; owner/region/importance INFERRED (verify). Missing: condition, conditionRating, lastInspectionDate, lga, yearBuilt, postingStatus. No engineering/inspection data from open source. On NSW freight network (OSM hgv=designated, spatial join); NHVR B-double/road-train/HML approval NOT verified.",Active,,,,,,3,,,,,true,,,,"OpenStreetMap (open data, ODbL)",https://www.openstreetmap.org/way/36330978,OSM:way/36330978,36330978,,"{""type"":""LineString"",""coordinates"":[[152.8207788,-31.4628389],[152.8206821,-31.462852],[152.8205843,-31.4628573],[152.8204864,-31.4628547],[152.8203892,-31.4628444],[152.8202882,-31.4628251],[152.8201899,-31.4627974],[152.8200953,-31.4627616],[152.8200053,-31.4627179]]}"
,,M1,Pacific Motorway,Road Bridge,,M1,NSW,Hunter,,-32.864194,151.616364,,Transport for NSW (inferred),,Beam Bridge,2013,,,,,,,17,,2,,,,,,,,,,,"OPEN DATA (OpenStreetMap, ODbL). DQ: PARTIAL - geometry & identity captured; owner/region/importance INFERRED (verify). Missing: condition, conditionRating, lastInspectionDate, lga, postingStatus. No engineering/inspection data from open source.",Active,,,,,,4,,,,,,,,,"OpenStreetMap (open data, ODbL)",https://www.openstreetmap.org/way/36869671,OSM:way/36869671,36869671,,"{""type"":""LineString"",""coordinates"":[[151.6163791,-32.8641195],[151.6163497,-32.8642681]]}"
,,OSM-37103821,Old Pooncarie Road,Road Bridge,,,NSW,Far West,,-32.716359,142.091809,,Local Council (inferred),,Beam Bridge,,,,,,,,318,,,,,,,,,,,,,"OPEN DATA (OpenStreetMap, ODbL). DQ: INCOMPLETE - geometry & identity captured; owner/region/importance INFERRED (verify). Missing: condition, conditionRating, lastInspectionDate, lga, yearBuilt, postingStatus. No engineering/inspection data from open source.",Active,,,,,,1,,,,,,,,,"OpenStreetMap (open data, ODbL)",https://www.openstreetmap.org/way/37103821,OSM:way/37103821,37103821,,"{""type"":""LineString"",""coordinates"":[[142.0905627,-32.7153843],[142.0930554,-32.7173336]]}"
,,OSM-37103850,Stony Creek Road,Road Bridge,,,NSW,Mid North Coast,,-31.452025,152.747738,,Local Council (inferred),,Beam Bridge,,,,,,,,232,,2,,,,,,,,,,,"OPEN DATA (OpenStreetMap, ODbL). DQ: INCOMPLETE - geometry & identity captured; owner/region/importance INFERRED (verify). Missing: condition, conditionRating, lastInspectionDate, lga, yearBuilt, postingStatus. No engineering/inspection data from open source.",Active,,,,,,1,,,,,,,,,"OpenStreetMap (open data, ODbL)",https://www.openstreetmap.org/way/37103850,OSM:way/37103850,37103850,,"{""type"":""LineString"",""coordinates"":[[152.7467721,-31.4526618],[152.7477351,-31.4520226],[152.7487065,-31.4513896]]}"
,,B56,Oxley Highway,Road Bridge,,B56,NSW,Mid North Coast,,-31.443413,152.463832,,Transport for NSW (inferred),,Beam Bridge,,,,,,,,79,,2,,,,,,,,,,,"OPEN DATA (OpenStreetMap, ODbL). DQ: INCOMPLETE - geometry & identity captured; owner/region/importance INFERRED (verify). Missing: condition, conditionRating, lastInspectionDate, lga, yearBuilt, postingStatus. No engineering/inspection data from open source.",Active,,,,,,3,,,,,,,,,"OpenStreetMap (open data, ODbL)",https://www.openstreetmap.org/way/37103855,OSM:way/37103855,37103855,,"{""type"":""LineString"",""coordinates"":[[152.4635289,-31.4436196],[152.4637741,-31.4434592],[152.4638546,-31.4434065],[152.4641696,-31.4431663]]}"
,,OSM-37129859,Freemantle Road,Road Bridge,,,NSW,Central West & Orana,,-33.271695,149.383389,,Local Council (inferred),,Beam Bridge,,,,,,,,37,,,,,,,,,,,,,"OPEN DATA (OpenStreetMap, ODbL). DQ: INCOMPLETE - geometry & identity captured; owner/region/importance INFERRED (verify). Missing: condition, conditionRating, lastInspectionDate, lga, yearBuilt, postingStatus. No engineering/inspection data from open source.",Active,,,,,,1,,,,,,,,,"OpenStreetMap (open data, ODbL)",https://www.openstreetmap.org/way/37129859,OSM:way/37129859,37129859,,"{""type"":""LineString"",""coordinates"":[[149.3834658,-33.2718487],[149.3833127,-33.2715418]]}"
,,OSM-37330341,Lloyds Road,Road Bridge,,,NSW,Central West & Orana,,-33.441127,149.586372,,Local Council (inferred),,Beam Bridge,,,,,,,,26,,1,,,,,,,,,,,"OPEN DATA (OpenStreetMap, ODbL). DQ: INCOMPLETE - geometry & identity captured; owner/region/importance INFERRED (verify). Missing: condition, conditionRating, lastInspectionDate, lga, yearBuilt, postingStatus. No engineering/inspection data from open source.",Active,,,,,,1,,,,,,,,,"OpenStreetMap (open data, ODbL)",https://www.openstreetmap.org/way/37330341,OSM:way/37330341,37330341,,"{""type"":""LineString"",""coordinates"":[[149.5862321,-33.4411303],[149.5865114,-33.4411245]]}"
,,OSM-37393641,Bank Street,Road Bridge,,,NSW,Sydney Metropolitan,,-33.840142,151.201719,,Local Council (inferred),,Beam Bridge,,,,,,,,22,,,,,,,,,,,,,"OPEN DATA (OpenStreetMap, ODbL). DQ: INCOMPLETE - geometry & identity captured; owner/region/importance INFERRED (verify). Missing: condition, conditionRating, lastInspectionDate, lga, yearBuilt, postingStatus. No engineering/inspection data from open source.",Active,,,,,,1,,,,,,,,,"OpenStreetMap (open data, ODbL)",https://www.openstreetmap.org/way/37393641,OSM:way/37393641,37393641,,"{""type"":""LineString"",""coordinates"":[[151.201694,-33.8402407],[151.2017444,-33.8400437]]}"
,,OSM-37394837,Archville Station Road,Road Bridge,,,NSW,Mid North Coast,,-30.391075,153.034645,,Local Council (inferred),,Beam Bridge,,,,,,,,67,,,,,,,,,,,,,"OPEN DATA (OpenStreetMap, ODbL). DQ: INCOMPLETE - geometry & identity captured; owner/region/importance INFERRED (verify). Missing: condition, conditionRating, lastInspectionDate, lga, yearBuilt, postingStatus. No engineering/inspection data from open source.",Active,,,,,,1,,,,,,,,,"OpenStreetMap (open data, ODbL)",https://www.openstreetmap.org/way/37394837,OSM:way/37394837,37394837,,"{""type"":""LineString"",""coordinates"":[[153.0342967,-30.3910586],[153.0349927,-30.3910904]]}"
,,OSM-37527269,Franklin Road,Road Bridge,,,NSW,Central West & Orana,,-33.292999,149.102499,,Local Council (inferred),,Beam Bridge,,,,,,,,26,,,,,,,,,,,,,"OPEN DATA (OpenStreetMap, ODbL). DQ: INCOMPLETE - geometry & identity captured; owner/region/importance INFERRED (verify). Missing: condition, conditionRating, lastInspectionDate, lga, yearBuilt, postingStatus. No engineering/inspection data from open source.",Active,,,,,,1,,,,,,,,,"OpenStreetMap (open data, ODbL)",https://www.openstreetmap.org/way/37527269,OSM:way/37527269,37527269,,"{""type"":""LineString"",""coordinates"":[[149.1023685,-33.2929615],[149.1026303,-33.2930356]]}"
,,24,Glebe Bridge,Road Bridge,,24,NSW,Northern Rivers,,-28.978438,153.288593,,Transport for NSW (inferred),,Beam Bridge,,,,,,,,107,,2,,,,,,,,,,,"OPEN DATA (OpenStreetMap, ODbL). DQ: INCOMPLETE - geometry & identity captured; owner/region/importance INFERRED (verify). Missing: condition, conditionRating, lastInspectionDate, lga, yearBuilt, postingStatus. No engineering/inspection data from open source.",Active,,,,,,2,,,,,,,,,"OpenStreetMap (open data, ODbL)",https://www.openstreetmap.org/way/37554531,OSM:way/37554531,37554531,,"{""type"":""LineString"",""coordinates"":[[153.2883703,-28.9780004],[153.2888161,-28.9788756]]}"
,,OSM-37628708,Church Avenue,Road Bridge,,,NSW,Illawarra & Shoalhaven,,-34.40479,150.506421,,Local Council (inferred),,Beam Bridge,,,,,,,,64,,2,,,,,,,,,,,"OPEN DATA (OpenStreetMap, ODbL). DQ: INCOMPLETE - geometry & identity captured; owner/region/importance INFERRED (verify). Missing: condition, conditionRating, lastInspectionDate, lga, yearBuilt, postingStatus. No engineering/inspection data from open source.",Active,,,,,,3,,,,,,,,,"OpenStreetMap (open data, ODbL)",https://www.openstreetmap.org/way/37628708,OSM:way/37628708,37628708,,"{""type"":""LineString"",""coordinates"":[[150.5060916,-34.4046956],[150.5067509,-34.4048851]]}"
,,OSM-37692093,Yass River Road,Road Bridge,,,NSW,South East & Tablelands,,-34.920931,149.172648,,Local Council (inferred),,Beam Bridge,,,,,,,,30,,,,,,,,,,,,,"OPEN DATA (OpenStreetMap, ODbL). DQ: INCOMPLETE - geometry & identity captured; owner/region/importance INFERRED (verify). Missing: condition, conditionRating, lastInspectionDate, lga, yearBuilt, postingStatus. No engineering/inspection data from open source.",Active,,,,,,1,,,,,,,,,"OpenStreetMap (open data, ODbL)",https://www.openstreetmap.org/way/37692093,OSM:way/37692093,37692093,,"{""type"":""LineString"",""coordinates"":[[149.1727859,-34.921001],[149.1725108,-34.9208607]]}"
,,A41,Mid Western Highway,Road Bridge,,A41,NSW,Central West & Orana,,-33.617773,149.138021,,Transport for NSW (inferred),,Beam Bridge,,,,,,,,18,,3,,,,,,,,,,,"OPEN DATA (OpenStreetMap, ODbL). DQ: INCOMPLETE - geometry & identity captured; owner/region/importance INFERRED (verify). Missing: condition, conditionRating, lastInspectionDate, lga, yearBuilt, postingStatus. No engineering/inspection data from open source.",Active,,,,,,4,,,,,,,,,"OpenStreetMap (open data, ODbL)",https://www.openstreetmap.org/way/37723288,OSM:way/37723288,37723288,,"{""type"":""LineString"",""coordinates"":[[149.1379661,-33.6178382],[149.1380752,-33.6177087]]}"
,,OSM-37725854,Wombeyan Caves Road,Road Bridge,,,NSW,Regional NSW,,-34.308062,150.072565,,Local Council (inferred),,Beam Bridge,,,,,,,,36,,,,,,,,,,,,,"OPEN DATA (OpenStreetMap, ODbL). DQ: INCOMPLETE - geometry & identity captured; owner/region/importance INFERRED (verify). Missing: condition, conditionRating, lastInspectionDate, lga, yearBuilt, postingStatus. No engineering/inspection data from open source.",Active,,,,,,2,,,,,,,,,"OpenStreetMap (open data, ODbL)",https://www.openstreetmap.org/way/37725854,OSM:way/37725854,37725854,,"{""type"":""LineString"",""coordinates"":[[150.0727591,-34.308029],[150.0723704,-34.3080958]]}"
,,OSM-37726560,Wombeyan Caves Road,Road Bridge,,,NSW,Regional NSW,,-34.308273,150.071909,,Local Council (inferred),,Beam Bridge,,,,,,,,93,,,,,,,,,,,,,"OPEN DATA (OpenStreetMap, ODbL). DQ: INCOMPLETE - geometry & identity captured; owner/region/importance INFERRED (verify). Missing: condition, conditionRating, lastInspectionDate, lga, yearBuilt, postingStatus. No engineering/inspection data from open source.",Active,,,,,,2,,,,,,,,,"OpenStreetMap (open data, ODbL)",https://www.openstreetmap.org/way/37726560,OSM:way/37726560,37726560,,"{""type"":""LineString"",""coordinates"":[[150.0723704,-34.3080958],[150.0714479,-34.3084494]]}"
,,OSM-37759887,Zig Zag Railway - No. 3 Viaduct,Rail Bridge,,,NSW,Central West & Orana,,-33.471864,150.195322,,Transport Asset Holding Entity (inferred),,Beam Bridge,,,,,,,,92,,,,,,,,,,,,,"OPEN DATA (OpenStreetMap, ODbL). DQ: INCOMPLETE - geometry & identity captured; owner/region/importance INFERRED (verify). Missing: condition, conditionRating, lastInspectionDate, lga, yearBuilt, postingStatus. No engineering/inspection data from open source.",Active,,,,,,4,,,,,,,,,"OpenStreetMap (open data, ODbL)",https://www.openstreetmap.org/way/37759887,OSM:way/37759887,37759887,,"{""type"":""LineString"",""coordinates"":[[150.1948717,-33.4717587],[150.1949612,-33.4717895],[150.1950434,-33.4718156],[150.1951373,-33.4718398],[150.1952313,-33.4718628],[150.1953129,-33.471879],[150.1953972,-33.4718937],[150.1954748,-33.4719044],[150.1955853,-33.4719147],[150.1956929,-33.4719206],[150.1958381,-33.471925]]}"
,,OSM-37759889,Zig Zag Railway - No. 2 Viaduct,Rail Bridge,,,NSW,Central West & Orana,,-33.470819,150.193452,,Transport Asset Holding Entity (inferred),,Beam Bridge,,,,,,,,105,,,,,,,,,,,,,"OPEN DATA (OpenStreetMap, ODbL). DQ: INCOMPLETE - geometry & identity captured; owner/region/importance INFERRED (verify). Missing: condition, conditionRating, lastInspectionDate, lga, yearBuilt, postingStatus. No engineering/inspection data from open source.",Active,,,,,,4,,,,,,,,,"OpenStreetMap (open data, ODbL)",https://www.openstreetmap.org/way/37759889,OSM:way/37759889,37759889,,"{""type"":""LineString"",""coordinates"":[[150.1930285,-33.4705043],[150.1938752,-33.4711337]]}"
,,OSM-37759891,Zig Zag Railway - No. 1 Viaduct,Rail Bridge,,,NSW,Central West & Orana,,-33.471994,150.197313,,Transport Asset Holding Entity (inferred),,Beam Bridge,,,,,,,,70,,,,,,,,,,,,,"OPEN DATA (OpenStreetMap, ODbL). DQ: INCOMPLETE - geometry & identity captured; owner/region/importance INFERRED (verify). Missing: condition, conditionRating, lastInspectionDate, lga, yearBuilt, postingStatus. No engineering/inspection data from open source.",Active,,,,,,4,,,,,,,,,"OpenStreetMap (open data, ODbL)",https://www.openstreetmap.org/way/37759891,OSM:way/37759891,37759891,,"{""type"":""LineString"",""coordinates"":[[150.1976405,-33.4718249],[150.1974841,-33.4719191],[150.1973178,-33.4720067],[150.197138,-33.4720829],[150.1969848,-33.4721371]]}"
,,OSM-37788560,Spring Creek Road,Road Bridge,,,NSW,Sydney Metropolitan,,-34.091674,150.619406,,Local Council (inferred),,Beam Bridge,,,,,,,,18,,,,,,,,,,,,,"OPEN DATA (OpenStreetMap, ODbL). DQ: INCOMPLETE - geometry & identity captured; owner/region/importance INFERRED (verify). Missing: condition, conditionRating, lastInspectionDate, lga, yearBuilt, postingStatus. No engineering/inspection data from open source.",Active,,,,,,1,,,,,,,,,"OpenStreetMap (open data, ODbL)",https://www.openstreetmap.org/way/37788560,OSM:way/37788560,37788560,,"{""type"":""LineString"",""coordinates"":[[150.6194979,-34.0916934],[150.6193138,-34.091654]]}"
,,OSM-37788564,Spring Creek Road,Road Bridge,,,NSW,Sydney Metropolitan,,-34.102907,150.596908,,Local Council (inferred),,Beam Bridge,,,,,,,,11,,,,,,,,,,,,,"OPEN DATA (OpenStreetMap, ODbL). DQ: INCOMPLETE - geometry & identity captured; owner/region/importance INFERRED (verify). Missing: condition, conditionRating, lastInspectionDate, lga, yearBuilt, postingStatus. No engineering/inspection data from open source.",Active,,,,,,1,,,,,,,,,"OpenStreetMap (open data, ODbL)",https://www.openstreetmap.org/way/37788564,OSM:way/37788564,37788564,,"{""type"":""LineString"",""coordinates"":[[150.5969674,-34.102907],[150.5968483,-34.102906]]}"
,,OSM-37828196,Glendiver Farm,Road Bridge,,,NSW,Sydney Metropolitan,,-34.089367,150.585133,,Local Council (inferred),,Beam Bridge,,,,,,,,8,,,,,,,,,,,,,"OPEN DATA (OpenStreetMap, ODbL). DQ: INCOMPLETE - geometry & identity captured; owner/region/importance INFERRED (verify). Missing: condition, conditionRating, lastInspectionDate, lga, yearBuilt, postingStatus. No engineering/inspection data from open source.",Active,,,,,,1,,,,,,,,,"OpenStreetMap (open data, ODbL)",https://www.openstreetmap.org/way/37828196,OSM:way/37828196,37828196,,"{""type"":""LineString"",""coordinates"":[[150.5850923,-34.08936],[150.5851746,-34.0893737]]}"
,,OSM-37861783,Spike Milligan Bridge,Shared Path Bridge,,,NSW,Central Coast,,-33.476571,151.32411,,Local Council (inferred),,Beam Bridge,,,,,,,,87,,,,,,,,,,,,,"OPEN DATA (OpenStreetMap, ODbL). DQ: INCOMPLETE - geometry & identity captured; owner/region/importance INFERRED (verify). Missing: condition, conditionRating, lastInspectionDate, lga, yearBuilt, postingStatus. No engineering/inspection data from open source.",Active,,,,,,1,,,,,,,,,"OpenStreetMap (open data, ODbL)",https://www.openstreetmap.org/way/37861783,OSM:way/37861783,37861783,,"{""type"":""LineString"",""coordinates"":[[151.324106,-33.4761819],[151.3241136,-33.4769607]]}"
,,OSM-37890693,Golf Club Road,Road Bridge,,,NSW,Mid North Coast,,-30.653148,152.994712,,Local Council (inferred),,Beam Bridge,,,,,,,,118,,,,,,,,,,,,,"OPEN DATA (OpenStreetMap, ODbL). DQ: INCOMPLETE - geometry & identity captured; owner/region/importance INFERRED (verify). Missing: condition, conditionRating, lastInspectionDate, lga, yearBuilt, postingStatus. No engineering/inspection data from open source.",Active,,,,,,1,,,,,,,,,"OpenStreetMap (open data, ODbL)",https://www.openstreetmap.org/way/37890693,OSM:way/37890693,37890693,,"{""type"":""LineString"",""coordinates"":[[152.9946093,-30.6526226],[152.9948155,-30.6536728]]}"
,,15,Giinagay Way,Road Bridge,,15,NSW,Mid North Coast,,-30.632137,152.973933,,Transport for NSW (inferred),,Beam Bridge,,,,,,,,49,,2,,,,,,,,,,,"OPEN DATA (OpenStreetMap, ODbL). DQ: INCOMPLETE - geometry & identity captured; owner/region/importance INFERRED (verify). Missing: condition, conditionRating, lastInspectionDate, lga, yearBuilt, postingStatus. No engineering/inspection data from open source.",Active,,,,,,2,,,,,,,,,"OpenStreetMap (open data, ODbL)",https://www.openstreetmap.org/way/37890807,OSM:way/37890807,37890807,,"{""type"":""LineString"",""coordinates"":[[152.9739568,-30.632357],[152.973909,-30.6319167]]}"
,,OSM-37891321,Sandy Creek Road,Road Bridge,,,NSW,Hunter,,-32.931399,151.439474,,Local Council (inferred),,Beam Bridge,,,,,,,,42,,1,,,,Restricted,,,,,,,"OPEN DATA (OpenStreetMap, ODbL). DQ: PARTIAL - geometry & identity captured; owner/region/importance INFERRED (verify). Missing: condition, conditionRating, lastInspectionDate, lga, yearBuilt. No engineering/inspection data from open source. HV: load limit 20t (posted, open data; NHVR gazettal/route approval NOT verified).",Active,,,,20,,1,,,,,,,,,"OpenStreetMap (open data, ODbL)",https://www.openstreetmap.org/way/37891321,OSM:way/37891321,37891321,,"{""type"":""LineString"",""coordinates"":[[151.4392521,-32.9313654],[151.4396967,-32.9314336]]}"
,,OSM-37933203,Sandgate Road,Road Bridge,,,NSW,Hunter,,-32.875063,151.702379,,Local Council (inferred),,Beam Bridge,,,,,,,,14,,,,,,,,,,,,,"OPEN DATA (OpenStreetMap, ODbL). DQ: INCOMPLETE - geometry & identity captured; owner/region/importance INFERRED (verify). Missing: condition, conditionRating, lastInspectionDate, lga, yearBuilt, postingStatus. No engineering/inspection data from open source.",Active,,,,,,2,,,,,,,,,"OpenStreetMap (open data, ODbL)",https://www.openstreetmap.org/way/37933203,OSM:way/37933203,37933203,,"{""type"":""LineString"",""coordinates"":[[151.7023639,-32.8751255],[151.702395,-32.875001]]}"
,,3,Sofala Road,Road Bridge,,3,NSW,Central West & Orana,,-33.334482,149.624416,,Transport for NSW (inferred),,Beam Bridge,,,,,,,,41,,2,,,,,,,,,,,"OPEN DATA (OpenStreetMap, ODbL). DQ: INCOMPLETE - geometry & identity captured; owner/region/importance INFERRED (verify). Missing: condition, conditionRating, lastInspectionDate, lga, yearBuilt, postingStatus. No engineering/inspection data from open source.",Active,,,,,,2,,,,,,,,,"OpenStreetMap (open data, ODbL)",https://www.openstreetmap.org/way/37935574,OSM:way/37935574,37935574,,"{""type"":""LineString"",""coordinates"":[[149.6243093,-33.3346446],[149.6245226,-33.334319]]}"
,,Main Western Line,Main Western Line,Rail Bridge,,Main Western Line,NSW,Central West & Orana,,-33.483166,150.146514,,Transport Asset Holding Entity (inferred),,Beam Bridge,,,,,,,,16,,,,,,,,,,,,,"OPEN DATA (OpenStreetMap, ODbL). DQ: INCOMPLETE - geometry & identity captured; owner/region/importance INFERRED (verify). Missing: condition, conditionRating, lastInspectionDate, lga, yearBuilt, postingStatus. No engineering/inspection data from open source.",Active,,,,,,4,,,,,,,,,"OpenStreetMap (open data, ODbL)",https://www.openstreetmap.org/way/38027279,OSM:way/38027279,38027279,,"{""type"":""LineString"",""coordinates"":[[150.1464287,-33.4831857],[150.1465984,-33.483147]]}"
,,B63,Railway Terrace,Road Bridge,,B63,NSW,Hunter,,-32.903531,151.732528,,Transport for NSW (inferred),,Beam Bridge,,,,,,,,44,,,,,,,,,,,,,"OPEN DATA (OpenStreetMap, ODbL). DQ: INCOMPLETE - geometry & identity captured; owner/region/importance INFERRED (verify). Missing: condition, conditionRating, lastInspectionDate, lga, yearBuilt, postingStatus. No engineering/inspection data from open source.",Active,,,,,,3,,,,,,,,,"OpenStreetMap (open data, ODbL)",https://www.openstreetmap.org/way/38034068,OSM:way/38034068,38034068,,"{""type"":""LineString"",""coordinates"":[[151.732322,-32.9036223],[151.7323867,-32.9036159],[151.7324488,-32.903601],[151.7325056,-32.9035767],[151.7325538,-32.9035467],[151.7325924,-32.9035149],[151.7326241,-32.9034749],[151.7326513,-32.9034322],[151.7326684,-32.903391]]}"
,,OSM-38062512,Drapers Road,Road Bridge,,,NSW,Illawarra & Shoalhaven,,-34.422557,150.47536,,Local Council (inferred),,Beam Bridge,,,,,,,,76,,2,,,,,,,,,,,"OPEN DATA (OpenStreetMap, ODbL). DQ: INCOMPLETE - geometry & identity captured; owner/region/importance INFERRED (verify). Missing: condition, conditionRating, lastInspectionDate, lga, yearBuilt, postingStatus. No engineering/inspection data from open source.",Active,,,,,,1,,,,,,,,,"OpenStreetMap (open data, ODbL)",https://www.openstreetmap.org/way/38062512,OSM:way/38062512,38062512,,"{""type"":""LineString"",""coordinates"":[[150.4754795,-34.4228834],[150.4752398,-34.4222297]]}"
,,OSM-38096449,Thurrung Street,Road Bridge,,,NSW,South East & Tablelands,,-36.219374,149.134593,,Local Council (inferred),,Beam Bridge,,,,,,,,22,,,,,,,,,,,,,"OPEN DATA (OpenStreetMap, ODbL). DQ: INCOMPLETE - geometry & identity captured; owner/region/importance INFERRED (verify). Missing: condition, conditionRating, lastInspectionDate, lga, yearBuilt, postingStatus. No engineering/inspection data from open source.",Active,,,,,,1,,,,,,,,,"OpenStreetMap (open data, ODbL)",https://www.openstreetmap.org/way/38096449,OSM:way/38096449,38096449,,"{""type"":""LineString"",""coordinates"":[[149.1344724,-36.2193509],[149.1347128,-36.2193973]]}"
,,OSM-38098691,Kelly Road,Road Bridge,,,NSW,South East & Tablelands,,-35.654788,149.164448,,Local Council (inferred),,Beam Bridge,,,,,,,,29,,,,,,,,,,,,,"OPEN DATA (OpenStreetMap, ODbL). DQ: INCOMPLETE - geometry & identity captured; owner/region/importance INFERRED (verify). Missing: condition, conditionRating, lastInspectionDate, lga, yearBuilt, postingStatus. No engineering/inspection data from open source.",Active,,,,,,1,,,,,,,,,"OpenStreetMap (open data, ODbL)",https://www.openstreetmap.org/way/38098691,OSM:way/38098691,38098691,,"{""type"":""LineString"",""coordinates"":[[149.1642853,-35.6547894],[149.1646117,-35.6547868]]}"
,,OSM-38099683,Bombala Line,Rail Bridge,,,NSW,South East & Tablelands,,-35.709414,149.166144,,Transport Asset Holding Entity (inferred),,Beam Bridge,,,,3.2,,,,23,,,,,,Restricted,,,,,,,"OPEN DATA (OpenStreetMap, ODbL). DQ: PARTIAL - geometry & identity captured; owner/region/importance INFERRED (verify). Missing: condition, conditionRating, lastInspectionDate, lga, yearBuilt. No engineering/inspection data from open source. HV: clearance 3.2m (posted, open data; NHVR gazettal/route approval NOT verified).",Active,,,,,,4,,,,,,,,,"OpenStreetMap (open data, ODbL)",https://www.openstreetmap.org/way/38099683,OSM:way/38099683,38099683,,"{""type"":""LineString"",""coordinates"":[[149.166147,-35.7093106],[149.1661409,-35.7095182]]}"
,,OSM-38099686,Michelago Creek,Rail Bridge,,,NSW,South East & Tablelands,,-35.716766,149.165927,,Transport Asset Holding Entity (inferred),,Beam Bridge,,,,,,,,72,,,,,,,,,,,,,"OPEN DATA (OpenStreetMap, ODbL). DQ: INCOMPLETE - geometry & identity captured; owner/region/importance INFERRED (verify). Missing: condition, conditionRating, lastInspectionDate, lga, yearBuilt, postingStatus. No engineering/inspection data from open source.",Active,,,,,,4,,,,,,,,,"OpenStreetMap (open data, ODbL)",https://www.openstreetmap.org/way/38099686,OSM:way/38099686,38099686,,"{""type"":""LineString"",""coordinates"":[[149.1659402,-35.716442],[149.1659132,-35.7170898]]}"
,,OSM-38100339,Bombala Line,Rail Bridge,,,NSW,South East & Tablelands,,-36.163957,149.162738,,Transport Asset Holding Entity (inferred),,Beam Bridge,,,,,,,,87,,,,,,,,,,,,,"OPEN DATA (OpenStreetMap, ODbL). DQ: INCOMPLETE - geometry & identity captured; owner/region/importance INFERRED (verify). Missing: condition, conditionRating, lastInspectionDate, lga, yearBuilt, postingStatus. No engineering/inspection data from open source.",Active,,,,,,4,,,,,,,,,"OpenStreetMap (open data, ODbL)",https://www.openstreetmap.org/way/38100339,OSM:way/38100339,38100339,,"{""type"":""LineString"",""coordinates"":[[149.1628496,-36.163575],[149.1626259,-36.1643394]]}"
,,A1,Princes Highway,Road Bridge,,A1,NSW,South East & Tablelands,,-37.091581,149.868786,,Transport for NSW (inferred),,Beam Bridge,,,,,,,,138,,2,,,,,,,,,,,"OPEN DATA (OpenStreetMap, ODbL). DQ: INCOMPLETE - geometry & identity captured; owner/region/importance INFERRED (verify). Missing: condition, conditionRating, lastInspectionDate, lga, yearBuilt, postingStatus. No engineering/inspection data from open source.",Active,,,,,,4,,,,,,,,,"OpenStreetMap (open data, ODbL)",https://www.openstreetmap.org/way/38128068,OSM:way/38128068,38128068,,"{""type"":""LineString"",""coordinates"":[[149.8688137,-37.0921996],[149.8687583,-37.0909624]]}"
,,A1,Princes Highway,Road Bridge,,A1,NSW,South East & Tablelands,,-36.938843,149.869385,,Transport for NSW (inferred),,Beam Bridge,,,,,,,,60,,2,,,,,,,,,,,"OPEN DATA (OpenStreetMap, ODbL). DQ: INCOMPLETE - geometry & identity captured; owner/region/importance INFERRED (verify). Missing: condition, conditionRating, lastInspectionDate, lga, yearBuilt, postingStatus. No engineering/inspection data from open source.",Active,,,,,,4,,,,,,,,,"OpenStreetMap (open data, ODbL)",https://www.openstreetmap.org/way/38128779,OSM:way/38128779,38128779,,"{""type"":""LineString"",""coordinates"":[[149.8691613,-36.9390715],[149.8693098,-36.9389355],[149.8694058,-36.9388348],[149.8694835,-36.9387404],[149.8695622,-36.9386346]]}"
,,A1,Grafton Street,Road Bridge,,A1,NSW,Regional NSW,,-30.293477,153.116604,,Transport for NSW (inferred),,Beam Bridge,2013,,,,,,,18,,2,,,,,,,,,,,"OPEN DATA (OpenStreetMap, ODbL). DQ: PARTIAL - geometry & identity captured; owner/region/importance INFERRED (verify). Missing: condition, conditionRating, lastInspectionDate, lga, postingStatus. No engineering/inspection data from open source.",Active,,,,,,4,,,,,,,,,"OpenStreetMap (open data, ODbL)",https://www.openstreetmap.org/way/38133897,OSM:way/38133897,38133897,,"{""type"":""LineString"",""coordinates"":[[153.1166657,-30.2934137],[153.1165423,-30.2935399]]}"
,,A1,Pacific Highway,Road Bridge,,A1,NSW,Mid North Coast,,-30.459062,153.00255,,Transport for NSW (inferred),,Beam Bridge,2013,,,,,,,264,,2,,,,,,,,,,,"OPEN DATA (OpenStreetMap, ODbL). DQ: PARTIAL - geometry & identity captured; owner/region/importance INFERRED (verify). Missing: condition, conditionRating, lastInspectionDate, lga, postingStatus. No engineering/inspection data from open source.",Active,,,,,,4,,,,,,,,,"OpenStreetMap (open data, ODbL)",https://www.openstreetmap.org/way/38169287,OSM:way/38169287,38169287,,"{""type"":""LineString"",""coordinates"":[[153.002678,-30.4579805],[153.0026334,-30.4582737],[153.0025855,-30.458593],[153.0025554,-30.4588867],[153.0025214,-30.4591746],[153.0024918,-30.4594735],[153.0024802,-30.4597687],[153.0024537,-30.4603481]]}"
,,A,Ulan Road,Road Bridge,,A,NSW,Central West & Orana,,-32.588667,149.589006,,Transport for NSW (inferred),,Beam Bridge,,,,,,,,58,,2,,,,,,,,,,,"OPEN DATA (OpenStreetMap, ODbL). DQ: INCOMPLETE - geometry & identity captured; owner/region/importance INFERRED (verify). Missing: condition, conditionRating, lastInspectionDate, lga, yearBuilt, postingStatus. No engineering/inspection data from open source.",Active,,,,,,2,,,,,,,,,"OpenStreetMap (open data, ODbL)",https://www.openstreetmap.org/way/38226915,OSM:way/38226915,38226915,,"{""type"":""LineString"",""coordinates"":[[149.588959,-32.5889252],[149.5890526,-32.5884081]]}"
,,OSM-38227067,Ferguson Crescent,Road Bridge,,,NSW,Illawarra & Shoalhaven,,-34.444739,150.463598,,Local Council (inferred),,Beam Bridge,,,,,,,,39,,,,,,,,,,,,,"OPEN DATA (OpenStreetMap, ODbL). DQ: INCOMPLETE - geometry & identity captured; owner/region/importance INFERRED (verify). Missing: condition, conditionRating, lastInspectionDate, lga, yearBuilt, postingStatus. No engineering/inspection data from open source.",Active,,,,,,1,,,,,,,,,"OpenStreetMap (open data, ODbL)",https://www.openstreetmap.org/way/38227067,OSM:way/38227067,38227067,,"{""type"":""LineString"",""coordinates"":[[150.4635787,-34.4445658],[150.4636169,-34.4449129]]}"
,,OSM-38227069,Ferguson Crescent,Road Bridge,,,NSW,Illawarra & Shoalhaven,,-34.447528,150.458936,,Local Council (inferred),,Beam Bridge,,,,,,,,23,,,,,,,,,,,,,"OPEN DATA (OpenStreetMap, ODbL). DQ: INCOMPLETE - geometry & identity captured; owner/region/importance INFERRED (verify). Missing: condition, conditionRating, lastInspectionDate, lga, yearBuilt, postingStatus. No engineering/inspection data from open source.",Active,,,,,,1,,,,,,,,,"OpenStreetMap (open data, ODbL)",https://www.openstreetmap.org/way/38227069,OSM:way/38227069,38227069,,"{""type"":""LineString"",""coordinates"":[[150.4590849,-34.4475388],[150.4588862,-34.447525],[150.4588363,-34.4475208]]}"
,,OSM-38273680,Cooks Hill Road,Road Bridge,,,NSW,South East & Tablelands,,-34.784556,148.946125,,Local Council (inferred),,Beam Bridge,,,,,,,,23,,,,,,,,,,,,,"OPEN DATA (OpenStreetMap, ODbL). DQ: INCOMPLETE - geometry & identity captured; owner/region/importance INFERRED (verify). Missing: condition, conditionRating, lastInspectionDate, lga, yearBuilt, postingStatus. No engineering/inspection data from open source.",Active,,,,,,1,,,,,,,,,"OpenStreetMap (open data, ODbL)",https://www.openstreetmap.org/way/38273680,OSM:way/38273680,38273680,,"{""type"":""LineString"",""coordinates"":[[148.9461916,-34.7846462],[148.9460594,-34.7844649]]}"
,,OSM-38312435,Main South Line,Rail Bridge,,,NSW,Illawarra & Shoalhaven,,-34.456598,150.426222,,Transport Asset Holding Entity (inferred),,Beam Bridge,,,,,,,,14,,,,,,,,,,,,,"OPEN DATA (OpenStreetMap, ODbL). DQ: INCOMPLETE - geometry & identity captured; owner/region/importance INFERRED (verify). Missing: condition, conditionRating, lastInspectionDate, lga, yearBuilt, postingStatus. No engineering/inspection data from open source.",Active,,,,,,4,,,,,,,,,"OpenStreetMap (open data, ODbL)",https://www.openstreetmap.org/way/38312435,OSM:way/38312435,38312435,,"{""type"":""LineString"",""coordinates"":[[150.4261463,-34.4566152],[150.4262972,-34.4565806]]}"
,,OSM-38357661,Fairleys Road,Road Bridge,,,NSW,Sydney Metropolitan,,-34.143606,150.60543,,Local Council (inferred),,Beam Bridge,,,,,,,,11,,,,,,,,,,,,,"OPEN DATA (OpenStreetMap, ODbL). DQ: INCOMPLETE - geometry & identity captured; owner/region/importance INFERRED (verify). Missing: condition, conditionRating, lastInspectionDate, lga, yearBuilt, postingStatus. No engineering/inspection data from open source.",Active,,,,,,1,,,,,,,,,"OpenStreetMap (open data, ODbL)",https://www.openstreetmap.org/way/38357661,OSM:way/38357661,38357661,,"{""type"":""LineString"",""coordinates"":[[150.6054634,-34.1436453],[150.605397,-34.1435676]]}"
,,OSM-38357663,Fairleys Road,Road Bridge,,,NSW,Sydney Metropolitan,,-34.151528,150.605551,,Local Council (inferred),,Beam Bridge,,,,,,,,15,,,,,,,,,,,,,"OPEN DATA (OpenStreetMap, ODbL). DQ: INCOMPLETE - geometry & identity captured; owner/region/importance INFERRED (verify). Missing: condition, conditionRating, lastInspectionDate, lga, yearBuilt, postingStatus. No engineering/inspection data from open source.",Active,,,,,,1,,,,,,,,,"OpenStreetMap (open data, ODbL)",https://www.openstreetmap.org/way/38357663,OSM:way/38357663,38357663,,"{""type"":""LineString"",""coordinates"":[[150.6054887,-34.1515742],[150.6056128,-34.1514814]]}"
,,OSM-38357665,Fairleys Road,Road Bridge,,,NSW,Sydney Metropolitan,,-34.159211,150.604028,,Local Council (inferred),,Beam Bridge,,,,,,,,12,,,,,,,,,,,,,"OPEN DATA (OpenStreetMap, ODbL). DQ: INCOMPLETE - geometry & identity captured; owner/region/importance INFERRED (verify). Missing: condition, conditionRating, lastInspectionDate, lga, yearBuilt, postingStatus. No engineering/inspection data from open source.",Active,,,,,,1,,,,,,,,,"OpenStreetMap (open data, ODbL)",https://www.openstreetmap.org/way/38357665,OSM:way/38357665,38357665,,"{""type"":""LineString"",""coordinates"":[[150.604005,-34.1592596],[150.604052,-34.1591631]]}"
,,OSM-38416203,Ashford Avenue,Road Bridge,,,NSW,Sydney Metropolitan,,-33.931126,150.990557,,Local Council (inferred),,Beam Bridge,,,,,,,,27,,2,,,,,,,,,,,"OPEN DATA (OpenStreetMap, ODbL). DQ: INCOMPLETE - geometry & identity captured; owner/region/importance INFERRED (verify). Missing: condition, conditionRating, lastInspectionDate, lga, yearBuilt, postingStatus. No engineering/inspection data from open source.",Active,,,,,,2,,,,,,,,,"OpenStreetMap (open data, ODbL)",https://www.openstreetmap.org/way/38416203,OSM:way/38416203,38416203,,"{""type"":""LineString"",""coordinates"":[[150.9905358,-33.9312466],[150.9905791,-33.9310063]]}"
,,OSM-38700950,Heritage Riverwalk,Shared Path Bridge,,,NSW,Mid North Coast,,-31.883442,152.652573,,Local Council (inferred),,Beam Bridge,,,,,,,,17,,,,,,,,,,,,,"OPEN DATA (OpenStreetMap, ODbL). DQ: INCOMPLETE - geometry & identity captured; owner/region/importance INFERRED (verify). Missing: condition, conditionRating, lastInspectionDate, lga, yearBuilt, postingStatus. No engineering/inspection data from open source.",Active,,,,,,1,,,,,,,,,"OpenStreetMap (open data, ODbL)",https://www.openstreetmap.org/way/38700950,OSM:way/38700950,38700950,,"{""type"":""LineString"",""coordinates"":[[152.6526365,-31.8834973],[152.6525962,-31.8834532],[152.6525462,-31.8834284],[152.6525124,-31.8833911]]}"
,,OSM-38701056,Heritage Riverwalk,Shared Path Bridge,,,NSW,Mid North Coast,,-31.884842,152.654259,,Local Council (inferred),,Beam Bridge,,,,,,,,16,,,,,,,,,,,,,"OPEN DATA (OpenStreetMap, ODbL). DQ: INCOMPLETE - geometry & identity captured; owner/region/importance INFERRED (verify). Missing: condition, conditionRating, lastInspectionDate, lga, yearBuilt, postingStatus. No engineering/inspection data from open source.",Active,,,,,,1,,,,,,,,,"OpenStreetMap (open data, ODbL)",https://www.openstreetmap.org/way/38701056,OSM:way/38701056,38701056,,"{""type"":""LineString"",""coordinates"":[[152.6543175,-31.8848968],[152.6542015,-31.884788]]}"
,,OSM-38701483,Baruah Parade,Road Bridge,,,NSW,Mid North Coast,,-31.883446,152.6552,,Local Council (inferred),,Beam Bridge,,,,,,,,37,,,,,,,,,,,,,"OPEN DATA (OpenStreetMap, ODbL). DQ: INCOMPLETE - geometry & identity captured; owner/region/importance INFERRED (verify). Missing: condition, conditionRating, lastInspectionDate, lga, yearBuilt, postingStatus. No engineering/inspection data from open source.",Active,,,,,,1,,,,,,,,,"OpenStreetMap (open data, ODbL)",https://www.openstreetmap.org/way/38701483,OSM:way/38701483,38701483,,"{""type"":""LineString"",""coordinates"":[[152.6550943,-31.8833081],[152.6553065,-31.883584]]}"
,,OSM-38746271,John Ian Wing Parade,Road Bridge,,,NSW,Sydney Metropolitan,,-33.844932,151.054385,,Local Council (inferred),,Beam Bridge,,,,,,,,46,,2,,,,,,,,,,,"OPEN DATA (OpenStreetMap, ODbL). DQ: INCOMPLETE - geometry & identity captured; owner/region/importance INFERRED (verify). Missing: condition, conditionRating, lastInspectionDate, lga, yearBuilt, postingStatus. No engineering/inspection data from open source.",Active,,,,,,1,,,,,,,,,"OpenStreetMap (open data, ODbL)",https://www.openstreetmap.org/way/38746271,OSM:way/38746271,38746271,,"{""type"":""LineString"",""coordinates"":[[151.054498,-33.8451164],[151.0542724,-33.8447485]]}"
,,OSM-38805128,Kooraban Street,Road Bridge,,,NSW,Sydney Metropolitan,,-34.135273,150.994149,,Local Council (inferred),,Beam Bridge,,,,,,,,32,,2,,,,,,,,,,,"OPEN DATA (OpenStreetMap, ODbL). DQ: INCOMPLETE - geometry & identity captured; owner/region/importance INFERRED (verify). Missing: condition, conditionRating, lastInspectionDate, lga, yearBuilt, postingStatus. No engineering/inspection data from open source.",Active,,,,,,1,,,,,,,,,"OpenStreetMap (open data, ODbL)",https://www.openstreetmap.org/way/38805128,OSM:way/38805128,38805128,,"{""type"":""LineString"",""coordinates"":[[150.9939775,-34.1352886],[150.9943196,-34.1352577]]}"
,,B65,Springhill Road,Road Bridge,,B65,NSW,Illawarra & Shoalhaven,,-34.444033,150.879601,,Transport for NSW (inferred),,Beam Bridge,,,,,,,,69,,,,,,,,,,,,,"OPEN DATA (OpenStreetMap, ODbL). DQ: INCOMPLETE - geometry & identity captured; owner/region/importance INFERRED (verify). Missing: condition, conditionRating, lastInspectionDate, lga, yearBuilt, postingStatus. No engineering/inspection data from open source.",Active,,,,,,3,,,,,,,,,"OpenStreetMap (open data, ODbL)",https://www.openstreetmap.org/way/38812088,OSM:way/38812088,38812088,,"{""type"":""LineString"",""coordinates"":[[150.8799635,-34.4439511],[150.8792389,-34.4441149]]}"
,,B65,Springhill Road,Road Bridge,,B65,NSW,Illawarra & Shoalhaven,,-34.444456,150.877747,,Transport for NSW (inferred),,Beam Bridge,,,,,,,,42,,,,,,,,,,,,,"OPEN DATA (OpenStreetMap, ODbL). DQ: INCOMPLETE - geometry & identity captured; owner/region/importance INFERRED (verify). Missing: condition, conditionRating, lastInspectionDate, lga, yearBuilt, postingStatus. No engineering/inspection data from open source.",Active,,,,,,3,,,,,,,,,"OpenStreetMap (open data, ODbL)",https://www.openstreetmap.org/way/38812092,OSM:way/38812092,38812092,,"{""type"":""LineString"",""coordinates"":[[150.8775462,-34.4445461],[150.8779468,-34.4443658]]}"
,,B65,Springhill Road,Road Bridge,,B65,NSW,Illawarra & Shoalhaven,,-34.44458,150.877833,,Transport for NSW (inferred),,Beam Bridge,,,,,,,,40,,,,,,,,,,,,,"OPEN DATA (OpenStreetMap, ODbL). DQ: INCOMPLETE - geometry & identity captured; owner/region/importance INFERRED (verify). Missing: condition, conditionRating, lastInspectionDate, lga, yearBuilt, postingStatus. No engineering/inspection data from open source.",Active,,,,,,3,,,,,,,,,"OpenStreetMap (open data, ODbL)",https://www.openstreetmap.org/way/38812094,OSM:way/38812094,38812094,,"{""type"":""LineString"",""coordinates"":[[150.8780205,-34.4444903],[150.8776464,-34.44467]]}"
,,F,Loop Road,Road Bridge,,F,NSW,Illawarra & Shoalhaven,,-34.463495,150.877329,,Local Council (inferred),,Beam Bridge,,,,,,,,55,,,,,,,,,,,,,"OPEN DATA (OpenStreetMap, ODbL). DQ: INCOMPLETE - geometry & identity captured; owner/region/importance INFERRED (verify). Missing: condition, conditionRating, lastInspectionDate, lga, yearBuilt, postingStatus. No engineering/inspection data from open source.",Active,,,,,,1,,,,,,,,,"OpenStreetMap (open data, ODbL)",https://www.openstreetmap.org/way/38849274,OSM:way/38849274,38849274,,"{""type"":""LineString"",""coordinates"":[[150.8775985,-34.4636017],[150.8770588,-34.4633879]]}"
,,OSM-38858987,Jerrawa Road,Road Bridge,,,NSW,South East & Tablelands,,-34.784427,149.120092,,Local Council (inferred),,Beam Bridge,,,,,,,,25,,,,,,,,,,,,,"OPEN DATA (OpenStreetMap, ODbL). DQ: INCOMPLETE - geometry & identity captured; owner/region/importance INFERRED (verify). Missing: condition, conditionRating, lastInspectionDate, lga, yearBuilt, postingStatus. No engineering/inspection data from open source.",Active,,,,,,1,,,,,,,,,"OpenStreetMap (open data, ODbL)",https://www.openstreetmap.org/way/38858987,OSM:way/38858987,38858987,,"{""type"":""LineString"",""coordinates"":[[149.1201165,-34.7843176],[149.1200682,-34.7845354]]}"
,,OSM-38896747,Crystal Street Railway Bridge,Shared Path Bridge,,,NSW,Sydney Metropolitan,,-33.893692,151.157452,,Local Council (inferred),,Beam Bridge,,,,,,,,46,,,,,,,,,,,,,"OPEN DATA (OpenStreetMap, ODbL). DQ: INCOMPLETE - geometry & identity captured; owner/region/importance INFERRED (verify). Missing: condition, conditionRating, lastInspectionDate, lga, yearBuilt, postingStatus. No engineering/inspection data from open source.",Active,,,,,,1,,,,,,,,,"OpenStreetMap (open data, ODbL)",https://www.openstreetmap.org/way/38896747,OSM:way/38896747,38896747,,"{""type"":""LineString"",""coordinates"":[[151.157521,-33.8934925],[151.1573823,-33.8938905]]}"
,,OSM-38911349,Mutton Falls Road,Road Bridge,,,NSW,Central West & Orana,,-33.54033,149.876582,,Local Council (inferred),,Beam Bridge,,,,,,,,58,,,,,,,,,,,,,"OPEN DATA (OpenStreetMap, ODbL). DQ: INCOMPLETE - geometry & identity captured; owner/region/importance INFERRED (verify). Missing: condition, conditionRating, lastInspectionDate, lga, yearBuilt, postingStatus. No engineering/inspection data from open source.",Active,,,,,,1,,,,,,,,,"OpenStreetMap (open data, ODbL)",https://www.openstreetmap.org/way/38911349,OSM:way/38911349,38911349,,"{""type"":""LineString"",""coordinates"":[[149.8762856,-33.5404087],[149.8768777,-33.5402506]]}"
,,24;26,Tuckombil Road,Road Bridge,,24;26,NSW,Northern Rivers,,-29.084883,153.338797,,Transport for NSW (inferred),,Beam Bridge,2013,,,,,,,110,,2,,,,,,,,,,,"OPEN DATA (OpenStreetMap, ODbL). DQ: PARTIAL - geometry & identity captured; owner/region/importance INFERRED (verify). Missing: condition, conditionRating, lastInspectionDate, lga, postingStatus. No engineering/inspection data from open source.",Active,,,,,,2,,,,,,,,,"OpenStreetMap (open data, ODbL)",https://www.openstreetmap.org/way/38940098,OSM:way/38940098,38940098,,"{""type"":""LineString"",""coordinates"":[[153.3387414,-29.0853746],[153.3388528,-29.0843914]]}"
,,OSM-38953054,Upper Orara Road,Road Bridge,,,NSW,Regional NSW,,-30.256475,153.043626,,Local Council (inferred),,Beam Bridge,,,,,,,,29,,,,,,,,,,,,,"OPEN DATA (OpenStreetMap, ODbL). DQ: INCOMPLETE - geometry & identity captured; owner/region/importance INFERRED (verify). Missing: condition, conditionRating, lastInspectionDate, lga, yearBuilt, postingStatus. No engineering/inspection data from open source.",Active,,,,,,1,,,,,,,,,"OpenStreetMap (open data, ODbL)",https://www.openstreetmap.org/way/38953054,OSM:way/38953054,38953054,,"{""type"":""LineString"",""coordinates"":[[153.0437106,-30.2563658],[153.0435413,-30.2565848]]}"
,,OSM-38956139,Beach Road,Road Bridge,,,NSW,Regional NSW,,-30.047642,153.193518,,Local Council (inferred),,Beam Bridge,,,,,,,,17,,,,,,,,,,,,,"OPEN DATA (OpenStreetMap, ODbL). DQ: INCOMPLETE - geometry & identity captured; owner/region/importance INFERRED (verify). Missing: condition, conditionRating, lastInspectionDate, lga, yearBuilt, postingStatus. No engineering/inspection data from open source.",Active,,,,,,1,,,,,,,,,"OpenStreetMap (open data, ODbL)",https://www.openstreetmap.org/way/38956139,OSM:way/38956139,38956139,,"{""type"":""LineString"",""coordinates"":[[153.1934332,-30.0476295],[153.1936037,-30.0476548]]}"
,,OSM-38956235,Armidale Road,Road Bridge,,,NSW,Regional NSW,,-29.822775,152.892166,,Local Council (inferred),,Beam Bridge,,,,,,,,113,,2,,,,,,,,,,,"OPEN DATA (OpenStreetMap, ODbL). DQ: INCOMPLETE - geometry & identity captured; owner/region/importance INFERRED (verify). Missing: condition, conditionRating, lastInspectionDate, lga, yearBuilt, postingStatus. No engineering/inspection data from open source.",Active,,,,,,2,,,,,,,,,"OpenStreetMap (open data, ODbL)",https://www.openstreetmap.org/way/38956235,OSM:way/38956235,38956235,,"{""type"":""LineString"",""coordinates"":[[152.8925892,-29.8224238],[152.8917424,-29.8231252]]}"
,,OSM-38956432,North Coast Line,Rail Bridge,,,NSW,Regional NSW,,-29.688696,152.935394,,Transport Asset Holding Entity (inferred),,Beam Bridge,,,,,,,,43,,,,,,,,,,,,,"OPEN DATA (OpenStreetMap, ODbL). DQ: INCOMPLETE - geometry & identity captured; owner/region/importance INFERRED (verify). Missing: condition, conditionRating, lastInspectionDate, lga, yearBuilt, postingStatus. No engineering/inspection data from open source.",Active,,,,,,4,,,,,,,,,"OpenStreetMap (open data, ODbL)",https://www.openstreetmap.org/way/38956432,OSM:way/38956432,38956432,,"{""type"":""LineString"",""coordinates"":[[152.9355751,-29.6888103],[152.9352123,-29.6885819]]}"
,,OSM-38956433,North Coast Line,Rail Bridge,,,NSW,Regional NSW,,-29.689663,152.936935,,Transport Asset Holding Entity (inferred),,Beam Bridge,,,,,,,,44,,,,,,,,,,,,,"OPEN DATA (OpenStreetMap, ODbL). DQ: INCOMPLETE - geometry & identity captured; owner/region/importance INFERRED (verify). Missing: condition, conditionRating, lastInspectionDate, lga, yearBuilt, postingStatus. No engineering/inspection data from open source.",Active,,,,,,4,,,,,,,,,"OpenStreetMap (open data, ODbL)",https://www.openstreetmap.org/way/38956433,OSM:way/38956433,38956433,,"{""type"":""LineString"",""coordinates"":[[152.9371215,-29.6897795],[152.9367482,-29.6895455]]}"
,,OSM-38956439,North Coast Line,Rail Bridge,,,NSW,Regional NSW,,-29.690883,152.93888,,Transport Asset Holding Entity (inferred),,Beam Bridge,,,,,,,,37,,,,,,,,,,,,,"OPEN DATA (OpenStreetMap, ODbL). DQ: INCOMPLETE - geometry & identity captured; owner/region/importance INFERRED (verify). Missing: condition, conditionRating, lastInspectionDate, lga, yearBuilt, postingStatus. No engineering/inspection data from open source.",Active,,,,,,4,,,,,,,,,"OpenStreetMap (open data, ODbL)",https://www.openstreetmap.org/way/38956439,OSM:way/38956439,38956439,,"{""type"":""LineString"",""coordinates"":[[152.9390365,-29.6909831],[152.9387242,-29.6907835]]}"
,,OSM-38956444,North Coast Line,Rail Bridge,,,NSW,Regional NSW,,-29.692391,152.940634,,Transport Asset Holding Entity (inferred),,Beam Bridge,,,,,,,,36,,,,,,,,,,,,,"OPEN DATA (OpenStreetMap, ODbL). DQ: INCOMPLETE - geometry & identity captured; owner/region/importance INFERRED (verify). Missing: condition, conditionRating, lastInspectionDate, lga, yearBuilt, postingStatus. No engineering/inspection data from open source.",Active,,,,,,4,,,,,,,,,"OpenStreetMap (open data, ODbL)",https://www.openstreetmap.org/way/38956444,OSM:way/38956444,38956444,,"{""type"":""LineString"",""coordinates"":[[152.9407274,-29.6925297],[152.9405415,-29.6922516]]}"
,,A6,Alfords Point Road,Road Bridge,,A6,NSW,Sydney Metropolitan,,-33.977818,151.030455,,Transport for NSW (inferred),,Beam Bridge,,,,,,,,450,,3,,,,,,,,,,,"OPEN DATA (OpenStreetMap, ODbL). DQ: INCOMPLETE - geometry & identity captured; owner/region/importance INFERRED (verify). Missing: condition, conditionRating, lastInspectionDate, lga, yearBuilt, postingStatus. No engineering/inspection data from open source.",Active,,,,,,4,,,,,,,,,"OpenStreetMap (open data, ODbL)",https://www.openstreetmap.org/way/39015461,OSM:way/39015461,39015461,,"{""type"":""LineString"",""coordinates"":[[151.0309912,-33.9757048],[151.0305969,-33.9772595],[151.0302454,-33.9786457],[151.0299877,-33.9796618]]}"
,,OSM-39016854,Sapphire Road,Road Bridge,,,NSW,South East & Tablelands,,-34.565387,149.259333,,Local Council (inferred),,Beam Bridge,,,,,,,,14,,,,,,,,,,,,,"OPEN DATA (OpenStreetMap, ODbL). DQ: INCOMPLETE - geometry & identity captured; owner/region/importance INFERRED (verify). Missing: condition, conditionRating, lastInspectionDate, lga, yearBuilt, postingStatus. No engineering/inspection data from open source.",Active,,,,,,1,,,,,,,,,"OpenStreetMap (open data, ODbL)",https://www.openstreetmap.org/way/39016854,OSM:way/39016854,39016854,,"{""type"":""LineString"",""coordinates"":[[149.259382,-34.5653364],[149.2592838,-34.5654385]]}"
,,OSM-39068167,Sierra Street,Road Bridge,,,NSW,Illawarra & Shoalhaven,,-34.366086,150.539974,,Local Council (inferred),,Beam Bridge,,,,,,,,59,,,,,,,,,,,,,"OPEN DATA (OpenStreetMap, ODbL). DQ: INCOMPLETE - geometry & identity captured; owner/region/importance INFERRED (verify). Missing: condition, conditionRating, lastInspectionDate, lga, yearBuilt, postingStatus. No engineering/inspection data from open source.",Active,,,,,,1,,,,,,,,,"OpenStreetMap (open data, ODbL)",https://www.openstreetmap.org/way/39068167,OSM:way/39068167,39068167,,"{""type"":""LineString"",""coordinates"":[[150.5396573,-34.3660424],[150.5402909,-34.3661294]]}"
,,OSM-39075151,Main South Line,Rail Bridge,,,NSW,Illawarra & Shoalhaven,,-34.390782,150.530862,,Transport Asset Holding Entity (inferred),,Beam Bridge,,,,,,,,26,,,,,,,,,,,,,"OPEN DATA (OpenStreetMap, ODbL). DQ: INCOMPLETE - geometry & identity captured; owner/region/importance INFERRED (verify). Missing: condition, conditionRating, lastInspectionDate, lga, yearBuilt, postingStatus. No engineering/inspection data from open source.",Active,,,,,,4,,,,,,,,,"OpenStreetMap (open data, ODbL)",https://www.openstreetmap.org/way/39075151,OSM:way/39075151,39075151,,"{""type"":""LineString"",""coordinates"":[[150.5309951,-34.3908276],[150.5307295,-34.3907371]]}"
,,OSM-39075502,Main South Line,Rail Bridge,,,NSW,Illawarra & Shoalhaven,,-34.376636,150.537034,,Transport Asset Holding Entity (inferred),,Beam Bridge,,,,,,,,11,,,,,,,,,,,,,"OPEN DATA (OpenStreetMap, ODbL). DQ: INCOMPLETE - geometry & identity captured; owner/region/importance INFERRED (verify). Missing: condition, conditionRating, lastInspectionDate, lga, yearBuilt, postingStatus. No engineering/inspection data from open source.",Active,,,,,,4,,,,,,,,,"OpenStreetMap (open data, ODbL)",https://www.openstreetmap.org/way/39075502,OSM:way/39075502,39075502,,"{""type"":""LineString"",""coordinates"":[[150.5369763,-34.3766411],[150.5370912,-34.3766313]]}"
,,OSM-39159168,King Street Offramp,Road Bridge,,,NSW,Sydney Metropolitan,,-33.870438,151.202814,,Local Council (inferred),,Beam Bridge,2013,,,,,,,151,,2,,,,,,,,,,,"OPEN DATA (OpenStreetMap, ODbL). DQ: PARTIAL - geometry & identity captured; owner/region/importance INFERRED (verify). Missing: condition, conditionRating, lastInspectionDate, lga, postingStatus. No engineering/inspection data from open source.",Active,,,,,,4,,,,,,,,,"OpenStreetMap (open data, ODbL)",https://www.openstreetmap.org/way/39159168,OSM:way/39159168,39159168,,"{""type"":""LineString"",""coordinates"":[[151.2027944,-33.8710826],[151.2028125,-33.8705047],[151.2028361,-33.8697257]]}"
,,OSM-39159515,Cahill Walk,Pedestrian Bridge,,,NSW,Sydney Metropolitan,,-33.858011,151.207353,,Local Council (inferred),,Beam Bridge,,,,,,,,536,,,,,,,,,,,,,"OPEN DATA (OpenStreetMap, ODbL). DQ: INCOMPLETE - geometry & identity captured; owner/region/importance INFERRED (verify). Missing: condition, conditionRating, lastInspectionDate, lga, yearBuilt, postingStatus. No engineering/inspection data from open source.",Active,,,,,,1,,,,,,,,,"OpenStreetMap (open data, ODbL)",https://www.openstreetmap.org/way/39159515,OSM:way/39159515,39159515,,"{""type"":""LineString"",""coordinates"":[[151.2094062,-33.8547397],[151.2090999,-33.8551708],[151.2071754,-33.8582635],[151.2069639,-33.8585873],[151.2069033,-33.8586856],[151.2068818,-33.8587204],[151.206796,-33.8589308],[151.2067789,-33.8589748],[151.2067652,-33.8590101],[151.2067598,-33.8590232]]}"
,,M31,Hume Highway,Road Bridge,,M31,NSW,Riverina,,-35.92545,147.01016,,Transport for NSW (inferred),,Beam Bridge,,,,,,,,53,,2,,,,,,,,,,,"OPEN DATA (OpenStreetMap, ODbL). DQ: INCOMPLETE - geometry & identity captured; owner/region/importance INFERRED (verify). Missing: condition, conditionRating, lastInspectionDate, lga, yearBuilt, postingStatus. No engineering/inspection data from open source.",Active,,,,,,4,,,,,,,,,"OpenStreetMap (open data, ODbL)",https://www.openstreetmap.org/way/39207231,OSM:way/39207231,39207231,,"{""type"":""LineString"",""coordinates"":[[147.0104389,-35.9253667],[147.0098821,-35.9255329]]}"
,,OSM-39235326,Davey Road,Road Bridge,,,NSW,Riverina,,-36.001707,146.991922,,Local Council (inferred),,Beam Bridge,,,,,,,,55,,,,,,,,,,,,,"OPEN DATA (OpenStreetMap, ODbL). DQ: INCOMPLETE - geometry & identity captured; owner/region/importance INFERRED (verify). Missing: condition, conditionRating, lastInspectionDate, lga, yearBuilt, postingStatus. No engineering/inspection data from open source.",Active,,,,,,2,,,,,,,,,"OpenStreetMap (open data, ODbL)",https://www.openstreetmap.org/way/39235326,OSM:way/39235326,39235326,,"{""type"":""LineString"",""coordinates"":[[146.9916187,-36.0016679],[146.9922254,-36.0017456]]}"
,,B76,Gwydir Highway,Road Bridge,,B76,NSW,Regional NSW,,-29.649604,152.7986,,Transport for NSW (inferred),,Beam Bridge,,,,,,,,209,,2,,,,,,,,,,,"OPEN DATA (OpenStreetMap, ODbL). DQ: INCOMPLETE - geometry & identity captured; owner/region/importance INFERRED (verify). Missing: condition, conditionRating, lastInspectionDate, lga, yearBuilt, postingStatus. No engineering/inspection data from open source.",Active,,,,,,3,,,,,,,,,"OpenStreetMap (open data, ODbL)",https://www.openstreetmap.org/way/39238824,OSM:way/39238824,39238824,,"{""type"":""LineString"",""coordinates"":[[152.7982259,-29.6488087],[152.7983303,-29.6491023],[152.7983988,-29.6492648],[152.7984815,-29.6494361],[152.7987339,-29.649868],[152.7989324,-29.650224],[152.7990981,-29.650525]]}"
,,OSM-39238946,Old Glen Innes Road,Road Bridge,,,NSW,Regional NSW,,-29.722816,152.810277,,Local Council (inferred),,Beam Bridge,,,,,,,,119,,,,,,,,,,,,,"OPEN DATA (OpenStreetMap, ODbL). DQ: INCOMPLETE - geometry & identity captured; owner/region/importance INFERRED (verify). Missing: condition, conditionRating, lastInspectionDate, lga, yearBuilt, postingStatus. No engineering/inspection data from open source.",Active,,,,,,1,,,,,,,,,"OpenStreetMap (open data, ODbL)",https://www.openstreetmap.org/way/39238946,OSM:way/39238946,39238946,,"{""type"":""LineString"",""coordinates"":[[152.8103238,-29.7222813],[152.8102299,-29.7233502]]}"
,,OSM-39241358,Yamba Road,Road Bridge,,,NSW,Northern Rivers,,-29.432085,153.265569,,Local Council (inferred),,Beam Bridge,,,,,,,,72,,2,,,,,,,,,,,"OPEN DATA (OpenStreetMap, ODbL). DQ: INCOMPLETE - geometry & identity captured; owner/region/importance INFERRED (verify). Missing: condition, conditionRating, lastInspectionDate, lga, yearBuilt, postingStatus. No engineering/inspection data from open source.",Active,,,,,,2,,,,,,,,,"OpenStreetMap (open data, ODbL)",https://www.openstreetmap.org/way/39241358,OSM:way/39241358,39241358,,"{""type"":""LineString"",""coordinates"":[[153.265213,-29.4319879],[153.2659249,-29.4321828]]}"
,,30,River Street,Road Bridge,,30,NSW,Northern Rivers,,-28.864755,153.547284,,Transport for NSW (inferred),,Beam Bridge,,,,,,,,69,,,,,,,,,,,,,"OPEN DATA (OpenStreetMap, ODbL). DQ: INCOMPLETE - geometry & identity captured; owner/region/importance INFERRED (verify). Missing: condition, conditionRating, lastInspectionDate, lga, yearBuilt, postingStatus. No engineering/inspection data from open source.",Active,,,,,,2,,,,,,,,,"OpenStreetMap (open data, ODbL)",https://www.openstreetmap.org/way/39241725,OSM:way/39241725,39241725,,"{""type"":""LineString"",""coordinates"":[[153.5469849,-28.8645905],[153.547583,-28.8649204]]}"
,,OSM-39241786,Tamarind Drive,Road Bridge,,,NSW,Northern Rivers,,-28.854771,153.558389,,Local Council (inferred),,Beam Bridge,,,,,,,,68,,,,,,,,,,,,,"OPEN DATA (OpenStreetMap, ODbL). DQ: INCOMPLETE - geometry & identity captured; owner/region/importance INFERRED (verify). Missing: condition, conditionRating, lastInspectionDate, lga, yearBuilt, postingStatus. No engineering/inspection data from open source.",Active,,,,,,2,,,,,,,,,"OpenStreetMap (open data, ODbL)",https://www.openstreetmap.org/way/39241786,OSM:way/39241786,39241786,,"{""type"":""LineString"",""coordinates"":[[153.558642,-28.8549835],[153.5581353,-28.8545588]]}"
,,OSM-39242841,Ross Lane,Road Bridge,,,NSW,Northern Rivers,,-28.788369,153.563776,,Local Council (inferred),,Beam Bridge,,,,,,,,18,,,,,,,,,,,,,"OPEN DATA (OpenStreetMap, ODbL). DQ: INCOMPLETE - geometry & identity captured; owner/region/importance INFERRED (verify). Missing: condition, conditionRating, lastInspectionDate, lga, yearBuilt, postingStatus. No engineering/inspection data from open source.",Active,,,,,,2,,,,,,,,,"OpenStreetMap (open data, ODbL)",https://www.openstreetmap.org/way/39242841,OSM:way/39242841,39242841,,"{""type"":""LineString"",""coordinates"":[[153.5638666,-28.788359],[153.5636851,-28.7883789]]}"
,,OSM-39247181,Matthews Lane,Road Bridge,,,NSW,Sydney Metropolitan,,-34.185327,150.613771,,Local Council (inferred),,Beam Bridge,,,,,,,,30,,1,,,,Restricted,,,,,,,"OPEN DATA (OpenStreetMap, ODbL). DQ: PARTIAL - geometry & identity captured; owner/region/importance INFERRED (verify). Missing: condition, conditionRating, lastInspectionDate, lga, yearBuilt. No engineering/inspection data from open source. HV: load limit 6t (posted, open data; NHVR gazettal/route approval NOT verified).",Active,,,,6,,1,,,,,,,,,"OpenStreetMap (open data, ODbL)",https://www.openstreetmap.org/way/39247181,OSM:way/39247181,39247181,,"{""type"":""LineString"",""coordinates"":[[150.6136091,-34.1853397],[150.6139337,-34.1853145]]}"
,,12,South West Rocks Road,Road Bridge,,12,NSW,Mid North Coast,,-30.931274,153.036495,,Transport for NSW (inferred),,Beam Bridge,,,,,,,,39,,2,,,,,,,,,,,"OPEN DATA (OpenStreetMap, ODbL). DQ: INCOMPLETE - geometry & identity captured; owner/region/importance INFERRED (verify). Missing: condition, conditionRating, lastInspectionDate, lga, yearBuilt, postingStatus. No engineering/inspection data from open source.",Active,,,,,,2,,,,,,,,,"OpenStreetMap (open data, ODbL)",https://www.openstreetmap.org/way/39288335,OSM:way/39288335,39288335,,"{""type"":""LineString"",""coordinates"":[[153.0364161,-30.9314342],[153.0365745,-30.9311146]]}"
,,12,South West Rocks Road,Road Bridge,,12,NSW,Mid North Coast,,-30.93255,153.03624,,Transport for NSW (inferred),,Beam Bridge,,,,,,,,43,,2,,,,,,,,,,,"OPEN DATA (OpenStreetMap, ODbL). DQ: INCOMPLETE - geometry & identity captured; owner/region/importance INFERRED (verify). Missing: condition, conditionRating, lastInspectionDate, lga, yearBuilt, postingStatus. No engineering/inspection data from open source.",Active,,,,,,2,,,,,,,,,"OpenStreetMap (open data, ODbL)",https://www.openstreetmap.org/way/39288340,OSM:way/39288340,39288340,,"{""type"":""LineString"",""coordinates"":[[153.0362133,-30.9327401],[153.0362661,-30.9323596]]}"
,,OSM-39288516,South West Rocks Road,Road Bridge,,,NSW,Mid North Coast,,-31.032251,152.9435,,Local Council (inferred),,Beam Bridge,,,,,,,,103,,,,,,,,,,,,,"OPEN DATA (OpenStreetMap, ODbL). DQ: INCOMPLETE - geometry & identity captured; owner/region/importance INFERRED (verify). Missing: condition, conditionRating, lastInspectionDate, lga, yearBuilt, postingStatus. No engineering/inspection data from open source.",Active,,,,,,2,,,,,,,,,"OpenStreetMap (open data, ODbL)",https://www.openstreetmap.org/way/39288516,OSM:way/39288516,39288516,,"{""type"":""LineString"",""coordinates"":[[152.9429709,-31.0323531],[152.9440282,-31.0321489]]}"
,,OSM-39294915,C2 City - Queanbeyan,Shared Path Bridge,,,NSW,South East & Tablelands,,-35.343367,149.213552,,Local Council (inferred),,Beam Bridge,,,,,,,,19,2,,,,,,,,,,,,"OPEN DATA (OpenStreetMap, ODbL). DQ: INCOMPLETE - geometry & identity captured; owner/region/importance INFERRED (verify). Missing: condition, conditionRating, lastInspectionDate, lga, yearBuilt, postingStatus. No engineering/inspection data from open source.",Active,,,,,,1,,,,,,,,,"OpenStreetMap (open data, ODbL)",https://www.openstreetmap.org/way/39294915,OSM:way/39294915,39294915,,"{""type"":""LineString"",""coordinates"":[[149.2134889,-35.343299],[149.2136153,-35.3434359]]}"
,,OSM-39335982,Wooyung Road,Road Bridge,,,NSW,Northern Rivers,,-28.462646,153.505504,,Local Council (inferred),,Beam Bridge,,,,,,,,69,,,,,,Restricted,,,,,,,"OPEN DATA (OpenStreetMap, ODbL). DQ: PARTIAL - geometry & identity captured; owner/region/importance INFERRED (verify). Missing: condition, conditionRating, lastInspectionDate, lga, yearBuilt. No engineering/inspection data from open source. HV: load limit 14.5t (posted, open data; NHVR gazettal/route approval NOT verified).",Active,,,,14.5,,1,,,,,,,,,"OpenStreetMap (open data, ODbL)",https://www.openstreetmap.org/way/39335982,OSM:way/39335982,39335982,,"{""type"":""LineString"",""coordinates"":[[153.5057967,-28.4624686],[153.5052114,-28.4628229]]}"
,,OSM-39336196,Wooyung Road,Road Bridge,,,NSW,Northern Rivers,,-28.463186,153.504514,,Local Council (inferred),,Beam Bridge,,,,,,,,27,,,,,,Restricted,,,,,,,"OPEN DATA (OpenStreetMap, ODbL). DQ: PARTIAL - geometry & identity captured; owner/region/importance INFERRED (verify). Missing: condition, conditionRating, lastInspectionDate, lga, yearBuilt. No engineering/inspection data from open source. HV: load limit 14.5t (posted, open data; NHVR gazettal/route approval NOT verified).",Active,,,,14.5,,1,,,,,,,,,"OpenStreetMap (open data, ODbL)",https://www.openstreetmap.org/way/39336196,OSM:way/39336196,39336196,,"{""type"":""LineString"",""coordinates"":[[153.504633,-28.4631218],[153.5043956,-28.4632494]]}"
,,OSM-39336199,Murwillumbah Line,Rail Bridge,,,NSW,Northern Rivers,,-28.467639,153.505717,,Transport Asset Holding Entity (inferred),,Beam Bridge,,,,,,,,25,,,,,,,,,,,,,"OPEN DATA (OpenStreetMap, ODbL). DQ: INCOMPLETE - geometry & identity captured; owner/region/importance INFERRED (verify). Missing: condition, conditionRating, lastInspectionDate, lga, yearBuilt, postingStatus. No engineering/inspection data from open source.",Active,,,,,,4,,,,,,,,,"OpenStreetMap (open data, ODbL)",https://www.openstreetmap.org/way/39336199,OSM:way/39336199,39336199,,"{""type"":""LineString"",""coordinates"":[[153.5057431,-28.4675295],[153.5056899,-28.4677478]]}"
,,OSM-39336415,Tweed Coast Road,Road Bridge,,,NSW,Northern Rivers,,-28.39198,153.566471,,Local Council (inferred),,Beam Bridge,,,,,,,,129,,,,,,,,,,,,,"OPEN DATA (OpenStreetMap, ODbL). DQ: INCOMPLETE - geometry & identity captured; owner/region/importance INFERRED (verify). Missing: condition, conditionRating, lastInspectionDate, lga, yearBuilt, postingStatus. No engineering/inspection data from open source.",Active,,,,,,1,,,,,,,,,"OpenStreetMap (open data, ODbL)",https://www.openstreetmap.org/way/39336415,OSM:way/39336415,39336415,,"{""type"":""LineString"",""coordinates"":[[153.566811,-28.3922753],[153.566729,-28.3922016],[153.5658737,-28.3914623]]}"
,,OSM-39349588,Wambool Road,Road Bridge,,,NSW,Central West & Orana,,-33.512652,149.757122,,Local Council (inferred),,Beam Bridge,,,,,,,,20,,,,,,,,,,,,,"OPEN DATA (OpenStreetMap, ODbL). DQ: INCOMPLETE - geometry & identity captured; owner/region/importance INFERRED (verify). Missing: condition, conditionRating, lastInspectionDate, lga, yearBuilt, postingStatus. No engineering/inspection data from open source.",Active,,,,,,1,,,,,,,,,"OpenStreetMap (open data, ODbL)",https://www.openstreetmap.org/way/39349588,OSM:way/39349588,39349588,,"{""type"":""LineString"",""coordinates"":[[149.7571166,-33.5127436],[149.7571284,-33.5125611]]}"
,,OSM-39368469,Parramatta River Walk,Shared Path Bridge,,,NSW,Sydney Metropolitan,,-33.811776,151.007802,,Local Council (inferred),,Beam Bridge,,,,,,,,17,,,,,,,,,,,,,"OPEN DATA (OpenStreetMap, ODbL). DQ: INCOMPLETE - geometry & identity captured; owner/region/importance INFERRED (verify). Missing: condition, conditionRating, lastInspectionDate, lga, yearBuilt, postingStatus. No engineering/inspection data from open source.",Active,,,,,,1,,,,,,,,,"OpenStreetMap (open data, ODbL)",https://www.openstreetmap.org/way/39368469,OSM:way/39368469,39368469,,"{""type"":""LineString"",""coordinates"":[[151.0078929,-33.8117897],[151.0077104,-33.8117627]]}"
,,OSM-39422838,Obley Road,Road Bridge,,,NSW,Central West & Orana,,-32.752049,148.643999,,Local Council (inferred),,Beam Bridge,,,,,,,,21,,,,,,,,,,,,,"OPEN DATA (OpenStreetMap, ODbL). DQ: INCOMPLETE - geometry & identity captured; owner/region/importance INFERRED (verify). Missing: condition, conditionRating, lastInspectionDate, lga, yearBuilt, postingStatus. No engineering/inspection data from open source.",Active,,,,,,1,,,,,,,,,"OpenStreetMap (open data, ODbL)",https://www.openstreetmap.org/way/39422838,OSM:way/39422838,39422838,,"{""type"":""LineString"",""coordinates"":[[148.6441102,-32.7520628],[148.6438877,-32.7520353]]}"
,,OSM-39422840,Renshaw McGirr Way,Road Bridge,,,NSW,Central West & Orana,,-32.746267,148.649521,,Local Council (inferred),,Beam Bridge,,,,,,,,37,,,,,,,,,,,,,"OPEN DATA (OpenStreetMap, ODbL). DQ: INCOMPLETE - geometry & identity captured; owner/region/importance INFERRED (verify). Missing: condition, conditionRating, lastInspectionDate, lga, yearBuilt, postingStatus. No engineering/inspection data from open source.",Active,,,,,,2,,,,,,,,,"OpenStreetMap (open data, ODbL)",https://www.openstreetmap.org/way/39422840,OSM:way/39422840,39422840,,"{""type"":""LineString"",""coordinates"":[[148.6496473,-32.7461399],[148.6493955,-32.7463931]]}"
,,OSM-39422944,Obley Road,Road Bridge,,,NSW,Central West & Orana,,-32.451884,148.579769,,Local Council (inferred),,Beam Bridge,,,,,,,,55,,,,,,,,,,,,,"OPEN DATA (OpenStreetMap, ODbL). DQ: INCOMPLETE - geometry & identity captured; owner/region/importance INFERRED (verify). Missing: condition, conditionRating, lastInspectionDate, lga, yearBuilt, postingStatus. No engineering/inspection data from open source.",Active,,,,,,1,,,,,,,,,"OpenStreetMap (open data, ODbL)",https://www.openstreetmap.org/way/39422944,OSM:way/39422944,39422944,,"{""type"":""LineString"",""coordinates"":[[148.5796162,-32.4520958],[148.5799218,-32.4516725]]}"
,,OSM-39448401,Wellers Road,Road Bridge,,,NSW,Illawarra & Shoalhaven,,-34.276524,150.576817,,Local Council (inferred),,Beam Bridge,,,,,,,,33,,,,,,Restricted,,,,,,,"OPEN DATA (OpenStreetMap, ODbL). DQ: PARTIAL - geometry & identity captured; owner/region/importance INFERRED (verify). Missing: condition, conditionRating, lastInspectionDate, lga, yearBuilt. No engineering/inspection data from open source. HV: load limit 20t (posted, open data; NHVR gazettal/route approval NOT verified).",Active,,,,20,,1,,,,,,,,,"OpenStreetMap (open data, ODbL)",https://www.openstreetmap.org/way/39448401,OSM:way/39448401,39448401,,"{""type"":""LineString"",""coordinates"":[[150.5766436,-34.2765656],[150.5769909,-34.2764824]]}"
,,OSM-39469951,M7 Cycleway,Shared Path Bridge,,,NSW,Sydney Metropolitan,,-33.734273,150.849354,,Local Council (inferred),,Beam Bridge,,,,,,,,34,,,,,,,,,,,,,"OPEN DATA (OpenStreetMap, ODbL). DQ: INCOMPLETE - geometry & identity captured; owner/region/importance INFERRED (verify). Missing: condition, conditionRating, lastInspectionDate, lga, yearBuilt, postingStatus. No engineering/inspection data from open source.",Active,,,,,,1,,,,,,,,,"OpenStreetMap (open data, ODbL)",https://www.openstreetmap.org/way/39469951,OSM:way/39469951,39469951,,"{""type"":""LineString"",""coordinates"":[[150.8494462,-33.7344144],[150.8493446,-33.7342597],[150.8492715,-33.7341461]]}"
,,OSM-39576465,The Horsley Drive Offramp,Road Bridge,,,NSW,Sydney Metropolitan,,-33.841159,150.855924,,Local Council (inferred),,Beam Bridge,,,,,,,,18,,2,,,,,,,,,,,"OPEN DATA (OpenStreetMap, ODbL). DQ: INCOMPLETE - geometry & identity captured; owner/region/importance INFERRED (verify). Missing: condition, conditionRating, lastInspectionDate, lga, yearBuilt, postingStatus. No engineering/inspection data from open source.",Active,,,,,,4,,,,,,,,,"OpenStreetMap (open data, ODbL)",https://www.openstreetmap.org/way/39576465,OSM:way/39576465,39576465,,"{""type"":""LineString"",""coordinates"":[[150.8559183,-33.8410778],[150.8559302,-33.841241]]}"
,,M7,WestLink M7 Onramp,Road Bridge,,M7,NSW,Sydney Metropolitan,,-33.842766,150.855579,,Transport for NSW (inferred),,Beam Bridge,,,,,,,,10,,2,,,,,,,,,,,"OPEN DATA (OpenStreetMap, ODbL). DQ: INCOMPLETE - geometry & identity captured; owner/region/importance INFERRED (verify). Missing: condition, conditionRating, lastInspectionDate, lga, yearBuilt, postingStatus. No engineering/inspection data from open source.",Active,,,,,,4,,,,,,,,,"OpenStreetMap (open data, ODbL)",https://www.openstreetmap.org/way/39576468,OSM:way/39576468,39576468,,"{""type"":""LineString"",""coordinates"":[[150.8555987,-33.8427235],[150.8555601,-33.8428084]]}"
,,OSM-39576471,WestLink M7 Onramp,Road Bridge,,,NSW,Sydney Metropolitan,,-33.841642,150.855201,,Local Council (inferred),,Beam Bridge,,,,,,,,16,,2,,,,,,,,,,,"OPEN DATA (OpenStreetMap, ODbL). DQ: INCOMPLETE - geometry & identity captured; owner/region/importance INFERRED (verify). Missing: condition, conditionRating, lastInspectionDate, lga, yearBuilt, postingStatus. No engineering/inspection data from open source.",Active,,,,,,4,,,,,,,,,"OpenStreetMap (open data, ODbL)",https://www.openstreetmap.org/way/39576471,OSM:way/39576471,39576471,,"{""type"":""LineString"",""coordinates"":[[150.8552805,-33.8417037],[150.8552223,-33.8416613],[150.8551877,-33.8416346],[150.8551626,-33.8416113],[150.855153,-33.8416007]]}"
,,OSM-39663507,High Street,Road Bridge,,,NSW,Hunter,,-32.741365,151.566138,,Local Council (inferred),,Beam Bridge,,,,,,,,51,,3,,,,,,,,,,,"OPEN DATA (OpenStreetMap, ODbL). DQ: INCOMPLETE - geometry & identity captured; owner/region/importance INFERRED (verify). Missing: condition, conditionRating, lastInspectionDate, lga, yearBuilt, postingStatus. No engineering/inspection data from open source.",Active,,,,,,2,,,,,,,,,"OpenStreetMap (open data, ODbL)",https://www.openstreetmap.org/way/39663507,OSM:way/39663507,39663507,,"{""type"":""LineString"",""coordinates"":[[151.5663368,-32.7415236],[151.5659401,-32.7412067]]}"
,,OSM-39737868,Main Western Line,Rail Bridge,,,NSW,Central West & Orana,,-32.366654,148.803772,,Transport Asset Holding Entity (inferred),,Beam Bridge,,,,,,,,11,,,,,,,,,,,,,"OPEN DATA (OpenStreetMap, ODbL). DQ: INCOMPLETE - geometry & identity captured; owner/region/importance INFERRED (verify). Missing: condition, conditionRating, lastInspectionDate, lga, yearBuilt, postingStatus. No engineering/inspection data from open source.",Active,,,,,,4,,,,,,,,,"OpenStreetMap (open data, ODbL)",https://www.openstreetmap.org/way/39737868,OSM:way/39737868,39737868,,"{""type"":""LineString"",""coordinates"":[[148.8038035,-32.3666966],[148.8037413,-32.3666107]]}"
,,OSM-39749868,The Duke of Wellington Bridge,Road Bridge,,,NSW,Central West & Orana,,-32.54358,148.935044,,Unknown (open data),,Beam Bridge,,,,,,,,76,,,,,,,,,,,,,"OPEN DATA (OpenStreetMap, ODbL). DQ: INCOMPLETE - geometry & identity captured; owner/region/importance INFERRED (verify). Missing: condition, conditionRating, lastInspectionDate, lga, yearBuilt, postingStatus. No engineering/inspection data from open source.",Active,,,,,,,,,,,,,,,"OpenStreetMap (open data, ODbL)",https://www.openstreetmap.org/way/39749868,OSM:way/39749868,39749868,,"{""type"":""LineString"",""coordinates"":[[148.9349368,-32.5432508],[148.9351509,-32.5439093]]}"
,,OSM-39877993,Whitebridge Road,Road Bridge,,,NSW,Hunter,,-32.87303,151.479981,,Local Council (inferred),,Beam Bridge,,,,,,,,52,,2,,,,,,,,,,,"OPEN DATA (OpenStreetMap, ODbL). DQ: INCOMPLETE - geometry & identity captured; owner/region/importance INFERRED (verify). Missing: condition, conditionRating, lastInspectionDate, lga, yearBuilt, postingStatus. No engineering/inspection data from open source.",Active,,,,,,1,,,,,,,,,"OpenStreetMap (open data, ODbL)",https://www.openstreetmap.org/way/39877993,OSM:way/39877993,39877993,,"{""type"":""LineString"",""coordinates"":[[151.4802515,-32.8730852],[151.4797108,-32.8729749]]}"
,,OSM-39894823,Overshot Road,Road Bridge,,,NSW,Central West & Orana,,-32.913343,149.099955,,Local Council (inferred),,Beam Bridge,,,,,,,,21,,1,,,,,,,,,,,"OPEN DATA (OpenStreetMap, ODbL). DQ: INCOMPLETE - geometry & identity captured; owner/region/importance INFERRED (verify). Missing: condition, conditionRating, lastInspectionDate, lga, yearBuilt, postingStatus. No engineering/inspection data from open source.",Active,,,,,,1,,,,,,,,,"OpenStreetMap (open data, ODbL)",https://www.openstreetmap.org/way/39894823,OSM:way/39894823,39894823,,"{""type"":""LineString"",""coordinates"":[[149.099852,-32.9133778],[149.1000585,-32.9133091]]}"
,,M31,Hume Motorway,Road Bridge,,M31,NSW,Illawarra & Shoalhaven,,-34.417339,150.492556,,Transport for NSW (inferred),,Beam Bridge,,,,,,,,62,,2,,,,,,,,,,,"OPEN DATA (OpenStreetMap, ODbL). DQ: INCOMPLETE - geometry & identity captured; owner/region/importance INFERRED (verify). Missing: condition, conditionRating, lastInspectionDate, lga, yearBuilt, postingStatus. No engineering/inspection data from open source.",Active,,,,,,4,,,,,,,,,"OpenStreetMap (open data, ODbL)",https://www.openstreetmap.org/way/39947126,OSM:way/39947126,39947126,,"{""type"":""LineString"",""coordinates"":[[150.492238,-34.4174355],[150.4928738,-34.4172416]]}"
,,OSM-40256491,Luskintyre Road,Road Bridge,,,NSW,Hunter,,-32.686382,151.431298,,Local Council (inferred),,Beam Bridge,1902,,,,,,,124,,,,,,,,,,,,,"OPEN DATA (OpenStreetMap, ODbL). DQ: PARTIAL - geometry & identity captured; owner/region/importance INFERRED (verify). Missing: condition, conditionRating, lastInspectionDate, lga, postingStatus. No engineering/inspection data from open source.",Active,,,,,,1,,,,,,,,,"OpenStreetMap (open data, ODbL)",https://www.openstreetmap.org/way/40256491,OSM:way/40256491,40256491,,"{""type"":""LineString"",""coordinates"":[[151.4307957,-32.6860182],[151.4318001,-32.6867459]]}"
,,OSM-40482820,Jooriland Road,Road Bridge,,,NSW,Sydney Metropolitan,,-34.089109,150.561034,,Local Council (inferred),,Beam Bridge,,,,,,,,5,,,,,,,,,,,,,"OPEN DATA (OpenStreetMap, ODbL). DQ: INCOMPLETE - geometry & identity captured; owner/region/importance INFERRED (verify). Missing: condition, conditionRating, lastInspectionDate, lga, yearBuilt, postingStatus. No engineering/inspection data from open source.",Active,,,,,,1,,,,,,,,,"OpenStreetMap (open data, ODbL)",https://www.openstreetmap.org/way/40482820,OSM:way/40482820,40482820,,"{""type"":""LineString"",""coordinates"":[[150.5610138,-34.0891257],[150.5610545,-34.089093]]}"
,,OSM-40482827,Strathmore Road,Road Bridge,,,NSW,Sydney Metropolitan,,-34.102728,150.55716,,Local Council (inferred),,Beam Bridge,,,,,,,,12,,,,,,,,,,,,,"OPEN DATA (OpenStreetMap, ODbL). DQ: INCOMPLETE - geometry & identity captured; owner/region/importance INFERRED (verify). Missing: condition, conditionRating, lastInspectionDate, lga, yearBuilt, postingStatus. No engineering/inspection data from open source.",Active,,,,,,1,,,,,,,,,"OpenStreetMap (open data, ODbL)",https://www.openstreetmap.org/way/40482827,OSM:way/40482827,40482827,,"{""type"":""LineString"",""coordinates"":[[150.5571363,-34.1026774],[150.5571838,-34.1027781]]}"
,,OSM-40482832,Craigend Road,Road Bridge,,,NSW,Regional NSW,,-34.118211,150.547586,,Local Council (inferred),,Beam Bridge,,,,,,,,13,,,,,,,,,,,,,"OPEN DATA (OpenStreetMap, ODbL). DQ: INCOMPLETE - geometry & identity captured; owner/region/importance INFERRED (verify). Missing: condition, conditionRating, lastInspectionDate, lga, yearBuilt, postingStatus. No engineering/inspection data from open source.",Active,,,,,,1,,,,,,,,,"OpenStreetMap (open data, ODbL)",https://www.openstreetmap.org/way/40482832,OSM:way/40482832,40482832,,"{""type"":""LineString"",""coordinates"":[[150.5476566,-34.1182194],[150.5475144,-34.1182022]]}"
,,OSM-40542163,Coppabella Road,Road Bridge,,,NSW,South East & Tablelands,,-34.694987,148.521471,,Local Council (inferred),,Beam Bridge,,,,,,,,12,,,,,,,,,,,,,"OPEN DATA (OpenStreetMap, ODbL). DQ: INCOMPLETE - geometry & identity captured; owner/region/importance INFERRED (verify). Missing: condition, conditionRating, lastInspectionDate, lga, yearBuilt, postingStatus. No engineering/inspection data from open source.",Active,,,,,,1,,,,,,,,,"OpenStreetMap (open data, ODbL)",https://www.openstreetmap.org/way/40542163,OSM:way/40542163,40542163,,"{""type"":""LineString"",""coordinates"":[[148.5214181,-34.6950175],[148.5215235,-34.6949567]]}"
,,OSM-40542293,Linden Road,Road Bridge,,,NSW,South East & Tablelands,,-34.581206,148.503156,,Local Council (inferred),,Beam Bridge,,,,,,,,19,,,,,,,,,,,,,"OPEN DATA (OpenStreetMap, ODbL). DQ: INCOMPLETE - geometry & identity captured; owner/region/importance INFERRED (verify). Missing: condition, conditionRating, lastInspectionDate, lga, yearBuilt, postingStatus. No engineering/inspection data from open source.",Active,,,,,,1,,,,,,,,,"OpenStreetMap (open data, ODbL)",https://www.openstreetmap.org/way/40542293,OSM:way/40542293,40542293,,"{""type"":""LineString"",""coordinates"":[[148.5032173,-34.5811361],[148.5030948,-34.5812759]]}"
,,OSM-40555749,Grabben Gullen Road,Road Bridge,,,NSW,South East & Tablelands,,-34.752126,149.294281,,Local Council (inferred),,Beam Bridge,,,,,,,,25,,2,,,,,,,,,,,"OPEN DATA (OpenStreetMap, ODbL). DQ: INCOMPLETE - geometry & identity captured; owner/region/importance INFERRED (verify). Missing: condition, conditionRating, lastInspectionDate, lga, yearBuilt, postingStatus. No engineering/inspection data from open source.",Active,,,,,,2,,,,,,,,,"OpenStreetMap (open data, ODbL)",https://www.openstreetmap.org/way/40555749,OSM:way/40555749,40555749,,"{""type"":""LineString"",""coordinates"":[[149.2943046,-34.7520161],[149.294258,-34.7522354]]}"
,,OSM-40557282,Cullerin Road,Road Bridge,,,NSW,South East & Tablelands,,-34.775315,149.38777,,Local Council (inferred),,Beam Bridge,,,,,,,,35,,,,,,,,,,,,,"OPEN DATA (OpenStreetMap, ODbL). DQ: INCOMPLETE - geometry & identity captured; owner/region/importance INFERRED (verify). Missing: condition, conditionRating, lastInspectionDate, lga, yearBuilt, postingStatus. No engineering/inspection data from open source.",Active,,,,,,1,,,,,,,,,"OpenStreetMap (open data, ODbL)",https://www.openstreetmap.org/way/40557282,OSM:way/40557282,40557282,,"{""type"":""LineString"",""coordinates"":[[149.3879613,-34.7752973],[149.3875796,-34.7753336]]}"
,,OSM-40557283,Cullerin Road,Road Bridge,,,NSW,South East & Tablelands,,-34.768851,149.36118,,Local Council (inferred),,Beam Bridge,,,,,,,,21,,,,,,,,,,,,,"OPEN DATA (OpenStreetMap, ODbL). DQ: INCOMPLETE - geometry & identity captured; owner/region/importance INFERRED (verify). Missing: condition, conditionRating, lastInspectionDate, lga, yearBuilt, postingStatus. No engineering/inspection data from open source.",Active,,,,,,1,,,,,,,,,"OpenStreetMap (open data, ODbL)",https://www.openstreetmap.org/way/40557283,OSM:way/40557283,40557283,,"{""type"":""LineString"",""coordinates"":[[149.361293,-34.7688445],[149.3610676,-34.7688573]]}"
,,OSM-40580229,Otford Road,Road Bridge,,,NSW,Illawarra & Shoalhaven,,-34.212325,150.999586,,Local Council (inferred),,Beam Bridge,,,,,,,,24,,,,,,,,,,,,,"OPEN DATA (OpenStreetMap, ODbL). DQ: INCOMPLETE - geometry & identity captured; owner/region/importance INFERRED (verify). Missing: condition, conditionRating, lastInspectionDate, lga, yearBuilt, postingStatus. No engineering/inspection data from open source.",Active,,,,,,1,,,,,,,,,"OpenStreetMap (open data, ODbL)",https://www.openstreetmap.org/way/40580229,OSM:way/40580229,40580229,,"{""type"":""LineString"",""coordinates"":[[150.9995138,-34.2122346],[150.9996584,-34.212415]]}"
,,OSM-40724078,Blayney - Demondrille Line,Rail Bridge,,,NSW,Central West & Orana,,-33.827586,148.712111,,Transport Asset Holding Entity (inferred),,Beam Bridge,,,,,,,,44,,,,,,,,,,,,,"OPEN DATA (OpenStreetMap, ODbL). DQ: INCOMPLETE - geometry & identity captured; owner/region/importance INFERRED (verify). Missing: condition, conditionRating, lastInspectionDate, lga, yearBuilt, postingStatus. No engineering/inspection data from open source.",Active,,,,,,4,,,,,,,,,"OpenStreetMap (open data, ODbL)",https://www.openstreetmap.org/way/40724078,OSM:way/40724078,40724078,,"{""type"":""LineString"",""coordinates"":[[148.7118747,-33.8275922],[148.7123476,-33.8275795]]}"
,,OSM-40726156,Nepean River Cycleway,Shared Path Bridge,,,NSW,Sydney Metropolitan,,-34.079702,150.699415,,Local Council (inferred),,Beam Bridge,,,,,,,,6,,,,,,,,,,,,,"OPEN DATA (OpenStreetMap, ODbL). DQ: INCOMPLETE - geometry & identity captured; owner/region/importance INFERRED (verify). Missing: condition, conditionRating, lastInspectionDate, lga, yearBuilt, postingStatus. No engineering/inspection data from open source.",Active,,,,,,1,,,,,,,,,"OpenStreetMap (open data, ODbL)",https://www.openstreetmap.org/way/40726156,OSM:way/40726156,40726156,,"{""type"":""LineString"",""coordinates"":[[150.6994281,-34.079725],[150.6994016,-34.0796791]]}"
,,OSM-40773768,Sir Bertram Stevens Drive,Road Bridge,,,NSW,Sydney Metropolitan,,-34.114993,151.068293,,Local Council (inferred),,Beam Bridge,,,,,,,,33,,,,,,,,,,,,,"OPEN DATA (OpenStreetMap, ODbL). DQ: INCOMPLETE - geometry & identity captured; owner/region/importance INFERRED (verify). Missing: condition, conditionRating, lastInspectionDate, lga, yearBuilt, postingStatus. No engineering/inspection data from open source.",Active,,,,,,2,,,,,,,,,"OpenStreetMap (open data, ODbL)",https://www.openstreetmap.org/way/40773768,OSM:way/40773768,40773768,,"{""type"":""LineString"",""coordinates"":[[151.0681209,-34.1149528],[151.0684659,-34.1150338]]}"
,,OSM-40840276,Coolalie Road,Road Bridge,,,NSW,South East & Tablelands,,-34.813025,148.941371,,Local Council (inferred),,Beam Bridge,,,,,,,,76,,,,,,,,,,,,,"OPEN DATA (OpenStreetMap, ODbL). DQ: INCOMPLETE - geometry & identity captured; owner/region/importance INFERRED (verify). Missing: condition, conditionRating, lastInspectionDate, lga, yearBuilt, postingStatus. No engineering/inspection data from open source.",Active,,,,,,1,,,,,,,,,"OpenStreetMap (open data, ODbL)",https://www.openstreetmap.org/way/40840276,OSM:way/40840276,40840276,,"{""type"":""LineString"",""coordinates"":[[148.9410433,-34.8132353],[148.9416995,-34.8128143]]}"
,,OSM-40880273,Bengalla Road,Road Bridge,,,NSW,Hunter,,-32.290513,150.846141,,Local Council (inferred),,Beam Bridge,,,,,,,,200,,,,,,,,,,,,,"OPEN DATA (OpenStreetMap, ODbL). DQ: INCOMPLETE - geometry & identity captured; owner/region/importance INFERRED (verify). Missing: condition, conditionRating, lastInspectionDate, lga, yearBuilt, postingStatus. No engineering/inspection data from open source.",Active,,,,,,1,,,,,,,,,"OpenStreetMap (open data, ODbL)",https://www.openstreetmap.org/way/40880273,OSM:way/40880273,40880273,,"{""type"":""LineString"",""coordinates"":[[150.8472058,-32.2904677],[150.8450768,-32.2905592]]}"
,,OSM-40932003,Glenlee Road,Road Bridge,,,NSW,Sydney Metropolitan,,-34.088598,150.768074,,Local Council (inferred),,Beam Bridge,,,,,,,,80,,,,,,,,,,,,,"OPEN DATA (OpenStreetMap, ODbL). DQ: INCOMPLETE - geometry & identity captured; owner/region/importance INFERRED (verify). Missing: condition, conditionRating, lastInspectionDate, lga, yearBuilt, postingStatus. No engineering/inspection data from open source.",Active,,,,,,1,,,,,,,,,"OpenStreetMap (open data, ODbL)",https://www.openstreetmap.org/way/40932003,OSM:way/40932003,40932003,,"{""type"":""LineString"",""coordinates"":[[150.7676405,-34.0886054],[150.7685076,-34.0885913]]}"
,,OSM-40932005,Glenlee Road,Road Bridge,,,NSW,Sydney Metropolitan,,-34.089523,150.772798,,Local Council (inferred),,Beam Bridge,,,,,,,,10,,,,,,,,,,,,,"OPEN DATA (OpenStreetMap, ODbL). DQ: INCOMPLETE - geometry & identity captured; owner/region/importance INFERRED (verify). Missing: condition, conditionRating, lastInspectionDate, lga, yearBuilt, postingStatus. No engineering/inspection data from open source.",Active,,,,,,1,,,,,,,,,"OpenStreetMap (open data, ODbL)",https://www.openstreetmap.org/way/40932005,OSM:way/40932005,40932005,,"{""type"":""LineString"",""coordinates"":[[150.772746,-34.0895113],[150.7728509,-34.0895347]]}"
,,OSM-40934899,Manly to Spit Bridge Walk,Pedestrian Bridge,,,NSW,Sydney Metropolitan,,-33.800487,151.265228,,Local Council (inferred),,Beam Bridge,,,,,,,,32,,,,,,,,,,,,,"OPEN DATA (OpenStreetMap, ODbL). DQ: INCOMPLETE - geometry & identity captured; owner/region/importance INFERRED (verify). Missing: condition, conditionRating, lastInspectionDate, lga, yearBuilt, postingStatus. No engineering/inspection data from open source.",Active,,,,,,1,,,,,,,,,"OpenStreetMap (open data, ODbL)",https://www.openstreetmap.org/way/40934899,OSM:way/40934899,40934899,,"{""type"":""LineString"",""coordinates"":[[151.2650595,-33.8004604],[151.2653959,-33.8005127]]}"
,,OSM-41124565,Charles Street,Road Bridge,,,NSW,Central West & Orana,,-33.483177,150.029967,,Local Council (inferred),,Beam Bridge,,,,,,,,19,,,,,,,,,,,,,"OPEN DATA (OpenStreetMap, ODbL). DQ: INCOMPLETE - geometry & identity captured; owner/region/importance INFERRED (verify). Missing: condition, conditionRating, lastInspectionDate, lga, yearBuilt, postingStatus. No engineering/inspection data from open source.",Active,,,,,,1,,,,,,,,,"OpenStreetMap (open data, ODbL)",https://www.openstreetmap.org/way/41124565,OSM:way/41124565,41124565,,"{""type"":""LineString"",""coordinates"":[[150.0300094,-33.4832561],[150.0299236,-33.4830986]]}"
,,OSM-41169139,Stanhope Parkway,Road Bridge,,,NSW,Sydney Metropolitan,,-33.713848,150.907743,,Local Council (inferred),,Beam Bridge,,,,,,,,23,,,,,,,,,,,,,"OPEN DATA (OpenStreetMap, ODbL). DQ: INCOMPLETE - geometry & identity captured; owner/region/importance INFERRED (verify). Missing: condition, conditionRating, lastInspectionDate, lga, yearBuilt, postingStatus. No engineering/inspection data from open source.",Active,,,,,,2,,,,,,,,,"OpenStreetMap (open data, ODbL)",https://www.openstreetmap.org/way/41169139,OSM:way/41169139,41169139,,"{""type"":""LineString"",""coordinates"":[[150.9078297,-33.7139212],[150.9076565,-33.7137746]]}"
,,OSM-41282279,Peats Ridge Road,Road Bridge,,,NSW,Central Coast,,-33.339446,151.277567,,Local Council (inferred),,Beam Bridge,,,,,,,,25,,3,,,,,,,,,,,"OPEN DATA (OpenStreetMap, ODbL). DQ: INCOMPLETE - geometry & identity captured; owner/region/importance INFERRED (verify). Missing: condition, conditionRating, lastInspectionDate, lga, yearBuilt, postingStatus. No engineering/inspection data from open source.",Active,,,,,,2,,,,,,,,,"OpenStreetMap (open data, ODbL)",https://www.openstreetmap.org/way/41282279,OSM:way/41282279,41282279,,"{""type"":""LineString"",""coordinates"":[[151.2776113,-33.3395523],[151.2775227,-33.3393404]]}"
,,OSM-41289535,Sodwalls Road,Road Bridge,,,NSW,Central West & Orana,,-33.516399,150.006908,,Local Council (inferred),,Beam Bridge,,,,,,,,18,,1,,,,,,,,,,,"OPEN DATA (OpenStreetMap, ODbL). DQ: INCOMPLETE - geometry & identity captured; owner/region/importance INFERRED (verify). Missing: condition, conditionRating, lastInspectionDate, lga, yearBuilt, postingStatus. No engineering/inspection data from open source.",Active,,,,,,1,,,,,,,,,"OpenStreetMap (open data, ODbL)",https://www.openstreetmap.org/way/41289535,OSM:way/41289535,41289535,,"{""type"":""LineString"",""coordinates"":[[150.0068129,-33.516407],[150.007004,-33.5163917]]}"
,,OSM-41289536,Sodwalls Road,Road Bridge,,,NSW,Central West & Orana,,-33.52021,150.011039,,Local Council (inferred),,Beam Bridge,,,,,,,,21,,1,,,,,,,,,,,"OPEN DATA (OpenStreetMap, ODbL). DQ: INCOMPLETE - geometry & identity captured; owner/region/importance INFERRED (verify). Missing: condition, conditionRating, lastInspectionDate, lga, yearBuilt, postingStatus. No engineering/inspection data from open source. HV: axle 6t (posted, open data; NHVR gazettal/route approval NOT verified).",Active,,,,,,1,,,,,,,,,"OpenStreetMap (open data, ODbL)",https://www.openstreetmap.org/way/41289536,OSM:way/41289536,41289536,,"{""type"":""LineString"",""coordinates"":[[150.0109471,-33.5201526],[150.0111314,-33.520268]]}"
,,OSM-41291083,Peats Ridge Road,Road Bridge,,,NSW,Central Coast,,-33.310697,151.257121,,Local Council (inferred),,Beam Bridge,,,,,,,,53,,2,,,,,,,,,,,"OPEN DATA (OpenStreetMap, ODbL). DQ: INCOMPLETE - geometry & identity captured; owner/region/importance INFERRED (verify). Missing: condition, conditionRating, lastInspectionDate, lga, yearBuilt, postingStatus. No engineering/inspection data from open source.",Active,,,,,,2,,,,,,,,,"OpenStreetMap (open data, ODbL)",https://www.openstreetmap.org/way/41291083,OSM:way/41291083,41291083,,"{""type"":""LineString"",""coordinates"":[[151.257396,-33.3107537],[151.2568469,-33.3106394]]}"
,,OSM-41291783,Dog Trap Road,Road Bridge,,,NSW,Central Coast,,-33.359673,151.338713,,Local Council (inferred),,Beam Bridge,,,,,,,,76,,,,,,,,,,,,,"OPEN DATA (OpenStreetMap, ODbL). DQ: INCOMPLETE - geometry & identity captured; owner/region/importance INFERRED (verify). Missing: condition, conditionRating, lastInspectionDate, lga, yearBuilt, postingStatus. No engineering/inspection data from open source.",Active,,,,,,1,,,,,,,,,"OpenStreetMap (open data, ODbL)",https://www.openstreetmap.org/way/41291783,OSM:way/41291783,41291783,,"{""type"":""LineString"",""coordinates"":[[151.3386172,-33.3593424],[151.3388082,-33.3600046]]}"
,,OSM-41368566,Etta Road,Road Bridge,,,NSW,Central Coast,,-33.526951,151.308179,,Local Council (inferred),,Beam Bridge,,,,,,,,20,,,,,,,,,,,,,"OPEN DATA (OpenStreetMap, ODbL). DQ: INCOMPLETE - geometry & identity captured; owner/region/importance INFERRED (verify). Missing: condition, conditionRating, lastInspectionDate, lga, yearBuilt, postingStatus. No engineering/inspection data from open source.",Active,,,,,,1,,,,,,,,,"OpenStreetMap (open data, ODbL)",https://www.openstreetmap.org/way/41368566,OSM:way/41368566,41368566,,"{""type"":""LineString"",""coordinates"":[[151.3080896,-33.5269033],[151.3082677,-33.5269989]]}"
,,OSM-41368567,Brisbane Avenue,Road Bridge,,,NSW,Central Coast,,-33.520511,151.307139,,Local Council (inferred),,Beam Bridge,,,,,,,,19,,,,,,,,,,,,,"OPEN DATA (OpenStreetMap, ODbL). DQ: INCOMPLETE - geometry & identity captured; owner/region/importance INFERRED (verify). Missing: condition, conditionRating, lastInspectionDate, lga, yearBuilt, postingStatus. No engineering/inspection data from open source.",Active,,,,,,1,,,,,,,,,"OpenStreetMap (open data, ODbL)",https://www.openstreetmap.org/way/41368567,OSM:way/41368567,41368567,,"{""type"":""LineString"",""coordinates"":[[151.3070394,-33.5204959],[151.3072393,-33.5205253]]}"
,,OSM-41557161,Mangrove Road,Road Bridge,,,NSW,Central Coast,,-33.365847,151.331875,,Local Council (inferred),,Beam Bridge,,,,,,,,53,,,,,,,,,,,,,"OPEN DATA (OpenStreetMap, ODbL). DQ: INCOMPLETE - geometry & identity captured; owner/region/importance INFERRED (verify). Missing: condition, conditionRating, lastInspectionDate, lga, yearBuilt, postingStatus. No engineering/inspection data from open source.",Active,,,,,,1,,,,,,,,,"OpenStreetMap (open data, ODbL)",https://www.openstreetmap.org/way/41557161,OSM:way/41557161,41557161,,"{""type"":""LineString"",""coordinates"":[[151.3316661,-33.3656843],[151.3320838,-33.3660087]]}"
,,OSM-41565856,Former Great Western Highway,Shared Path Bridge,,,NSW,Sydney Metropolitan,,-33.75921,150.639938,,Local Council (inferred),,Beam Bridge,,,,,,,,118,,,,,,,,,,,,,"OPEN DATA (OpenStreetMap, ODbL). DQ: INCOMPLETE - geometry & identity captured; owner/region/importance INFERRED (verify). Missing: condition, conditionRating, lastInspectionDate, lga, yearBuilt, postingStatus. No engineering/inspection data from open source.",Active,,,,,,1,,,,,,,,,"OpenStreetMap (open data, ODbL)",https://www.openstreetmap.org/way/41565856,OSM:way/41565856,41565856,,"{""type"":""LineString"",""coordinates"":[[150.6399954,-33.7597386],[150.6398803,-33.7586819]]}"
,,OSM-41664275,Coopers Island Road,Road Bridge,,,NSW,South East & Tablelands,,-36.053674,150.078522,,Local Council (inferred),,Beam Bridge,,,,,,,,124,,,,,,,,,,,,,"OPEN DATA (OpenStreetMap, ODbL). DQ: INCOMPLETE - geometry & identity captured; owner/region/importance INFERRED (verify). Missing: condition, conditionRating, lastInspectionDate, lga, yearBuilt, postingStatus. No engineering/inspection data from open source.",Active,,,,,,1,,,,,,,,,"OpenStreetMap (open data, ODbL)",https://www.openstreetmap.org/way/41664275,OSM:way/41664275,41664275,,"{""type"":""LineString"",""coordinates"":[[150.0782631,-36.0531574],[150.0787807,-36.0541903]]}"
,,OSM-41665199,Coronation Drive,Road Bridge,,,NSW,South East & Tablelands,,-35.841608,150.17883,,Local Council (inferred),,Beam Bridge,,,,,,,,31,,,,,,,,,,,,,"OPEN DATA (OpenStreetMap, ODbL). DQ: INCOMPLETE - geometry & identity captured; owner/region/importance INFERRED (verify). Missing: condition, conditionRating, lastInspectionDate, lga, yearBuilt, postingStatus. No engineering/inspection data from open source.",Active,,,,,,1,,,,,,,,,"OpenStreetMap (open data, ODbL)",https://www.openstreetmap.org/way/41665199,OSM:way/41665199,41665199,,"{""type"":""LineString"",""coordinates"":[[150.1786915,-35.841688],[150.1789691,-35.8415279]]}"
,,40,Tweed Valley Way,Road Bridge,,40,NSW,Northern Rivers,,-28.255531,153.528993,,Transport for NSW (inferred),,Beam Bridge,,,,,,,,62,,2,,,,,,,,,,,"OPEN DATA (OpenStreetMap, ODbL). DQ: INCOMPLETE - geometry & identity captured; owner/region/importance INFERRED (verify). Missing: condition, conditionRating, lastInspectionDate, lga, yearBuilt, postingStatus. No engineering/inspection data from open source.",Active,,,,,,2,,,,,,,,,"OpenStreetMap (open data, ODbL)",https://www.openstreetmap.org/way/41744313,OSM:way/41744313,41744313,,"{""type"":""LineString"",""coordinates"":[[153.5293048,-28.255482],[153.5286812,-28.2555803]]}"
,,M1,Pacific Motorway,Road Bridge,,M1,NSW,Northern Rivers,,-28.244602,153.552431,,Transport for NSW (inferred),,Beam Bridge,,,,,,,,161,,2,,,,,,,,,,,"OPEN DATA (OpenStreetMap, ODbL). DQ: INCOMPLETE - geometry & identity captured; owner/region/importance INFERRED (verify). Missing: condition, conditionRating, lastInspectionDate, lga, yearBuilt, postingStatus. No engineering/inspection data from open source.",Active,,,,,,4,,,,,,,,,"OpenStreetMap (open data, ODbL)",https://www.openstreetmap.org/way/41744316,OSM:way/41744316,41744316,,"{""type"":""LineString"",""coordinates"":[[153.5516587,-28.2448497],[153.5532027,-28.2443553]]}"
,,M1,Pacific Motorway,Road Bridge,,M1,NSW,Northern Rivers,,-28.237872,153.562209,,Transport for NSW (inferred),,Beam Bridge,,,,,,,,43,,3,,,,,,,,,,,"OPEN DATA (OpenStreetMap, ODbL). DQ: INCOMPLETE - geometry & identity captured; owner/region/importance INFERRED (verify). Missing: condition, conditionRating, lastInspectionDate, lga, yearBuilt, postingStatus. No engineering/inspection data from open source.",Active,,,,,,4,,,,,,,,,"OpenStreetMap (open data, ODbL)",https://www.openstreetmap.org/way/41744360,OSM:way/41744360,41744360,,"{""type"":""LineString"",""coordinates"":[[153.5622043,-28.2380662],[153.5622147,-28.2376777]]}"
,,M1,Pacific Motorway,Road Bridge,,M1,NSW,Northern Rivers,,-28.224702,153.555429,,Transport for NSW (inferred),,Beam Bridge,,,,,,,,307,,3,,,,,,,,,,,"OPEN DATA (OpenStreetMap, ODbL). DQ: INCOMPLETE - geometry & identity captured; owner/region/importance INFERRED (verify). Missing: condition, conditionRating, lastInspectionDate, lga, yearBuilt, postingStatus. No engineering/inspection data from open source.",Active,,,,,,4,,,,,,,,,"OpenStreetMap (open data, ODbL)",https://www.openstreetmap.org/way/41744758,OSM:way/41744758,41744758,,"{""type"":""LineString"",""coordinates"":[[153.5544709,-28.2238309],[153.5550219,-28.2243255],[153.5555728,-28.2248318],[153.5566516,-28.2258189]]}"
,,OSM-41947165,Rosehill Road,Road Bridge,,,NSW,Regional NSW,,-34.743915,148.268901,,Local Council (inferred),,Beam Bridge,,,,,,,,29,,,,,,,,,,,,,"OPEN DATA (OpenStreetMap, ODbL). DQ: INCOMPLETE - geometry & identity captured; owner/region/importance INFERRED (verify). Missing: condition, conditionRating, lastInspectionDate, lga, yearBuilt, postingStatus. No engineering/inspection data from open source.",Active,,,,,,2,,,,,,,,,"OpenStreetMap (open data, ODbL)",https://www.openstreetmap.org/way/41947165,OSM:way/41947165,41947165,,"{""type"":""LineString"",""coordinates"":[[148.2690589,-34.7439392],[148.2687425,-34.7438903]]}"
,,OSM-42004199,Milennium Walk,Shared Path Bridge,,,NSW,Sydney Metropolitan,,-33.86504,151.111896,,Local Council (inferred),,Beam Bridge,,,,,,,,14,,,,,,,,,,,,,"OPEN DATA (OpenStreetMap, ODbL). DQ: INCOMPLETE - geometry & identity captured; owner/region/importance INFERRED (verify). Missing: condition, conditionRating, lastInspectionDate, lga, yearBuilt, postingStatus. No engineering/inspection data from open source.",Active,,,,,,1,,,,,,,,,"OpenStreetMap (open data, ODbL)",https://www.openstreetmap.org/way/42004199,OSM:way/42004199,42004199,,"{""type"":""LineString"",""coordinates"":[[151.1118238,-33.865018],[151.1119681,-33.8650628]]}"
,,A48;8,Illawarra Highway,Road Bridge,,A48;8,NSW,Illawarra & Shoalhaven,,-34.565382,150.62461,,Transport for NSW (inferred),,Beam Bridge,,,,,,,,18,,1,,,,,,,,,,,"OPEN DATA (OpenStreetMap, ODbL). DQ: INCOMPLETE - geometry & identity captured; owner/region/importance INFERRED (verify). Missing: condition, conditionRating, lastInspectionDate, lga, yearBuilt, postingStatus. No engineering/inspection data from open source.",Active,,,,,,4,,,,,,,,,"OpenStreetMap (open data, ODbL)",https://www.openstreetmap.org/way/42007129,OSM:way/42007129,42007129,,"{""type"":""LineString"",""coordinates"":[[150.6246628,-34.5653156],[150.6246152,-34.5653819],[150.6245528,-34.5654489]]}"
,,OSM-42007245,Tourist Road,Road Bridge,,,NSW,Illawarra & Shoalhaven,,-34.55981,150.621641,,Local Council (inferred),,Beam Bridge,,,,,,,,20,,,,,,Restricted,,,,,,,"OPEN DATA (OpenStreetMap, ODbL). DQ: PARTIAL - geometry & identity captured; owner/region/importance INFERRED (verify). Missing: condition, conditionRating, lastInspectionDate, lga, yearBuilt. No engineering/inspection data from open source. HV: load limit 10t (posted, open data; NHVR gazettal/route approval NOT verified).",Active,,,,10,,1,,,,,,,,,"OpenStreetMap (open data, ODbL)",https://www.openstreetmap.org/way/42007245,OSM:way/42007245,42007245,,"{""type"":""LineString"",""coordinates"":[[150.6215801,-34.5598839],[150.621701,-34.5597361]]}"
,,OSM-42011030,Unanderra-Moss Vale Line,Rail Bridge,,,NSW,Illawarra & Shoalhaven,,-34.460825,150.839422,,Transport Asset Holding Entity (inferred),,Beam Bridge,,,,,,,,137,,,,,,,,,,,,,"OPEN DATA (OpenStreetMap, ODbL). DQ: INCOMPLETE - geometry & identity captured; owner/region/importance INFERRED (verify). Missing: condition, conditionRating, lastInspectionDate, lga, yearBuilt, postingStatus. No engineering/inspection data from open source.",Active,,,,,,4,,,,,,,,,"OpenStreetMap (open data, ODbL)",https://www.openstreetmap.org/way/42011030,OSM:way/42011030,42011030,,"{""type"":""LineString"",""coordinates"":[[150.8400665,-34.4605107],[150.8387777,-34.4611387]]}"
,,OSM-42024570,Ingram Road,Road Bridge,,,NSW,Sydney Metropolitan,,-33.712824,151.10961,,Local Council (inferred),,Beam Bridge,,,,,,,,24,,2,,,,Restricted,,,,,,,"OPEN DATA (OpenStreetMap, ODbL). DQ: PARTIAL - geometry & identity captured; owner/region/importance INFERRED (verify). Missing: condition, conditionRating, lastInspectionDate, lga, yearBuilt. No engineering/inspection data from open source. HV: load limit 3t (posted, open data; NHVR gazettal/route approval NOT verified).",Active,,,,3,,2,,,,,,,,,"OpenStreetMap (open data, ODbL)",https://www.openstreetmap.org/way/42024570,OSM:way/42024570,42024570,,"{""type"":""LineString"",""coordinates"":[[151.1096345,-33.712716],[151.1095861,-33.7129313]]}"
,,29,Scone Road,Road Bridge,,29,NSW,Hunter,,-31.94821,151.710892,,Transport for NSW (inferred),,,,,,,,,,46,,1,,,,,,,,,,,"OPEN DATA (OpenStreetMap, ODbL). DQ: INCOMPLETE - geometry & identity captured; owner/region/importance INFERRED (verify). Missing: condition, conditionRating, lastInspectionDate, lga, structureType, yearBuilt, postingStatus. No engineering/inspection data from open source.",Active,,,,,,1,,,,,,,,,"OpenStreetMap (open data, ODbL)",https://www.openstreetmap.org/way/42121609,OSM:way/42121609,42121609,,"{""type"":""LineString"",""coordinates"":[[151.7107528,-31.9480417],[151.7110306,-31.9483791]]}"
,,29,Scone Road,Road Bridge,,29,NSW,Hunter,,-31.972077,151.752701,,Transport for NSW (inferred),,Beam Bridge,,,,,,,,48,,2,,,,,,,,,,,"OPEN DATA (OpenStreetMap, ODbL). DQ: INCOMPLETE - geometry & identity captured; owner/region/importance INFERRED (verify). Missing: condition, conditionRating, lastInspectionDate, lga, yearBuilt, postingStatus. No engineering/inspection data from open source.",Active,,,,,,1,,,,,,,,,"OpenStreetMap (open data, ODbL)",https://www.openstreetmap.org/way/42121612,OSM:way/42121612,42121612,,"{""type"":""LineString"",""coordinates"":[[151.75247,-31.971984],[151.752931,-31.9721703]]}"
,,OSM-42335124,Railway Parade,Road Bridge,,,NSW,Illawarra & Shoalhaven,,-34.500197,150.386958,,Local Council (inferred),,Beam Bridge,,,,,,,,31,,,,,,,,,,,,,"OPEN DATA (OpenStreetMap, ODbL). DQ: INCOMPLETE - geometry & identity captured; owner/region/importance INFERRED (verify). Missing: condition, conditionRating, lastInspectionDate, lga, yearBuilt, postingStatus. No engineering/inspection data from open source.",Active,,,,,,1,,,,,,,,,"OpenStreetMap (open data, ODbL)",https://www.openstreetmap.org/way/42335124,OSM:way/42335124,42335124,,"{""type"":""LineString"",""coordinates"":[[150.3868303,-34.5002874],[150.3870862,-34.5001067]]}"
,,OSM-42528891,Railway Terrace,Road Bridge,,,NSW,Illawarra & Shoalhaven,,-34.439938,150.469903,,Local Council (inferred),,Beam Bridge,,,,,,,,27,,,,,,Restricted,,,,,,,"OPEN DATA (OpenStreetMap, ODbL). DQ: PARTIAL - geometry & identity captured; owner/region/importance INFERRED (verify). Missing: condition, conditionRating, lastInspectionDate, lga, yearBuilt. No engineering/inspection data from open source. HV: load limit 10t (posted, open data; NHVR gazettal/route approval NOT verified).",Active,,,,10,,1,,,,,,,,,"OpenStreetMap (open data, ODbL)",https://www.openstreetmap.org/way/42528891,OSM:way/42528891,42528891,,"{""type"":""LineString"",""coordinates"":[[150.4697666,-34.4398896],[150.47004,-34.4399869]]}"
,,OSM-42977566,Cow Flat Road,Road Bridge,,,NSW,Central West & Orana,,-33.527169,149.520736,,Local Council (inferred),,Beam Bridge,,,,,,,,33,,1,,,,,,,,,,,"OPEN DATA (OpenStreetMap, ODbL). DQ: INCOMPLETE - geometry & identity captured; owner/region/importance INFERRED (verify). Missing: condition, conditionRating, lastInspectionDate, lga, yearBuilt, postingStatus. No engineering/inspection data from open source.",Active,,,,,,1,,,,,,,,,"OpenStreetMap (open data, ODbL)",https://www.openstreetmap.org/way/42977566,OSM:way/42977566,42977566,,"{""type"":""LineString"",""coordinates"":[[149.5208991,-33.5272337],[149.5205729,-33.5271049]]}"
,,OSM-43003421,Blayney Street,Road Bridge,,,NSW,Central West & Orana,,-33.58198,149.365527,,Local Council (inferred),,Beam Bridge,,,,,,,,32,,,,,,,,,,,,,"OPEN DATA (OpenStreetMap, ODbL). DQ: INCOMPLETE - geometry & identity captured; owner/region/importance INFERRED (verify). Missing: condition, conditionRating, lastInspectionDate, lga, yearBuilt, postingStatus. No engineering/inspection data from open source.",Active,,,,,,1,,,,,,,,,"OpenStreetMap (open data, ODbL)",https://www.openstreetmap.org/way/43003421,OSM:way/43003421,43003421,,"{""type"":""LineString"",""coordinates"":[[149.3654845,-33.5821179],[149.3655702,-33.5818417]]}"
,,OSM-43048440,Panuara Road,Road Bridge,,,NSW,Central West & Orana,,-33.528614,149.036237,,Local Council (inferred),,Beam Bridge,,,,,,,,19,,,,,,,,,,,,,"OPEN DATA (OpenStreetMap, ODbL). DQ: INCOMPLETE - geometry & identity captured; owner/region/importance INFERRED (verify). Missing: condition, conditionRating, lastInspectionDate, lga, yearBuilt, postingStatus. No engineering/inspection data from open source.",Active,,,,,,1,,,,,,,,,"OpenStreetMap (open data, ODbL)",https://www.openstreetmap.org/way/43048440,OSM:way/43048440,43048440,,"{""type"":""LineString"",""coordinates"":[[149.0361382,-33.528636],[149.0363356,-33.5285928]]}"
,,OSM-43100798,Lake Canobolas Road,Road Bridge,,,NSW,Central West & Orana,,-33.319085,149.023896,,Local Council (inferred),,Beam Bridge,,,,,,,,13,,,,,,,,,,,,,"OPEN DATA (OpenStreetMap, ODbL). DQ: INCOMPLETE - geometry & identity captured; owner/region/importance INFERRED (verify). Missing: condition, conditionRating, lastInspectionDate, lga, yearBuilt, postingStatus. No engineering/inspection data from open source.",Active,,,,,,1,,,,,,,,,"OpenStreetMap (open data, ODbL)",https://www.openstreetmap.org/way/43100798,OSM:way/43100798,43100798,,"{""type"":""LineString"",""coordinates"":[[149.0238826,-33.3190273],[149.0239092,-33.3191422]]}"
,,OSM-43149318,Hilton Park Road,Road Bridge,,,NSW,Illawarra & Shoalhaven,,-34.215736,150.590616,,Local Council (inferred),,Beam Bridge,,,,,,,,6,,,,,,,,,,,,,"OPEN DATA (OpenStreetMap, ODbL). DQ: INCOMPLETE - geometry & identity captured; owner/region/importance INFERRED (verify). Missing: condition, conditionRating, lastInspectionDate, lga, yearBuilt, postingStatus. No engineering/inspection data from open source.",Active,,,,,,1,,,,,,,,,"OpenStreetMap (open data, ODbL)",https://www.openstreetmap.org/way/43149318,OSM:way/43149318,43149318,,"{""type"":""LineString"",""coordinates"":[[150.5906125,-34.2157637],[150.5906192,-34.2157077]]}"
,,OSM-43540081,Dakers Oval Service Road,Road Bridge,,,NSW,Central West & Orana,,-33.528871,149.25846,,Local Council (inferred),,Beam Bridge,,,,,,,,17,,,,,,,,,,,,,"OPEN DATA (OpenStreetMap, ODbL). DQ: INCOMPLETE - geometry & identity captured; owner/region/importance INFERRED (verify). Missing: condition, conditionRating, lastInspectionDate, lga, yearBuilt, postingStatus. No engineering/inspection data from open source.",Active,,,,,,1,,,,,,,,,"OpenStreetMap (open data, ODbL)",https://www.openstreetmap.org/way/43540081,OSM:way/43540081,43540081,,"{""type"":""LineString"",""coordinates"":[[149.2583701,-33.5288539],[149.2585505,-33.5288886]]}"
,,OSM-43678180,North Coast Line,Rail Bridge,,,NSW,Regional NSW,,-30.222835,153.018733,,Transport Asset Holding Entity (inferred),,Beam Bridge,,,,,,,,38,,,,,,,,,,,,,"OPEN DATA (OpenStreetMap, ODbL). DQ: INCOMPLETE - geometry & identity captured; owner/region/importance INFERRED (verify). Missing: condition, conditionRating, lastInspectionDate, lga, yearBuilt, postingStatus. No engineering/inspection data from open source.",Active,,,,,,4,,,,,,,,,"OpenStreetMap (open data, ODbL)",https://www.openstreetmap.org/way/43678180,OSM:way/43678180,43678180,,"{""type"":""LineString"",""coordinates"":[[153.0188013,-30.2229956],[153.0186645,-30.2226743]]}"
,,OSM-43746360,Old Sydney Road,Road Bridge,,,NSW,South East & Tablelands,,-34.781832,149.387812,,Local Council (inferred),,Beam Bridge,,,,,,,,27,,,,,,,,,,,,,"OPEN DATA (OpenStreetMap, ODbL). DQ: INCOMPLETE - geometry & identity captured; owner/region/importance INFERRED (verify). Missing: condition, conditionRating, lastInspectionDate, lga, yearBuilt, postingStatus. No engineering/inspection data from open source.",Active,,,,,,1,,,,,,,,,"OpenStreetMap (open data, ODbL)",https://www.openstreetmap.org/way/43746360,OSM:way/43746360,43746360,,"{""type"":""LineString"",""coordinates"":[[149.3879575,-34.7818358],[149.3876667,-34.7818284]]}"
,,OSM-43874977,Kookabookra Road,Road Bridge,,,NSW,New England & North West,,-30.006755,152.024538,,Local Council (inferred),,Beam Bridge,,,,,,,,13,,,,,,,,,,,,,"OPEN DATA (OpenStreetMap, ODbL). DQ: INCOMPLETE - geometry & identity captured; owner/region/importance INFERRED (verify). Missing: condition, conditionRating, lastInspectionDate, lga, yearBuilt, postingStatus. No engineering/inspection data from open source.",Active,,,,,,1,,,,,,,,,"OpenStreetMap (open data, ODbL)",https://www.openstreetmap.org/way/43874977,OSM:way/43874977,43874977,,"{""type"":""LineString"",""coordinates"":[[152.0245802,-30.0067995],[152.024495,-30.0067106]]}"
,,OSM-43875479,Pinkett Road,Road Bridge,,,NSW,New England & North West,,-30.008389,152.004476,,Local Council (inferred),,Beam Bridge,,,,,,,,31,,,,,,,,,,,,,"OPEN DATA (OpenStreetMap, ODbL). DQ: INCOMPLETE - geometry & identity captured; owner/region/importance INFERRED (verify). Missing: condition, conditionRating, lastInspectionDate, lga, yearBuilt, postingStatus. No engineering/inspection data from open source.",Active,,,,,,1,,,,,,,,,"OpenStreetMap (open data, ODbL)",https://www.openstreetmap.org/way/43875479,OSM:way/43875479,43875479,,"{""type"":""LineString"",""coordinates"":[[152.0044327,-30.0085258],[152.0045185,-30.0082529]]}"
,,OSM-43875631,Lower Bobo Road,Road Bridge,,,NSW,Regional NSW,,-30.247566,152.848724,,Local Council (inferred),,Beam Bridge,,,,,,,,26,,,,,,,,,,,,,"OPEN DATA (OpenStreetMap, ODbL). DQ: INCOMPLETE - geometry & identity captured; owner/region/importance INFERRED (verify). Missing: condition, conditionRating, lastInspectionDate, lga, yearBuilt, postingStatus. No engineering/inspection data from open source.",Active,,,,,,1,,,,,,,,,"OpenStreetMap (open data, ODbL)",https://www.openstreetmap.org/way/43875631,OSM:way/43875631,43875631,,"{""type"":""LineString"",""coordinates"":[[152.8488609,-30.2475794],[152.8485872,-30.2475522]]}"
,,OSM-44080788,Horseshoe Road,Road Bridge,,,NSW,South East & Tablelands,,-35.131685,148.943711,,Local Council (inferred),,Beam Bridge,,,,,,,,31,,,,,,,,,,,,,"OPEN DATA (OpenStreetMap, ODbL). DQ: INCOMPLETE - geometry & identity captured; owner/region/importance INFERRED (verify). Missing: condition, conditionRating, lastInspectionDate, lga, yearBuilt, postingStatus. No engineering/inspection data from open source.",Active,,,,,,1,,,,,,,,,"OpenStreetMap (open data, ODbL)",https://www.openstreetmap.org/way/44080788,OSM:way/44080788,44080788,,"{""type"":""LineString"",""coordinates"":[[148.9436948,-35.1318248],[148.9437264,-35.1315456]]}"
,,12,Argyle Street,Road Bridge,,12,NSW,Sydney Metropolitan,,-34.170681,150.61066,,Transport for NSW (inferred),,Beam Bridge,,,,,,,,39,,,,,,,,,,,,,"OPEN DATA (OpenStreetMap, ODbL). DQ: INCOMPLETE - geometry & identity captured; owner/region/importance INFERRED (verify). Missing: condition, conditionRating, lastInspectionDate, lga, yearBuilt, postingStatus. No engineering/inspection data from open source.",Active,,,,,,3,,,,,,,,,"OpenStreetMap (open data, ODbL)",https://www.openstreetmap.org/way/44129633,OSM:way/44129633,44129633,,"{""type"":""LineString"",""coordinates"":[[150.6105585,-34.1708335],[150.6107611,-34.1705291]]}"
,,B59,Chifley Road,Road Bridge,,B59,NSW,Central West & Orana,,-33.472961,150.24005,,Transport for NSW (inferred),,Beam Bridge,2013,,,,,,,29,,2,,,,,,,,,,,"OPEN DATA (OpenStreetMap, ODbL). DQ: PARTIAL - geometry & identity captured; owner/region/importance INFERRED (verify). Missing: condition, conditionRating, lastInspectionDate, lga, postingStatus. No engineering/inspection data from open source.",Active,,,,,,3,,,,,,,,,"OpenStreetMap (open data, ODbL)",https://www.openstreetmap.org/way/44130517,OSM:way/44130517,44130517,,"{""type"":""LineString"",""coordinates"":[[150.2401936,-33.4729047],[150.2399065,-33.4730175]]}"
,,16,Ballards Road,Road Bridge,,16,NSW,Mid North Coast,,-30.545177,153.003951,,Transport for NSW (inferred),,Beam Bridge,,,,,,,,70,,2,,,,,,,,,,,"OPEN DATA (OpenStreetMap, ODbL). DQ: INCOMPLETE - geometry & identity captured; owner/region/importance INFERRED (verify). Missing: condition, conditionRating, lastInspectionDate, lga, yearBuilt, postingStatus. No engineering/inspection data from open source.",Active,,,,,,1,,,,,,,,,"OpenStreetMap (open data, ODbL)",https://www.openstreetmap.org/way/44165308,OSM:way/44165308,44165308,,"{""type"":""LineString"",""coordinates"":[[153.0043066,-30.5451131],[153.0035956,-30.5452409]]}"
,,OSM-44167285,Beechwood Road,Road Bridge,,,NSW,Mid North Coast,,-31.436198,152.705991,,Local Council (inferred),,Beam Bridge,,,,,,,,93,,2,,,,,,,,,,,"OPEN DATA (OpenStreetMap, ODbL). DQ: INCOMPLETE - geometry & identity captured; owner/region/importance INFERRED (verify). Missing: condition, conditionRating, lastInspectionDate, lga, yearBuilt, postingStatus. No engineering/inspection data from open source.",Active,,,,,,1,,,,,,,,,"OpenStreetMap (open data, ODbL)",https://www.openstreetmap.org/way/44167285,OSM:way/44167285,44167285,,"{""type"":""LineString"",""coordinates"":[[152.7053861,-31.4360457],[152.7062568,-31.4362619],[152.7063287,-31.4362857]]}"
,,OSM-44167288,Pembrooke Road,Road Bridge,,,NSW,Mid North Coast,,-31.433102,152.7028,,Local Council (inferred),,Beam Bridge,,,,,,,,72,,2,,,,,,,,,,,"OPEN DATA (OpenStreetMap, ODbL). DQ: INCOMPLETE - geometry & identity captured; owner/region/importance INFERRED (verify). Missing: condition, conditionRating, lastInspectionDate, lga, yearBuilt, postingStatus. No engineering/inspection data from open source.",Active,,,,,,1,,,,,,,,,"OpenStreetMap (open data, ODbL)",https://www.openstreetmap.org/way/44167288,OSM:way/44167288,44167288,,"{""type"":""LineString"",""coordinates"":[[152.7029319,-31.4327825],[152.70278,-31.4331288],[152.7026872,-31.4333941]]}"
,,OSM-44258225,Bago Road,Road Bridge,,,NSW,Mid North Coast,,-31.539446,152.726546,,Local Council (inferred),,Beam Bridge,,,,,,,,42,,2,,,,,,,,,,,"OPEN DATA (OpenStreetMap, ODbL). DQ: INCOMPLETE - geometry & identity captured; owner/region/importance INFERRED (verify). Missing: condition, conditionRating, lastInspectionDate, lga, yearBuilt, postingStatus. No engineering/inspection data from open source.",Active,,,,,,1,,,,,,,,,"OpenStreetMap (open data, ODbL)",https://www.openstreetmap.org/way/44258225,OSM:way/44258225,44258225,,"{""type"":""LineString"",""coordinates"":[[152.7266872,-31.5395924],[152.7264055,-31.5392996]]}"
,,OSM-44350961,Wattley Hill Road,Road Bridge,,,NSW,Regional NSW,,-32.319843,152.33876,,Local Council (inferred),,Beam Bridge,,,,,,,,71,,,,,,,,,,,,,"OPEN DATA (OpenStreetMap, ODbL). DQ: INCOMPLETE - geometry & identity captured; owner/region/importance INFERRED (verify). Missing: condition, conditionRating, lastInspectionDate, lga, yearBuilt, postingStatus. No engineering/inspection data from open source.",Active,,,,,,1,,,,,,,,,"OpenStreetMap (open data, ODbL)",https://www.openstreetmap.org/way/44350961,OSM:way/44350961,44350961,,"{""type"":""LineString"",""coordinates"":[[152.3389972,-32.3200923],[152.3385226,-32.3195945]]}"
,,A15,New England Highway,Road Bridge,,A15,NSW,Hunter,,-32.558113,151.172597,,Transport for NSW (inferred),,Beam Bridge,,,,,,,,265,,2,,,,,,,,,,,"OPEN DATA (OpenStreetMap, ODbL). DQ: INCOMPLETE - geometry & identity captured; owner/region/importance INFERRED (verify). Missing: condition, conditionRating, lastInspectionDate, lga, yearBuilt, postingStatus. No engineering/inspection data from open source.",Active,,,,,,4,,,,,,,,,"OpenStreetMap (open data, ODbL)",https://www.openstreetmap.org/way/44352218,OSM:way/44352218,44352218,,"{""type"":""LineString"",""coordinates"":[[151.1735908,-32.5590601],[151.1734474,-32.558825],[151.173301,-32.558635],[151.1731408,-32.5584526],[151.1729894,-32.5583068],[151.1728174,-32.5581585],[151.1726344,-32.558021],[151.1724238,-32.5578835],[151.1722469,-32.5577843],[151.1720641,-32.5576921],[151.1718768,-32.5576118],[151.1716821,-32.5575383],[151.1715501,-32.5574981]]}"
,,OSM-44352221,Dunolly Road,Road Bridge,,,NSW,Hunter,,-32.560089,151.170862,,Local Council (inferred),,Beam Bridge,,,,,,,,119,,2,,,,Restricted,,,,,,,"OPEN DATA (OpenStreetMap, ODbL). DQ: PARTIAL - geometry & identity captured; owner/region/importance INFERRED (verify). Missing: condition, conditionRating, lastInspectionDate, lga, yearBuilt. No engineering/inspection data from open source. HV: load limit 3t (posted, open data; NHVR gazettal/route approval NOT verified).",Active,,,,3,,1,,,,,,,,,"OpenStreetMap (open data, ODbL)",https://www.openstreetmap.org/way/44352221,OSM:way/44352221,44352221,,"{""type"":""LineString"",""coordinates"":[[151.1713491,-32.560429],[151.1703745,-32.5597492]]}"
,,OSM-44707885,North West Transitway,Road Bridge,,,NSW,Sydney Metropolitan,,-33.794681,150.983262,,Local Council (inferred),,Beam Bridge,,,,,,,,235,,,,,,,,,,,,,"OPEN DATA (OpenStreetMap, ODbL). DQ: INCOMPLETE - geometry & identity captured; owner/region/importance INFERRED (verify). Missing: condition, conditionRating, lastInspectionDate, lga, yearBuilt, postingStatus. No engineering/inspection data from open source.",Active,,,,,,1,,,,,,,,,"OpenStreetMap (open data, ODbL)",https://www.openstreetmap.org/way/44707885,OSM:way/44707885,44707885,,"{""type"":""LineString"",""coordinates"":[[150.984011,-33.7955529],[150.9832427,-33.7946557],[150.9825335,-33.7938354]]}"
,,A28;A40,Old Windsor Road,Road Bridge,,A28;A40,NSW,Sydney Metropolitan,,-33.794745,150.983754,,Transport for NSW (inferred),,Beam Bridge,2013,,,,,,,60,,3,,,,,,,,,,,"OPEN DATA (OpenStreetMap, ODbL). DQ: PARTIAL - geometry & identity captured; owner/region/importance INFERRED (verify). Missing: condition, conditionRating, lastInspectionDate, lga, postingStatus. No engineering/inspection data from open source.",Active,,,,,,4,,,,,,,,,"OpenStreetMap (open data, ODbL)",https://www.openstreetmap.org/way/44707906,OSM:way/44707906,44707906,,"{""type"":""LineString"",""coordinates"":[[150.9835536,-33.7945298],[150.9839538,-33.7949601]]}"
,,OSM-44707996,North West Transitway,Road Bridge,,,NSW,Sydney Metropolitan,,-33.766447,150.958164,,Local Council (inferred),,Beam Bridge,,,,,,,,293,,,,,,,,,,,,,"OPEN DATA (OpenStreetMap, ODbL). DQ: INCOMPLETE - geometry & identity captured; owner/region/importance INFERRED (verify). Missing: condition, conditionRating, lastInspectionDate, lga, yearBuilt, postingStatus. No engineering/inspection data from open source.",Active,,,,,,1,,,,,,,,,"OpenStreetMap (open data, ODbL)",https://www.openstreetmap.org/way/44707996,OSM:way/44707996,44707996,,"{""type"":""LineString"",""coordinates"":[[150.9584356,-33.7677119],[150.9582908,-33.7670384],[150.9581474,-33.7663704],[150.9580674,-33.7660006],[150.9578772,-33.7651152]]}"
,,OSM-44768407,Hume Highway Onramp,Road Bridge,,,NSW,Regional NSW,,-35.045271,148.10795,,Local Council (inferred),,Beam Bridge,,,,,,,,142,,1,,,,,,,,,,,"OPEN DATA (OpenStreetMap, ODbL). DQ: INCOMPLETE - geometry & identity captured; owner/region/importance INFERRED (verify). Missing: condition, conditionRating, lastInspectionDate, lga, yearBuilt, postingStatus. No engineering/inspection data from open source.",Active,,,,,,4,,,,,,,,,"OpenStreetMap (open data, ODbL)",https://www.openstreetmap.org/way/44768407,OSM:way/44768407,44768407,,"{""type"":""LineString"",""coordinates"":[[148.1079883,-35.0459587],[148.1079328,-35.0454164],[148.1079278,-35.0450208],[148.1079501,-35.0446882]]}"
,,M31,Hume Highway,Road Bridge,,M31,NSW,Regional NSW,,-35.058082,148.094922,,Transport for NSW (inferred),,Beam Bridge,,,,,,,,28,,2,,,,,,,,,,,"OPEN DATA (OpenStreetMap, ODbL). DQ: INCOMPLETE - geometry & identity captured; owner/region/importance INFERRED (verify). Missing: condition, conditionRating, lastInspectionDate, lga, yearBuilt, postingStatus. No engineering/inspection data from open source.",Active,,,,,,4,,,,,,,,,"OpenStreetMap (open data, ODbL)",https://www.openstreetmap.org/way/44768470,OSM:way/44768470,44768470,,"{""type"":""LineString"",""coordinates"":[[148.094931,-35.0579578],[148.0949133,-35.0582064]]}"
,,OSM-44769234,Dromore Road,Road Bridge,,,NSW,South East & Tablelands,,-36.086238,149.13396,,Local Council (inferred),,Beam Bridge,,,,,,,,37,,,,,,,,,,,,,"OPEN DATA (OpenStreetMap, ODbL). DQ: INCOMPLETE - geometry & identity captured; owner/region/importance INFERRED (verify). Missing: condition, conditionRating, lastInspectionDate, lga, yearBuilt, postingStatus. No engineering/inspection data from open source.",Active,,,,,,1,,,,,,,,,"OpenStreetMap (open data, ODbL)",https://www.openstreetmap.org/way/44769234,OSM:way/44769234,44769234,,"{""type"":""LineString"",""coordinates"":[[149.1339983,-36.0864029],[149.1339211,-36.0860738]]}"
,,OSM-44769411,Billilingra Road,Road Bridge,,,NSW,South East & Tablelands,,-36.023723,149.138522,,Local Council (inferred),,Beam Bridge,,,,,,,,50,,,,,,,,,,,,,"OPEN DATA (OpenStreetMap, ODbL). DQ: INCOMPLETE - geometry & identity captured; owner/region/importance INFERRED (verify). Missing: condition, conditionRating, lastInspectionDate, lga, yearBuilt, postingStatus. No engineering/inspection data from open source.",Active,,,,,,1,,,,,,,,,"OpenStreetMap (open data, ODbL)",https://www.openstreetmap.org/way/44769411,OSM:way/44769411,44769411,,"{""type"":""LineString"",""coordinates"":[[149.1387664,-36.0238281],[149.1382766,-36.023618]]}"
,,B23,Monaro Highway,Road Bridge,,B23,NSW,South East & Tablelands,,-36.084421,149.150455,,Transport for NSW (inferred),,Beam Bridge,,,,,,,,217,,2,,,,,,,,,,,"OPEN DATA (OpenStreetMap, ODbL). DQ: INCOMPLETE - geometry & identity captured; owner/region/importance INFERRED (verify). Missing: condition, conditionRating, lastInspectionDate, lga, yearBuilt, postingStatus. No engineering/inspection data from open source.",Active,,,,,,4,,,,,,,,,"OpenStreetMap (open data, ODbL)",https://www.openstreetmap.org/way/44817258,OSM:way/44817258,44817258,,"{""type"":""LineString"",""coordinates"":[[149.1494722,-36.0849356],[149.1500216,-36.0846204],[149.1508054,-36.0842173],[149.1515227,-36.0839094]]}"
,,OSM-44953325,Chandos Street,Road Bridge,,,NSW,New England & North West,,-30.971489,150.254384,,Local Council (inferred),,Beam Bridge,,,,,,,,172,,,,,,,,,,,,,"OPEN DATA (OpenStreetMap, ODbL). DQ: INCOMPLETE - geometry & identity captured; owner/region/importance INFERRED (verify). Missing: condition, conditionRating, lastInspectionDate, lga, yearBuilt, postingStatus. No engineering/inspection data from open source.",Active,,,,,,1,,,,,,,,,"OpenStreetMap (open data, ODbL)",https://www.openstreetmap.org/way/44953325,OSM:way/44953325,44953325,,"{""type"":""LineString"",""coordinates"":[[150.254876,-30.9708402],[150.2538914,-30.9721382]]}"
,,OSM-44961117,Western Motorway Onramp,Road Bridge,,,NSW,Sydney Metropolitan,,-33.799466,150.852883,,Local Council (inferred),,Beam Bridge,,,,,,,,175,,1,,,,,,,,,,,"OPEN DATA (OpenStreetMap, ODbL). DQ: INCOMPLETE - geometry & identity captured; owner/region/importance INFERRED (verify). Missing: condition, conditionRating, lastInspectionDate, lga, yearBuilt, postingStatus. No engineering/inspection data from open source.",Active,,,,,,4,,,,,,,,,"OpenStreetMap (open data, ODbL)",https://www.openstreetmap.org/way/44961117,OSM:way/44961117,44961117,,"{""type"":""LineString"",""coordinates"":[[150.8531564,-33.800256],[150.8531451,-33.8001436],[150.8531285,-33.8000225],[150.8530778,-33.7998062],[150.8530071,-33.7995885],[150.8529121,-33.7993748],[150.8527952,-33.7991753],[150.8527288,-33.7990738],[150.8526623,-33.7989853],[150.8525943,-33.7988996],[150.8525069,-33.7988005]]}"
,,B78,Waterfall Way,Road Bridge,,B78,NSW,Mid North Coast,,-30.349202,152.476949,,Transport for NSW (inferred),,Beam Bridge,,,,,,,,35,,2,,,,,,,,,,,"OPEN DATA (OpenStreetMap, ODbL). DQ: INCOMPLETE - geometry & identity captured; owner/region/importance INFERRED (verify). Missing: condition, conditionRating, lastInspectionDate, lga, yearBuilt, postingStatus. No engineering/inspection data from open source.",Active,,,,,,3,,,,,,,,,"OpenStreetMap (open data, ODbL)",https://www.openstreetmap.org/way/44977165,OSM:way/44977165,44977165,,"{""type"":""LineString"",""coordinates"":[[152.4767768,-30.3491541],[152.4771216,-30.3492506]]}"
,,OSM-44978294,Orara Way,Road Bridge,,,NSW,Regional NSW,,-29.936885,152.984292,,Local Council (inferred),,Beam Bridge,,,,,,,,34,,,,,,,,,,,,,"OPEN DATA (OpenStreetMap, ODbL). DQ: INCOMPLETE - geometry & identity captured; owner/region/importance INFERRED (verify). Missing: condition, conditionRating, lastInspectionDate, lga, yearBuilt, postingStatus. No engineering/inspection data from open source.",Active,,,,,,2,,,,,,,,,"OpenStreetMap (open data, ODbL)",https://www.openstreetmap.org/way/44978294,OSM:way/44978294,44978294,,"{""type"":""LineString"",""coordinates"":[[152.984439,-29.9367978],[152.9841444,-29.9369715]]}"
,,OSM-44980391,Long Point Road,Road Bridge,,,NSW,New England & North West,,-30.567022,151.94962,,Local Council (inferred),,Beam Bridge,,,,,,,,30,,1,,,,,,,,,,,"OPEN DATA (OpenStreetMap, ODbL). DQ: INCOMPLETE - geometry & identity captured; owner/region/importance INFERRED (verify). Missing: condition, conditionRating, lastInspectionDate, lga, yearBuilt, postingStatus. No engineering/inspection data from open source.",Active,,,,,,1,,,,,,,,,"OpenStreetMap (open data, ODbL)",https://www.openstreetmap.org/way/44980391,OSM:way/44980391,44980391,,"{""type"":""LineString"",""coordinates"":[[151.9496632,-30.5671532],[151.9495767,-30.5668916]]}"
,,OSM-44980766,Armidale Road,Road Bridge,,,NSW,Mid North Coast,,-30.954827,152.655362,,Local Council (inferred),,Beam Bridge,,,,,,,,37,,,,,,,,,,,,,"OPEN DATA (OpenStreetMap, ODbL). DQ: INCOMPLETE - geometry & identity captured; owner/region/importance INFERRED (verify). Missing: condition, conditionRating, lastInspectionDate, lga, yearBuilt, postingStatus. No engineering/inspection data from open source.",Active,,,,,,2,,,,,,,,,"OpenStreetMap (open data, ODbL)",https://www.openstreetmap.org/way/44980766,OSM:way/44980766,44980766,,"{""type"":""LineString"",""coordinates"":[[152.6552909,-30.9546704],[152.6554325,-30.9549835]]}"
,,OSM-44980867,Macleay Valley Way,Road Bridge,,,NSW,Mid North Coast,,-31.042406,152.854332,,Local Council (inferred),,Beam Bridge,,,,,,,,33,,2,,,,,,,,,,,"OPEN DATA (OpenStreetMap, ODbL). DQ: INCOMPLETE - geometry & identity captured; owner/region/importance INFERRED (verify). Missing: condition, conditionRating, lastInspectionDate, lga, yearBuilt, postingStatus. No engineering/inspection data from open source.",Active,,,,,,2,,,,,,,,,"OpenStreetMap (open data, ODbL)",https://www.openstreetmap.org/way/44980867,OSM:way/44980867,44980867,,"{""type"":""LineString"",""coordinates"":[[152.8542772,-31.0425465],[152.8543873,-31.0422665]]}"
,,OSM-44997242,Angus Gordon Walkway,Shared Path Bridge,,,NSW,Sydney Metropolitan,,-33.692227,151.294547,,Local Council (inferred),,Boardwalk,,,,,,,,377,,,,,,,,,,,,,"OPEN DATA (OpenStreetMap, ODbL). DQ: INCOMPLETE - geometry & identity captured; owner/region/importance INFERRED (verify). Missing: condition, conditionRating, lastInspectionDate, lga, yearBuilt, postingStatus. No engineering/inspection data from open source.",Active,,,,,,1,,,,,,,,,"OpenStreetMap (open data, ODbL)",https://www.openstreetmap.org/way/44997242,OSM:way/44997242,44997242,,"{""type"":""LineString"",""coordinates"":[[151.2962074,-33.6930662],[151.295573,-33.692979],[151.2949622,-33.6929878],[151.294796,-33.6929521],[151.294574,-33.692756],[151.294572,-33.692327],[151.294118,-33.691971],[151.294063,-33.691621],[151.293922,-33.69133],[151.293661,-33.691283],[151.293568,-33.691229]]}"
,,OSM-44997448,Armour's Road,Road Bridge,,,NSW,South East & Tablelands,,-34.780307,149.139057,,Local Council (inferred),,Beam Bridge,,,,,,,,22,,,,,,,,,,,,,"OPEN DATA (OpenStreetMap, ODbL). DQ: INCOMPLETE - geometry & identity captured; owner/region/importance INFERRED (verify). Missing: condition, conditionRating, lastInspectionDate, lga, yearBuilt, postingStatus. No engineering/inspection data from open source.",Active,,,,,,1,,,,,,,,,"OpenStreetMap (open data, ODbL)",https://www.openstreetmap.org/way/44997448,OSM:way/44997448,44997448,,"{""type"":""LineString"",""coordinates"":[[149.1391647,-34.7803497],[149.1389488,-34.7802649]]}"
,,OSM-45001777,Swamp Forest Walk,Pedestrian Bridge,,,NSW,Sydney Metropolitan,,-33.694861,151.291705,,Local Council (inferred),,Boardwalk,,,,,,,,222,,,,,,,,,,,,,"OPEN DATA (OpenStreetMap, ODbL). DQ: INCOMPLETE - geometry & identity captured; owner/region/importance INFERRED (verify). Missing: condition, conditionRating, lastInspectionDate, lga, yearBuilt, postingStatus. No engineering/inspection data from open source.",Active,,,,,,1,,,,,,,,,"OpenStreetMap (open data, ODbL)",https://www.openstreetmap.org/way/45001777,OSM:way/45001777,45001777,,"{""type"":""LineString"",""coordinates"":[[151.29226,-33.695517],[151.292183,-33.69542],[151.292029,-33.695011],[151.2919446,-33.6949888],[151.2918679,-33.6949685],[151.291665,-33.694915],[151.2912824,-33.6946737],[151.2911408,-33.694276],[151.2909752,-33.6939827]]}"
,,OSM-45088476,Jacksons Road,Road Bridge,,,NSW,Sydney Metropolitan,,-33.696813,151.293658,,Local Council (inferred),,Beam Bridge,,,,,,,,19,,1,,,,Restricted,,,,,,,"OPEN DATA (OpenStreetMap, ODbL). DQ: PARTIAL - geometry & identity captured; owner/region/importance INFERRED (verify). Missing: condition, conditionRating, lastInspectionDate, lga, yearBuilt. No engineering/inspection data from open source. HV: load limit 3t (posted, open data; NHVR gazettal/route approval NOT verified).",Active,,,,3,,1,,,,,,,,,"OpenStreetMap (open data, ODbL)",https://www.openstreetmap.org/way/45088476,OSM:way/45088476,45088476,,"{""type"":""LineString"",""coordinates"":[[151.2937592,-33.6967951],[151.293654,-33.6968083],[151.2935617,-33.6968371]]}"
,,OSM-45227425,Gardeners Road,Road Bridge,,,NSW,Sydney Metropolitan,,-33.924293,151.214147,,Local Council (inferred),,Beam Bridge,,,,4.7,,,,72,,3,,,,Restricted,,,,,,,"OPEN DATA (OpenStreetMap, ODbL). DQ: PARTIAL - geometry & identity captured; owner/region/importance INFERRED (verify). Missing: condition, conditionRating, lastInspectionDate, lga, yearBuilt. No engineering/inspection data from open source. HV: clearance 4.7m (posted, open data; NHVR gazettal/route approval NOT verified).",Active,,,,,,3,,,,,,,,,"OpenStreetMap (open data, ODbL)",https://www.openstreetmap.org/way/45227425,OSM:way/45227425,45227425,,"{""type"":""LineString"",""coordinates"":[[151.2137686,-33.9242177],[151.2145261,-33.9243676]]}"
,,OSM-45257220,Little Salt Pan Creek Shared Path,Shared Path Bridge,,,NSW,Sydney Metropolitan,,-33.959289,151.022574,,Local Council (inferred),,Beam Bridge,,,,,,,,14,,,,,,,,,,,,,"OPEN DATA (OpenStreetMap, ODbL). DQ: INCOMPLETE - geometry & identity captured; owner/region/importance INFERRED (verify). Missing: condition, conditionRating, lastInspectionDate, lga, yearBuilt, postingStatus. No engineering/inspection data from open source.",Active,,,,,,1,,,,,,,,,"OpenStreetMap (open data, ODbL)",https://www.openstreetmap.org/way/45257220,OSM:way/45257220,45257220,,"{""type"":""LineString"",""coordinates"":[[151.022649,-33.9592929],[151.0224988,-33.9592851]]}"
,,OSM-45264228,Former Holsworthy Military Railway,Rail Bridge,,,NSW,Sydney Metropolitan,,-33.958869,150.958041,,Transport Asset Holding Entity (inferred),,Beam Bridge,,,,,,,,24,,,,,,,,,,,,,"OPEN DATA (OpenStreetMap, ODbL). DQ: INCOMPLETE - geometry & identity captured; owner/region/importance INFERRED (verify). Missing: condition, conditionRating, lastInspectionDate, lga, yearBuilt, postingStatus. No engineering/inspection data from open source.",Active,,,,,,4,,,,,,,,,"OpenStreetMap (open data, ODbL)",https://www.openstreetmap.org/way/45264228,OSM:way/45264228,45264228,,"{""type"":""LineString"",""coordinates"":[[150.9580187,-33.9587615],[150.9580631,-33.9589755]]}"
,,OSM-45369206,Shirley Strickland Avenue,Road Bridge,,,NSW,Sydney Metropolitan,,-33.854369,151.071006,,Local Council (inferred),,Beam Bridge,,,,,,,,32,,,,,,,,,,,,,"OPEN DATA (OpenStreetMap, ODbL). DQ: INCOMPLETE - geometry & identity captured; owner/region/importance INFERRED (verify). Missing: condition, conditionRating, lastInspectionDate, lga, yearBuilt, postingStatus. No engineering/inspection data from open source.",Active,,,,,,1,,,,,,,,,"OpenStreetMap (open data, ODbL)",https://www.openstreetmap.org/way/45369206,OSM:way/45369206,45369206,,"{""type"":""LineString"",""coordinates"":[[151.0711135,-33.8542575],[151.0708989,-33.8544803]]}"
,,OSM-45369419,Shirley Strickland Avenue,Road Bridge,,,NSW,Sydney Metropolitan,,-33.853653,151.073372,,Local Council (inferred),,Beam Bridge,,,,,,,,30,,,,,,,,,,,,,"OPEN DATA (OpenStreetMap, ODbL). DQ: INCOMPLETE - geometry & identity captured; owner/region/importance INFERRED (verify). Missing: condition, conditionRating, lastInspectionDate, lga, yearBuilt, postingStatus. No engineering/inspection data from open source.",Active,,,,,,1,,,,,,,,,"OpenStreetMap (open data, ODbL)",https://www.openstreetmap.org/way/45369419,OSM:way/45369419,45369419,,"{""type"":""LineString"",""coordinates"":[[151.0735241,-33.8537066],[151.0732206,-33.8535984]]}"
,,OSM-45369658,Scroggies Road,Road Bridge,,,NSW,Regional NSW,,-34.188318,150.546996,,Local Council (inferred),,Beam Bridge,,,,,,,,14,,,,,,Restricted,,,,,,,"OPEN DATA (OpenStreetMap, ODbL). DQ: PARTIAL - geometry & identity captured; owner/region/importance INFERRED (verify). Missing: condition, conditionRating, lastInspectionDate, lga, yearBuilt. No engineering/inspection data from open source. HV: load limit 2t (posted, open data; NHVR gazettal/route approval NOT verified).",Active,,,,2,,1,,,,,,,,,"OpenStreetMap (open data, ODbL)",https://www.openstreetmap.org/way/45369658,OSM:way/45369658,45369658,,"{""type"":""LineString"",""coordinates"":[[150.5470657,-34.1883402],[150.5469264,-34.1882965]]}"
,,OSM-45369670,Cedar Creek Road,Road Bridge,,,NSW,Sydney Metropolitan,,-34.193482,150.572569,,Local Council (inferred),,Beam Bridge,,,,,,,,16,,2,,,,,,,,,,,"OPEN DATA (OpenStreetMap, ODbL). DQ: INCOMPLETE - geometry & identity captured; owner/region/importance INFERRED (verify). Missing: condition, conditionRating, lastInspectionDate, lga, yearBuilt, postingStatus. No engineering/inspection data from open source.",Active,,,,,,1,,,,,,,,,"OpenStreetMap (open data, ODbL)",https://www.openstreetmap.org/way/45369670,OSM:way/45369670,45369670,,"{""type"":""LineString"",""coordinates"":[[150.5724848,-34.1934621],[150.5726531,-34.1935023]]}"
,,OSM-45369673,Cedar Creek Road,Road Bridge,,,NSW,Sydney Metropolitan,,-34.182401,150.56159,,Local Council (inferred),,Beam Bridge,,,,,,,,23,,,,,,,,,,,,,"OPEN DATA (OpenStreetMap, ODbL). DQ: INCOMPLETE - geometry & identity captured; owner/region/importance INFERRED (verify). Missing: condition, conditionRating, lastInspectionDate, lga, yearBuilt, postingStatus. No engineering/inspection data from open source.",Active,,,,,,1,,,,,,,,,"OpenStreetMap (open data, ODbL)",https://www.openstreetmap.org/way/45369673,OSM:way/45369673,45369673,,"{""type"":""LineString"",""coordinates"":[[150.5616083,-34.1822971],[150.5615724,-34.1825044]]}"
,,OSM-45474445,Keith Murray Footbridge,Pedestrian Bridge,,,NSW,Sydney Metropolitan,,-33.888876,151.190425,,Local Council (inferred),,Beam Bridge,,,,,,,,98,,,,,,,,,,,,,"OPEN DATA (OpenStreetMap, ODbL). DQ: INCOMPLETE - geometry & identity captured; owner/region/importance INFERRED (verify). Missing: condition, conditionRating, lastInspectionDate, lga, yearBuilt, postingStatus. No engineering/inspection data from open source.",Active,,,,,,1,,,,,,,,,"OpenStreetMap (open data, ODbL)",https://www.openstreetmap.org/way/45474445,OSM:way/45474445,45474445,,"{""type"":""LineString"",""coordinates"":[[151.1908972,-33.889157],[151.1902978,-33.8888919],[151.1902784,-33.8888728],[151.1902276,-33.888582]]}"
,,OSM-45623575,Bolans Road,Road Bridge,,,NSW,Illawarra & Shoalhaven,,-34.313942,150.510989,,Local Council (inferred),,Beam Bridge,,,,,,,,19,,,,,,,,,,,,,"OPEN DATA (OpenStreetMap, ODbL). DQ: INCOMPLETE - geometry & identity captured; owner/region/importance INFERRED (verify). Missing: condition, conditionRating, lastInspectionDate, lga, yearBuilt, postingStatus. No engineering/inspection data from open source.",Active,,,,,,1,,,,,,,,,"OpenStreetMap (open data, ODbL)",https://www.openstreetmap.org/way/45623575,OSM:way/45623575,45623575,,"{""type"":""LineString"",""coordinates"":[[150.5110661,-34.313884],[150.5109126,-34.3139995]]}"
,,A40,Victoria Road,Road Bridge,,A40,NSW,Sydney Metropolitan,,-33.868683,151.176176,,Transport for NSW (inferred),,Beam Bridge,,,,,,,,41,,4,,,,,,,,,,,"OPEN DATA (OpenStreetMap, ODbL). DQ: INCOMPLETE - geometry & identity captured; owner/region/importance INFERRED (verify). Missing: condition, conditionRating, lastInspectionDate, lga, yearBuilt, postingStatus. No engineering/inspection data from open source.",Active,,,,,,4,,,,,,,,,"OpenStreetMap (open data, ODbL)",https://www.openstreetmap.org/way/45664701,OSM:way/45664701,45664701,,"{""type"":""LineString"",""coordinates"":[[151.1762403,-33.86886],[151.1761125,-33.8685051]]}"
,,M7,Westlink M7 Onramp,Road Bridge,,M7,NSW,Sydney Metropolitan,,-33.787327,150.856682,,Transport for NSW (inferred),,Beam Bridge,,,,,,,,15,,,,,,,,,,,,,"OPEN DATA (OpenStreetMap, ODbL). DQ: INCOMPLETE - geometry & identity captured; owner/region/importance INFERRED (verify). Missing: condition, conditionRating, lastInspectionDate, lga, yearBuilt, postingStatus. No engineering/inspection data from open source.",Active,,,,,,4,,,,,,,,,"OpenStreetMap (open data, ODbL)",https://www.openstreetmap.org/way/45841178,OSM:way/45841178,45841178,,"{""type"":""LineString"",""coordinates"":[[150.8566552,-33.7873896],[150.8567094,-33.7872639]]}"
,,OSM-45845630,The Horsley Drive Offramp,Road Bridge,,,NSW,Sydney Metropolitan,,-33.841899,150.855182,,Local Council (inferred),,Beam Bridge,,,,,,,,22,,2,,,,,,,,,,,"OPEN DATA (OpenStreetMap, ODbL). DQ: INCOMPLETE - geometry & identity captured; owner/region/importance INFERRED (verify). Missing: condition, conditionRating, lastInspectionDate, lga, yearBuilt, postingStatus. No engineering/inspection data from open source.",Active,,,,,,4,,,,,,,,,"OpenStreetMap (open data, ODbL)",https://www.openstreetmap.org/way/45845630,OSM:way/45845630,45845630,,"{""type"":""LineString"",""coordinates"":[[150.8550738,-33.8419514],[150.8551625,-33.8419058],[150.8552148,-33.8418813],[150.855278,-33.8418589]]}"
,,OSM-45848134,Avalon Street,Road Bridge,,,NSW,Sydney Metropolitan,,-33.892422,151.024349,,Local Council (inferred),,Beam Bridge,,,,,,,,29,,,,,,,,,,,,,"OPEN DATA (OpenStreetMap, ODbL). DQ: INCOMPLETE - geometry & identity captured; owner/region/importance INFERRED (verify). Missing: condition, conditionRating, lastInspectionDate, lga, yearBuilt, postingStatus. No engineering/inspection data from open source.",Active,,,,,,1,,,,,,,,,"OpenStreetMap (open data, ODbL)",https://www.openstreetmap.org/way/45848134,OSM:way/45848134,45848134,,"{""type"":""LineString"",""coordinates"":[[151.0244978,-33.8924607],[151.0241995,-33.892383]]}"
,,B56,Fitzroy Street,Road Bridge,,B56,NSW,New England & North West,,-30.985382,151.594387,,Transport for NSW (inferred),,Beam Bridge,,,,,,,,62,,2,,,,,,,,,,,"OPEN DATA (OpenStreetMap, ODbL). DQ: INCOMPLETE - geometry & identity captured; owner/region/importance INFERRED (verify). Missing: condition, conditionRating, lastInspectionDate, lga, yearBuilt, postingStatus. No engineering/inspection data from open source.",Active,,,,,,3,,,,,,,,,"OpenStreetMap (open data, ODbL)",https://www.openstreetmap.org/way/45890258,OSM:way/45890258,45890258,,"{""type"":""LineString"",""coordinates"":[[151.5940655,-30.9853368],[151.5947078,-30.9854276]]}"
,,OSM-45890705,Pinkett Road,Road Bridge,,,NSW,New England & North West,,-29.850668,151.930361,,Local Council (inferred),,Beam Bridge,,,,,,,,30,,,,,,,,,,,,,"OPEN DATA (OpenStreetMap, ODbL). DQ: INCOMPLETE - geometry & identity captured; owner/region/importance INFERRED (verify). Missing: condition, conditionRating, lastInspectionDate, lga, yearBuilt, postingStatus. No engineering/inspection data from open source.",Active,,,,,,1,,,,,,,,,"OpenStreetMap (open data, ODbL)",https://www.openstreetmap.org/way/45890705,OSM:way/45890705,45890705,,"{""type"":""LineString"",""coordinates"":[[151.9305149,-29.8506654],[151.9302065,-29.8506703]]}"
,,OSM-45890871,Dumaresq Road,Road Bridge,,,NSW,New England & North West,,-30.485297,151.573212,,Local Council (inferred),,Beam Bridge,,,,,,,,17,,,,,,,,,,,,,"OPEN DATA (OpenStreetMap, ODbL). DQ: INCOMPLETE - geometry & identity captured; owner/region/importance INFERRED (verify). Missing: condition, conditionRating, lastInspectionDate, lga, yearBuilt, postingStatus. No engineering/inspection data from open source.",Active,,,,,,1,,,,,,,,,"OpenStreetMap (open data, ODbL)",https://www.openstreetmap.org/way/45890871,OSM:way/45890871,45890871,,"{""type"":""LineString"",""coordinates"":[[151.5731875,-30.485369],[151.5732356,-30.4852242]]}"
,,OSM-45890876,Primrose Hill Road,Road Bridge,,,NSW,New England & North West,,-30.479303,151.565564,,Local Council (inferred),,Beam Bridge,,,,,,,,27,,,,,,,,,,,,,"OPEN DATA (OpenStreetMap, ODbL). DQ: INCOMPLETE - geometry & identity captured; owner/region/importance INFERRED (verify). Missing: condition, conditionRating, lastInspectionDate, lga, yearBuilt, postingStatus. No engineering/inspection data from open source.",Active,,,,,,1,,,,,,,,,"OpenStreetMap (open data, ODbL)",https://www.openstreetmap.org/way/45890876,OSM:way/45890876,45890876,,"{""type"":""LineString"",""coordinates"":[[151.5656705,-30.4792255],[151.5654584,-30.4793813]]}"
,,OSM-45890879,Clarence Way,Road Bridge,,,NSW,Regional NSW,,-29.580829,152.840787,,Local Council (inferred),,Beam Bridge,,,,,,,,82,,,,,,,,,,,,,"OPEN DATA (OpenStreetMap, ODbL). DQ: INCOMPLETE - geometry & identity captured; owner/region/importance INFERRED (verify). Missing: condition, conditionRating, lastInspectionDate, lga, yearBuilt, postingStatus. No engineering/inspection data from open source.",Active,,,,,,2,,,,,,,,,"OpenStreetMap (open data, ODbL)",https://www.openstreetmap.org/way/45890879,OSM:way/45890879,45890879,,"{""type"":""LineString"",""coordinates"":[[152.8403895,-29.580952],[152.8407891,-29.5808443],[152.8411817,-29.5806907]]}"
,,OSM-45890886,Puddledock Road,Road Bridge,,,NSW,New England & North West,,-30.460323,151.688959,,Local Council (inferred),,Beam Bridge,,,,,,,,35,,,,,,,,,,,,,"OPEN DATA (OpenStreetMap, ODbL). DQ: INCOMPLETE - geometry & identity captured; owner/region/importance INFERRED (verify). Missing: condition, conditionRating, lastInspectionDate, lga, yearBuilt, postingStatus. No engineering/inspection data from open source.",Active,,,,,,1,,,,,,,,,"OpenStreetMap (open data, ODbL)",https://www.openstreetmap.org/way/45890886,OSM:way/45890886,45890886,,"{""type"":""LineString"",""coordinates"":[[151.6890587,-30.4601884],[151.6888597,-30.460457]]}"
,,A15,New England Highway,Road Bridge,,A15,NSW,New England & North West,,-30.55548,151.586108,,Transport for NSW (inferred),,Beam Bridge,,,,,,,,38,,2,,,,,,,,,,,"OPEN DATA (OpenStreetMap, ODbL). DQ: INCOMPLETE - geometry & identity captured; owner/region/importance INFERRED (verify). Missing: condition, conditionRating, lastInspectionDate, lga, yearBuilt, postingStatus. No engineering/inspection data from open source.",Active,,,,,,4,,,,,,,,,"OpenStreetMap (open data, ODbL)",https://www.openstreetmap.org/way/45890890,OSM:way/45890890,45890890,,"{""type"":""LineString"",""coordinates"":[[151.586244,-30.5553531],[151.5859724,-30.5556076]]}"
,,OSM-45890900,Bundarra Road,Road Bridge,,,NSW,New England & North West,,-30.509952,151.585247,,Local Council (inferred),,Beam Bridge,,,,,,,,35,,,,,,,,,,,,,"OPEN DATA (OpenStreetMap, ODbL). DQ: INCOMPLETE - geometry & identity captured; owner/region/importance INFERRED (verify). Missing: condition, conditionRating, lastInspectionDate, lga, yearBuilt, postingStatus. No engineering/inspection data from open source.",Active,,,,,,2,,,,,,,,,"OpenStreetMap (open data, ODbL)",https://www.openstreetmap.org/way/45890900,OSM:way/45890900,45890900,,"{""type"":""LineString"",""coordinates"":[[151.5854263,-30.5099783],[151.5850682,-30.5099254]]}"
,,OSM-45890946,King George V Avenue,Road Bridge,,,NSW,New England & North West,,-31.100683,150.938403,,Local Council (inferred),,Beam Bridge,,,,,,,,44,,1,,,,,,,,,,,"OPEN DATA (OpenStreetMap, ODbL). DQ: INCOMPLETE - geometry & identity captured; owner/region/importance INFERRED (verify). Missing: condition, conditionRating, lastInspectionDate, lga, yearBuilt, postingStatus. No engineering/inspection data from open source.",Active,,,,,,1,,,,,,,,,"OpenStreetMap (open data, ODbL)",https://www.openstreetmap.org/way/45890946,OSM:way/45890946,45890946,,"{""type"":""LineString"",""coordinates"":[[150.9384975,-31.1008646],[150.9383079,-31.1005015]]}"
,,OSM-45891073,Herbert Park Road,Road Bridge,,,NSW,New England & North West,,-30.408769,151.822485,,Local Council (inferred),,Beam Bridge,,,,,,,,26,,1,,,,,,,,,,,"OPEN DATA (OpenStreetMap, ODbL). DQ: INCOMPLETE - geometry & identity captured; owner/region/importance INFERRED (verify). Missing: condition, conditionRating, lastInspectionDate, lga, yearBuilt, postingStatus. No engineering/inspection data from open source.",Active,,,,,,1,,,,,,,,,"OpenStreetMap (open data, ODbL)",https://www.openstreetmap.org/way/45891073,OSM:way/45891073,45891073,,"{""type"":""LineString"",""coordinates"":[[151.8223688,-30.4088255],[151.8226018,-30.4087123]]}"
,,OSM-45891075,Rockvale Road,Road Bridge,,,NSW,New England & North West,,-30.445372,151.823332,,Local Council (inferred),,Beam Bridge,,,,,,,,68,,1,,,,,,,,,,,"OPEN DATA (OpenStreetMap, ODbL). DQ: INCOMPLETE - geometry & identity captured; owner/region/importance INFERRED (verify). Missing: condition, conditionRating, lastInspectionDate, lga, yearBuilt, postingStatus. No engineering/inspection data from open source.",Active,,,,,,1,,,,,,,,,"OpenStreetMap (open data, ODbL)",https://www.openstreetmap.org/way/45891075,OSM:way/45891075,45891075,,"{""type"":""LineString"",""coordinates"":[[151.8229874,-30.4453069],[151.8236769,-30.4454372]]}"
,,B78;17,Grafton Road,Road Bridge,,B78;17,NSW,New England & North West,,-30.544544,151.798436,,Transport for NSW (inferred),,Beam Bridge,,,,,,,,22,,2,,,,,,,,,,,"OPEN DATA (OpenStreetMap, ODbL). DQ: INCOMPLETE - geometry & identity captured; owner/region/importance INFERRED (verify). Missing: condition, conditionRating, lastInspectionDate, lga, yearBuilt, postingStatus. No engineering/inspection data from open source.",Active,,,,,,3,,,,,,,,,"OpenStreetMap (open data, ODbL)",https://www.openstreetmap.org/way/45891090,OSM:way/45891090,45891090,,"{""type"":""LineString"",""coordinates"":[[151.7985482,-30.5445269],[151.7983233,-30.5445616]]}"
,,OSM-45891099,Threlfall Track,Pedestrian Bridge,,,NSW,New England & North West,,-30.600049,151.799493,,Local Council (inferred),,Beam Bridge,,,,,,,,23,,,,,,,,,,,,,"OPEN DATA (OpenStreetMap, ODbL). DQ: INCOMPLETE - geometry & identity captured; owner/region/importance INFERRED (verify). Missing: condition, conditionRating, lastInspectionDate, lga, yearBuilt, postingStatus. No engineering/inspection data from open source.",Active,,,,,,1,,,,,,,,,"OpenStreetMap (open data, ODbL)",https://www.openstreetmap.org/way/45891099,OSM:way/45891099,45891099,,"{""type"":""LineString"",""coordinates"":[[151.7994707,-30.5999483],[151.7995154,-30.6001505]]}"
,,B78;17,Grafton Road,Road Bridge,,B78;17,NSW,New England & North West,,-30.538809,151.728787,,Transport for NSW (inferred),,Beam Bridge,,,,,,,,22,,2,,,,,,,,,,,"OPEN DATA (OpenStreetMap, ODbL). DQ: INCOMPLETE - geometry & identity captured; owner/region/importance INFERRED (verify). Missing: condition, conditionRating, lastInspectionDate, lga, yearBuilt, postingStatus. No engineering/inspection data from open source.",Active,,,,,,3,,,,,,,,,"OpenStreetMap (open data, ODbL)",https://www.openstreetmap.org/way/45891101,OSM:way/45891101,45891101,,"{""type"":""LineString"",""coordinates"":[[151.7288793,-30.5388639],[151.7286937,-30.5387544]]}"
,,OSM-45976025,Tyringham Road,Road Bridge,,,NSW,Regional NSW,,-30.241846,152.585559,,Local Council (inferred),,Beam Bridge,,,,,,,,44,,,,,,,,,,,,,"OPEN DATA (OpenStreetMap, ODbL). DQ: INCOMPLETE - geometry & identity captured; owner/region/importance INFERRED (verify). Missing: condition, conditionRating, lastInspectionDate, lga, yearBuilt, postingStatus. No engineering/inspection data from open source.",Active,,,,,,2,,,,,,,,,"OpenStreetMap (open data, ODbL)",https://www.openstreetmap.org/way/45976025,OSM:way/45976025,45976025,,"{""type"":""LineString"",""coordinates"":[[152.5853495,-30.2417656],[152.585768,-30.2419264]]}"
,,B78,Waterfall Way,Road Bridge,,B78,NSW,Mid North Coast,,-30.383356,152.565008,,Transport for NSW (inferred),,Beam Bridge,,,,,,,,10,,2,,,,,,,,,,,"OPEN DATA (OpenStreetMap, ODbL). DQ: INCOMPLETE - geometry & identity captured; owner/region/importance INFERRED (verify). Missing: condition, conditionRating, lastInspectionDate, lga, yearBuilt, postingStatus. No engineering/inspection data from open source.",Active,,,,,,3,,,,,,,,,"OpenStreetMap (open data, ODbL)",https://www.openstreetmap.org/way/45976096,OSM:way/45976096,45976096,,"{""type"":""LineString"",""coordinates"":[[152.5649566,-30.3833568],[152.5650592,-30.3833561]]}"
,,B72;6,Snowy Mountains Highway Offramp,Road Bridge,,B72;6,NSW,Murray,,-35.18002,147.866384,,Transport for NSW (inferred),,Beam Bridge,,,,,,,,81,,1,,,,,,,,,,,"OPEN DATA (OpenStreetMap, ODbL). DQ: INCOMPLETE - geometry & identity captured; owner/region/importance INFERRED (verify). Missing: condition, conditionRating, lastInspectionDate, lga, yearBuilt, postingStatus. No engineering/inspection data from open source.",Active,,,,,,4,,,,,,,,,"OpenStreetMap (open data, ODbL)",https://www.openstreetmap.org/way/46013590,OSM:way/46013590,46013590,,"{""type"":""LineString"",""coordinates"":[[147.8660254,-35.1798462],[147.8662356,-35.1799365],[147.866492,-35.1800673],[147.8667813,-35.1802287]]}"
,,OSM-46013764,O'Hagan Street,Road Bridge,,,NSW,Regional NSW,,-35.050801,148.100639,,Local Council (inferred),,Beam Bridge,,,,,,,,86,,,,,,,,,,,,,"OPEN DATA (OpenStreetMap, ODbL). DQ: INCOMPLETE - geometry & identity captured; owner/region/importance INFERRED (verify). Missing: condition, conditionRating, lastInspectionDate, lga, yearBuilt, postingStatus. No engineering/inspection data from open source.",Active,,,,,,1,,,,,,,,,"OpenStreetMap (open data, ODbL)",https://www.openstreetmap.org/way/46013764,OSM:way/46013764,46013764,,"{""type"":""LineString"",""coordinates"":[[148.1011048,-35.0508697],[148.1001732,-35.0507323]]}"
,,OSM-46014019,Gocup Road,Road Bridge,,,NSW,Regional NSW,,-35.083059,148.092559,,Local Council (inferred),,Beam Bridge,,,,,,,,53,,2,,,,,,,,,,,"OPEN DATA (OpenStreetMap, ODbL). DQ: INCOMPLETE - geometry & identity captured; owner/region/importance INFERRED (verify). Missing: condition, conditionRating, lastInspectionDate, lga, yearBuilt, postingStatus. No engineering/inspection data from open source.",Active,,,,,,2,,,,,,,,,"OpenStreetMap (open data, ODbL)",https://www.openstreetmap.org/way/46014019,OSM:way/46014019,46014019,,"{""type"":""LineString"",""coordinates"":[[148.0923167,-35.0829309],[148.092802,-35.0831869]]}"
,,6,Prince Alfred Bridge,Road Bridge,,6,NSW,Regional NSW,,-35.073939,148.107271,,Transport for NSW (inferred),,Beam Bridge,,,,,,,,187,,,,,,,,,,,,,"OPEN DATA (OpenStreetMap, ODbL). DQ: INCOMPLETE - geometry & identity captured; owner/region/importance INFERRED (verify). Missing: condition, conditionRating, lastInspectionDate, lga, yearBuilt, postingStatus. No engineering/inspection data from open source.",Active,,,,,,2,,,,,,,,,"OpenStreetMap (open data, ODbL)",https://www.openstreetmap.org/way/46014183,OSM:way/46014183,46014183,,"{""type"":""LineString"",""coordinates"":[[148.1074997,-35.073516],[148.1074934,-35.0735424],[148.1074863,-35.0735658],[148.107419,-35.0737417],[148.1073598,-35.073873],[148.1073062,-35.0739629],[148.1072623,-35.0740274],[148.1072272,-35.0740748],[148.1071841,-35.0741295],[148.1064695,-35.0749596]]}"
,,OSM-46096900,Towrang Road,Road Bridge,,,NSW,South East & Tablelands,,-34.721383,149.830427,,Local Council (inferred),,Beam Bridge,,,,,,,,40,,,,,,,,,,,,,"OPEN DATA (OpenStreetMap, ODbL). DQ: INCOMPLETE - geometry & identity captured; owner/region/importance INFERRED (verify). Missing: condition, conditionRating, lastInspectionDate, lga, yearBuilt, postingStatus. No engineering/inspection data from open source.",Active,,,,,,1,,,,,,,,,"OpenStreetMap (open data, ODbL)",https://www.openstreetmap.org/way/46096900,OSM:way/46096900,46096900,,"{""type"":""LineString"",""coordinates"":[[149.8305935,-34.7214983],[149.8302604,-34.7212671]]}"
,,OSM-46100474,Browns Creek Road,Road Bridge,,,NSW,Central West & Orana,,-33.520406,149.16346,,Local Council (inferred),,Beam Bridge,,,,,,,,26,,1,,,,,,,,,,,"OPEN DATA (OpenStreetMap, ODbL). DQ: INCOMPLETE - geometry & identity captured; owner/region/importance INFERRED (verify). Missing: condition, conditionRating, lastInspectionDate, lga, yearBuilt, postingStatus. No engineering/inspection data from open source.",Active,,,,,,1,,,,,,,,,"OpenStreetMap (open data, ODbL)",https://www.openstreetmap.org/way/46100474,OSM:way/46100474,46100474,,"{""type"":""LineString"",""coordinates"":[[149.1633294,-33.5203635],[149.1635915,-33.5204484]]}"
,,OSM-46100518,Carcoar Road,Road Bridge,,,NSW,Central West & Orana,,-33.567227,149.159197,,Local Council (inferred),,Beam Bridge,,,,,,,,38,,,,,,,,,,,,,"OPEN DATA (OpenStreetMap, ODbL). DQ: INCOMPLETE - geometry & identity captured; owner/region/importance INFERRED (verify). Missing: condition, conditionRating, lastInspectionDate, lga, yearBuilt, postingStatus. No engineering/inspection data from open source.",Active,,,,,,1,,,,,,,,,"OpenStreetMap (open data, ODbL)",https://www.openstreetmap.org/way/46100518,OSM:way/46100518,46100518,,"{""type"":""LineString"",""coordinates"":[[149.1592413,-33.5673927],[149.1591527,-33.5670619]]}"
,,A41,Mid Western Highway,Road Bridge,,A41,NSW,Central West & Orana,,-33.647696,149.076527,,Transport for NSW (inferred),,Beam Bridge,,,,,,,,25,,2,,,,,,,,,,,"OPEN DATA (OpenStreetMap, ODbL). DQ: INCOMPLETE - geometry & identity captured; owner/region/importance INFERRED (verify). Missing: condition, conditionRating, lastInspectionDate, lga, yearBuilt, postingStatus. No engineering/inspection data from open source.",Active,,,,,,4,,,,,,,,,"OpenStreetMap (open data, ODbL)",https://www.openstreetmap.org/way/46102094,OSM:way/46102094,46102094,,"{""type"":""LineString"",""coordinates"":[[149.0764334,-33.6477748],[149.0766204,-33.6476178]]}"
,,OSM-46145899,George Street,Road Bridge,,,NSW,South East & Tablelands,,-34.709466,150.008156,,Local Council (inferred),,Beam Bridge,,,,,,,,39,,,,,,,,,,,,,"OPEN DATA (OpenStreetMap, ODbL). DQ: INCOMPLETE - geometry & identity captured; owner/region/importance INFERRED (verify). Missing: condition, conditionRating, lastInspectionDate, lga, yearBuilt, postingStatus. No engineering/inspection data from open source.",Active,,,,,,1,,,,,,,,,"OpenStreetMap (open data, ODbL)",https://www.openstreetmap.org/way/46145899,OSM:way/46145899,46145899,,"{""type"":""LineString"",""coordinates"":[[150.0080251,-34.709605],[150.0082877,-34.7093278]]}"
,,A41,Mid Western Highway,Road Bridge,,A41,NSW,Central West & Orana,,-33.672393,149.042049,,Transport for NSW (inferred),,Beam Bridge,,,,,,,,42,,2,,,,,,,,,,,"OPEN DATA (OpenStreetMap, ODbL). DQ: INCOMPLETE - geometry & identity captured; owner/region/importance INFERRED (verify). Missing: condition, conditionRating, lastInspectionDate, lga, yearBuilt, postingStatus. No engineering/inspection data from open source.",Active,,,,,,4,,,,,,,,,"OpenStreetMap (open data, ODbL)",https://www.openstreetmap.org/way/46150387,OSM:way/46150387,46150387,,"{""type"":""LineString"",""coordinates"":[[149.0418243,-33.6724008],[149.0422736,-33.6723862]]}"
,,OSM-46154006,Belubula Way,Road Bridge,,,NSW,Central West & Orana,,-33.649545,148.910214,,Local Council (inferred),,Beam Bridge,,,,,,,,30,,,,,,,,,,,,,"OPEN DATA (OpenStreetMap, ODbL). DQ: INCOMPLETE - geometry & identity captured; owner/region/importance INFERRED (verify). Missing: condition, conditionRating, lastInspectionDate, lga, yearBuilt, postingStatus. No engineering/inspection data from open source.",Active,,,,,,2,,,,,,,,,"OpenStreetMap (open data, ODbL)",https://www.openstreetmap.org/way/46154006,OSM:way/46154006,46154006,,"{""type"":""LineString"",""coordinates"":[[148.9100638,-33.6495954],[148.9103652,-33.6494949]]}"
,,OSM-46597281,Hume and Hovell Walking Track,Pedestrian Bridge,,,NSW,South East & Tablelands,,-35.261525,148.55662,,Local Council (inferred),,Beam Bridge,,,,,,,,10,,,,,,,,,,,,,"OPEN DATA (OpenStreetMap, ODbL). DQ: INCOMPLETE - geometry & identity captured; owner/region/importance INFERRED (verify). Missing: condition, conditionRating, lastInspectionDate, lga, yearBuilt, postingStatus. No engineering/inspection data from open source.",Active,,,,,,1,,,,,,,,,"OpenStreetMap (open data, ODbL)",https://www.openstreetmap.org/way/46597281,OSM:way/46597281,46597281,,"{""type"":""LineString"",""coordinates"":[[148.55663,-35.26148],[148.55661,-35.26157]]}"
,,OSM-46858329,Artillery Road,Road Bridge,,,NSW,Sydney Metropolitan,,-33.974134,150.944781,,Local Council (inferred),,Beam Bridge,,,,,,,,18,,,,,,,,,,,,,"OPEN DATA (OpenStreetMap, ODbL). DQ: INCOMPLETE - geometry & identity captured; owner/region/importance INFERRED (verify). Missing: condition, conditionRating, lastInspectionDate, lga, yearBuilt, postingStatus. No engineering/inspection data from open source.",Active,,,,,,1,,,,,,,,,"OpenStreetMap (open data, ODbL)",https://www.openstreetmap.org/way/46858329,OSM:way/46858329,46858329,,"{""type"":""LineString"",""coordinates"":[[150.9448785,-33.9741349],[150.9446827,-33.9741327]]}"
,,B56,Oxley Highway,Road Bridge,,B56,NSW,New England & North West,,-31.099979,150.905022,,Transport for NSW (inferred),,Beam Bridge,,,,,,,,22,,2,,,,,,,,,,,"OPEN DATA (OpenStreetMap, ODbL). DQ: INCOMPLETE - geometry & identity captured; owner/region/importance INFERRED (verify). Missing: condition, conditionRating, lastInspectionDate, lga, yearBuilt, postingStatus. No engineering/inspection data from open source.",Active,,,,,,3,,,,,,,,,"OpenStreetMap (open data, ODbL)",https://www.openstreetmap.org/way/46906837,OSM:way/46906837,46906837,,"{""type"":""LineString"",""coordinates"":[[150.9049075,-31.0999612],[150.9051372,-31.0999971]]}"
,,OSM-46907200,Main Northern Railway,Rail Bridge,,,NSW,New England & North West,,-31.096262,150.939208,,Transport Asset Holding Entity (inferred),,Beam Bridge,,,,,,,,23,,,,,,,,,,,,,"OPEN DATA (OpenStreetMap, ODbL). DQ: INCOMPLETE - geometry & identity captured; owner/region/importance INFERRED (verify). Missing: condition, conditionRating, lastInspectionDate, lga, yearBuilt, postingStatus. No engineering/inspection data from open source.",Active,,,,,,4,,,,,,,,,"OpenStreetMap (open data, ODbL)",https://www.openstreetmap.org/way/46907200,OSM:way/46907200,46907200,,"{""type"":""LineString"",""coordinates"":[[150.9391343,-31.096181],[150.9392824,-31.096343]]}"
,,A44,Parramatta Road,Road Bridge,,A44,NSW,Sydney Metropolitan,,-33.832454,151.016212,,Transport for NSW (inferred),,Beam Bridge,2013,,,,,,,35,,2,,,,,,,,,,,"OPEN DATA (OpenStreetMap, ODbL). DQ: PARTIAL - geometry & identity captured; owner/region/importance INFERRED (verify). Missing: condition, conditionRating, lastInspectionDate, lga, postingStatus. No engineering/inspection data from open source.",Active,,,,,,4,,,,,,,,,"OpenStreetMap (open data, ODbL)",https://www.openstreetmap.org/way/46994598,OSM:way/46994598,46994598,,"{""type"":""LineString"",""coordinates"":[[151.0163778,-33.8325301],[151.0160453,-33.8323789]]}"
,,OSM-46995089,James Ruse Drive,Road Bridge,,,NSW,Sydney Metropolitan,,-33.831452,151.019735,,Local Council (inferred),,Beam Bridge,,,,,,,,8,,3,,,,,,,,,,,"OPEN DATA (OpenStreetMap, ODbL). DQ: INCOMPLETE - geometry & identity captured; owner/region/importance INFERRED (verify). Missing: condition, conditionRating, lastInspectionDate, lga, yearBuilt, postingStatus. No engineering/inspection data from open source.",Active,,,,,,3,,,,,,,,,"OpenStreetMap (open data, ODbL)",https://www.openstreetmap.org/way/46995089,OSM:way/46995089,46995089,,"{""type"":""LineString"",""coordinates"":[[151.0197205,-33.831485],[151.0197492,-33.8314183]]}"
,,M4,Western Motorway,Road Bridge,,M4,NSW,Sydney Metropolitan,,-33.835244,151.029945,,Transport for NSW (inferred),,Beam Bridge,2013,,,,,,,307,,4,,,,,,,,,,,"OPEN DATA (OpenStreetMap, ODbL). DQ: PARTIAL - geometry & identity captured; owner/region/importance INFERRED (verify). Missing: condition, conditionRating, lastInspectionDate, lga, postingStatus. No engineering/inspection data from open source.",Active,,,,,,4,,,,,,,,,"OpenStreetMap (open data, ODbL)",https://www.openstreetmap.org/way/46995964,OSM:way/46995964,46995964,,"{""type"":""LineString"",""coordinates"":[[151.0284411,-33.834573],[151.0289939,-33.8347961],[151.0297573,-33.8351119],[151.0302974,-33.8353814],[151.0308437,-33.8356665],[151.0313341,-33.8359336]]}"
,,OSM-47033530,Mamre Road,Road Bridge,,,NSW,Sydney Metropolitan,,-33.784157,150.77088,,Local Council (inferred),,Beam Bridge,,,,,,,,79,,3,,,,,,,,,,,"OPEN DATA (OpenStreetMap, ODbL). DQ: INCOMPLETE - geometry & identity captured; owner/region/importance INFERRED (verify). Missing: condition, conditionRating, lastInspectionDate, lga, yearBuilt, postingStatus. No engineering/inspection data from open source.",Active,,,,,,2,,,,,,,,,"OpenStreetMap (open data, ODbL)",https://www.openstreetmap.org/way/47033530,OSM:way/47033530,47033530,,"{""type"":""LineString"",""coordinates"":[[150.7708201,-33.784508],[150.7709407,-33.783805]]}"
,,A4,Western Distributor,Road Bridge,,A4,NSW,Sydney Metropolitan,,-33.870811,151.190975,,Transport for NSW (inferred),,Viaduct,2013,,,,,,,60,,3,,,,,,,,,,,"OPEN DATA (OpenStreetMap, ODbL). DQ: PARTIAL - geometry & identity captured; owner/region/importance INFERRED (verify). Missing: condition, conditionRating, lastInspectionDate, lga, postingStatus. No engineering/inspection data from open source.",Active,,,,,,4,,,,,,,,,"OpenStreetMap (open data, ODbL)",https://www.openstreetmap.org/way/47108004,OSM:way/47108004,47108004,,"{""type"":""LineString"",""coordinates"":[[151.1906664,-33.8707364],[151.1908875,-33.8707988],[151.1910478,-33.8708362],[151.1912967,-33.8708726]]}"
,,OSM-47108006,Miller Street,Road Bridge,,,NSW,Sydney Metropolitan,,-33.870536,151.191797,,Local Council (inferred),,Beam Bridge,,,,,,,,22,,3,,,,Restricted,,,,,,,"OPEN DATA (OpenStreetMap, ODbL). DQ: PARTIAL - geometry & identity captured; owner/region/importance INFERRED (verify). Missing: condition, conditionRating, lastInspectionDate, lga, yearBuilt. No engineering/inspection data from open source. HV: load limit 3t (posted, open data; NHVR gazettal/route approval NOT verified).",Active,,,,3,,1,,,,,,,,,"OpenStreetMap (open data, ODbL)",https://www.openstreetmap.org/way/47108006,OSM:way/47108006,47108006,,"{""type"":""LineString"",""coordinates"":[[151.1916894,-33.8705764],[151.1919043,-33.8704951]]}"
,,A4,Western Distributor,Road Bridge,,A4,NSW,Sydney Metropolitan,,-33.871747,151.202853,,Transport for NSW (inferred),,Viaduct,,,,,,,,111,,2,,,,,,,,,,,"OPEN DATA (OpenStreetMap, ODbL). DQ: INCOMPLETE - geometry & identity captured; owner/region/importance INFERRED (verify). Missing: condition, conditionRating, lastInspectionDate, lga, yearBuilt, postingStatus. No engineering/inspection data from open source.",Active,,,,,,4,,,,,,,,,"OpenStreetMap (open data, ODbL)",https://www.openstreetmap.org/way/47108011,OSM:way/47108011,47108011,,"{""type"":""LineString"",""coordinates"":[[151.2027328,-33.8721552],[151.2028343,-33.8719017],[151.202991,-33.8711834]]}"
,,A4,Western Distributor,Road Bridge,,A4,NSW,Sydney Metropolitan,,-33.87054,151.189894,,Transport for NSW (inferred),,Viaduct,2013,,,,,,,81,,4,,,,,,,,,,,"OPEN DATA (OpenStreetMap, ODbL). DQ: PARTIAL - geometry & identity captured; owner/region/importance INFERRED (verify). Missing: condition, conditionRating, lastInspectionDate, lga, postingStatus. No engineering/inspection data from open source.",Active,,,,,,4,,,,,,,,,"OpenStreetMap (open data, ODbL)",https://www.openstreetmap.org/way/47108013,OSM:way/47108013,47108013,,"{""type"":""LineString"",""coordinates"":[[151.1902752,-33.8707124],[151.1901063,-33.8706346],[151.1896865,-33.870446],[151.1895094,-33.870366]]}"
,,OSM-47108017,Western Distributor Onramp,Road Bridge,,,NSW,Sydney Metropolitan,,-33.873596,151.198003,,Local Council (inferred),,Viaduct,,,,,,,,315,,1,,,,,,,,,,,"OPEN DATA (OpenStreetMap, ODbL). DQ: INCOMPLETE - geometry & identity captured; owner/region/importance INFERRED (verify). Missing: condition, conditionRating, lastInspectionDate, lga, yearBuilt, postingStatus. No engineering/inspection data from open source.",Active,,,,,,4,,,,,,,,,"OpenStreetMap (open data, ODbL)",https://www.openstreetmap.org/way/47108017,OSM:way/47108017,47108017,,"{""type"":""LineString"",""coordinates"":[[151.1968676,-33.8726572],[151.1970453,-33.8729482],[151.197116,-33.8730621],[151.1971387,-33.8730947],[151.1971755,-33.8731443],[151.197321,-33.8733396],[151.1974226,-33.873446],[151.1975759,-33.8735745],[151.1977385,-33.8736834],[151.1979007,-33.8737652],[151.1980995,-33.8738405],[151.198234,-33.8738808],[151.1983594,-33.8739103],[151.1984721,-33.873933],[151.198585,-33.8739492],[151.1986799,-33.8739572],[151.1988141,-33.8739621],[151.1989113,-33.8739584],[151.1990495,-33.8739459],[151.1995508,-33.8738747]]}"
,,OSM-47108020,Allen Street Offramp,Road Bridge,,,NSW,Sydney Metropolitan,,-33.873614,151.194927,,Local Council (inferred),,Viaduct,,,,,,,,54,,1,,,,,,,,,,,"OPEN DATA (OpenStreetMap, ODbL). DQ: INCOMPLETE - geometry & identity captured; owner/region/importance INFERRED (verify). Missing: condition, conditionRating, lastInspectionDate, lga, yearBuilt, postingStatus. No engineering/inspection data from open source.",Active,,,,,,4,,,,,,,,,"OpenStreetMap (open data, ODbL)",https://www.openstreetmap.org/way/47108020,OSM:way/47108020,47108020,,"{""type"":""LineString"",""coordinates"":[[151.1946848,-33.87344],[151.1947788,-33.8735061],[151.1948724,-33.8735954],[151.1949277,-33.8736488],[151.1950093,-33.8736857],[151.1950738,-33.8737049],[151.1951415,-33.873715]]}"
,,OSM-47108022,Western Distributor Onramp,Road Bridge,,,NSW,Sydney Metropolitan,,-33.873766,151.202703,,Local Council (inferred),,Viaduct,,,,,,,,78,,2,,,,,,,,,,,"OPEN DATA (OpenStreetMap, ODbL). DQ: INCOMPLETE - geometry & identity captured; owner/region/importance INFERRED (verify). Missing: condition, conditionRating, lastInspectionDate, lga, yearBuilt, postingStatus. No engineering/inspection data from open source.",Active,,,,,,4,,,,,,,,,"OpenStreetMap (open data, ODbL)",https://www.openstreetmap.org/way/47108022,OSM:way/47108022,47108022,,"{""type"":""LineString"",""coordinates"":[[151.2029909,-33.8735058],[151.2028848,-33.8736166],[151.2028064,-33.8736963],[151.2027186,-33.8737743],[151.202614,-33.8738579],[151.2025114,-33.8739192],[151.2023923,-33.8739932]]}"
,,OSM-47121697,Warringah Freeway Onramp,Road Bridge,,,NSW,Sydney Metropolitan,,-33.829989,151.21436,,Local Council (inferred),,Beam Bridge,,,,,,,,37,,2,,,,,,,,,,,"OPEN DATA (OpenStreetMap, ODbL). DQ: INCOMPLETE - geometry & identity captured; owner/region/importance INFERRED (verify). Missing: condition, conditionRating, lastInspectionDate, lga, yearBuilt, postingStatus. No engineering/inspection data from open source.",Active,,,,,,4,,,,,,,,,"OpenStreetMap (open data, ODbL)",https://www.openstreetmap.org/way/47121697,OSM:way/47121697,47121697,,"{""type"":""LineString"",""coordinates"":[[151.214526,-33.8298914],[151.2144548,-33.8299188],[151.2144115,-33.8299411],[151.2143855,-33.8299589],[151.2143695,-33.8299698],[151.2143431,-33.8299904],[151.2143222,-33.8300067],[151.214296,-33.8300347],[151.214267,-33.8300648],[151.2142274,-33.8301092]]}"
,,A41,Olympic Highway,Road Bridge,,A41,NSW,Regional NSW,,-34.314058,148.294363,,Transport for NSW (inferred),,Beam Bridge,,,,,,,,33,,2,,,,,,,,,,,"OPEN DATA (OpenStreetMap, ODbL). DQ: INCOMPLETE - geometry & identity captured; owner/region/importance INFERRED (verify). Missing: condition, conditionRating, lastInspectionDate, lga, yearBuilt, postingStatus. No engineering/inspection data from open source.",Active,,,,,,4,,,,,,,,,"OpenStreetMap (open data, ODbL)",https://www.openstreetmap.org/way/47189381,OSM:way/47189381,47189381,,"{""type"":""LineString"",""coordinates"":[[148.2944561,-34.3139324],[148.2942705,-34.314183]]}"
,,OSM-47198110,Glenhaven Road,Road Bridge,,,NSW,Sydney Metropolitan,,-33.693858,150.969938,,Local Council (inferred),,Beam Bridge,,,,,,,,51,,,,,,Restricted,,,,,,,"OPEN DATA (OpenStreetMap, ODbL). DQ: PARTIAL - geometry & identity captured; owner/region/importance INFERRED (verify). Missing: condition, conditionRating, lastInspectionDate, lga, yearBuilt. No engineering/inspection data from open source. HV: load limit 8t (posted, open data; NHVR gazettal/route approval NOT verified).",Active,,,,8,,2,,,,,,,,,"OpenStreetMap (open data, ODbL)",https://www.openstreetmap.org/way/47198110,OSM:way/47198110,47198110,,"{""type"":""LineString"",""coordinates"":[[150.9697488,-33.6940477],[150.9698785,-33.6938844],[150.970005,-33.6937875],[150.9701181,-33.6937119]]}"
,,OSM-47240692,Pomeroy Road,Road Bridge,,,NSW,South East & Tablelands,,-34.653793,149.494955,,Local Council (inferred),,Beam Bridge,,,,,,,,25,,,,,,,,,,,,,"OPEN DATA (OpenStreetMap, ODbL). DQ: INCOMPLETE - geometry & identity captured; owner/region/importance INFERRED (verify). Missing: condition, conditionRating, lastInspectionDate, lga, yearBuilt, postingStatus. No engineering/inspection data from open source.",Active,,,,,,1,,,,,,,,,"OpenStreetMap (open data, ODbL)",https://www.openstreetmap.org/way/47240692,OSM:way/47240692,47240692,,"{""type"":""LineString"",""coordinates"":[[149.4949447,-34.6539049],[149.4949655,-34.6536813]]}"
,,OSM-47240693,Pomeroy Road,Road Bridge,,,NSW,South East & Tablelands,,-34.664624,149.496922,,Local Council (inferred),,Beam Bridge,,,,,,,,35,,,,,,,,,,,,,"OPEN DATA (OpenStreetMap, ODbL). DQ: INCOMPLETE - geometry & identity captured; owner/region/importance INFERRED (verify). Missing: condition, conditionRating, lastInspectionDate, lga, yearBuilt, postingStatus. No engineering/inspection data from open source.",Active,,,,,,1,,,,,,,,,"OpenStreetMap (open data, ODbL)",https://www.openstreetmap.org/way/47240693,OSM:way/47240693,47240693,,"{""type"":""LineString"",""coordinates"":[[149.4970512,-34.6647373],[149.4967934,-34.6645101]]}"
,,OSM-47249799,Bridge Street,Road Bridge,,,NSW,Regional NSW,,-34.804955,148.110675,,Local Council (inferred),,Beam Bridge,,,,,,,,56,,,,,,,,,,,,,"OPEN DATA (OpenStreetMap, ODbL). DQ: INCOMPLETE - geometry & identity captured; owner/region/importance INFERRED (verify). Missing: condition, conditionRating, lastInspectionDate, lga, yearBuilt, postingStatus. No engineering/inspection data from open source.",Active,,,,,,1,,,,,,,,,"OpenStreetMap (open data, ODbL)",https://www.openstreetmap.org/way/47249799,OSM:way/47249799,47249799,,"{""type"":""LineString"",""coordinates"":[[148.1103754,-34.8050046],[148.1109748,-34.8049051]]}"
,,OSM-47252004,Tumblong Road,Road Bridge,,,NSW,Regional NSW,,-35.137836,148.007115,,Local Council (inferred),,Beam Bridge,,,,,,,,56,,,,,,,,,,,,,"OPEN DATA (OpenStreetMap, ODbL). DQ: INCOMPLETE - geometry & identity captured; owner/region/importance INFERRED (verify). Missing: condition, conditionRating, lastInspectionDate, lga, yearBuilt, postingStatus. No engineering/inspection data from open source.",Active,,,,,,1,,,,,,,,,"OpenStreetMap (open data, ODbL)",https://www.openstreetmap.org/way/47252004,OSM:way/47252004,47252004,,"{""type"":""LineString"",""coordinates"":[[148.0073805,-35.1377116],[148.0068491,-35.1379595]]}"
,,M31,Hume Highway,Road Bridge,,M31,NSW,Regional NSW,,-35.137393,148.007164,,Transport for NSW (inferred),,Beam Bridge,,,,,,,,102,,2,,,,,,,,,,,"OPEN DATA (OpenStreetMap, ODbL). DQ: INCOMPLETE - geometry & identity captured; owner/region/importance INFERRED (verify). Missing: condition, conditionRating, lastInspectionDate, lga, yearBuilt, postingStatus. No engineering/inspection data from open source.",Active,,,,,,4,,,,,,,,,"OpenStreetMap (open data, ODbL)",https://www.openstreetmap.org/way/47252008,OSM:way/47252008,47252008,,"{""type"":""LineString"",""coordinates"":[[148.0076217,-35.137128],[148.0067068,-35.1376586]]}"
,,B58,Borella Road,Road Bridge,,B58,NSW,Riverina,,-36.075408,146.927945,,Transport for NSW (inferred),,Beam Bridge,,,,,,,,56,,2,,,,,,,,,,,"OPEN DATA (OpenStreetMap, ODbL). DQ: INCOMPLETE - geometry & identity captured; owner/region/importance INFERRED (verify). Missing: condition, conditionRating, lastInspectionDate, lga, yearBuilt, postingStatus. No engineering/inspection data from open source.",Active,,,,,,3,,,,,,,,,"OpenStreetMap (open data, ODbL)",https://www.openstreetmap.org/way/47283566,OSM:way/47283566,47283566,,"{""type"":""LineString"",""coordinates"":[[146.9275545,-36.0753854],[146.9281069,-36.0754181],[146.9281724,-36.0754219]]}"
,,B58,Borella Road,Road Bridge,,B58,NSW,Riverina,,-36.075508,146.927803,,Transport for NSW (inferred),,Beam Bridge,,,,,,,,56,,2,,,,,,,,,,,"OPEN DATA (OpenStreetMap, ODbL). DQ: INCOMPLETE - geometry & identity captured; owner/region/importance INFERRED (verify). Missing: condition, conditionRating, lastInspectionDate, lga, yearBuilt, postingStatus. No engineering/inspection data from open source.",Active,,,,,,3,,,,,,,,,"OpenStreetMap (open data, ODbL)",https://www.openstreetmap.org/way/47283568,OSM:way/47283568,47283568,,"{""type"":""LineString"",""coordinates"":[[146.9281129,-36.0755251],[146.9274922,-36.0754908]]}"
,,OSM-47283588,Racecourse Road,Road Bridge,,,NSW,Riverina,,-36.051808,146.958312,,Local Council (inferred),,Beam Bridge,,,,,,,,17,,,,,,,,,,,,,"OPEN DATA (OpenStreetMap, ODbL). DQ: INCOMPLETE - geometry & identity captured; owner/region/importance INFERRED (verify). Missing: condition, conditionRating, lastInspectionDate, lga, yearBuilt, postingStatus. No engineering/inspection data from open source.",Active,,,,,,2,,,,,,,,,"OpenStreetMap (open data, ODbL)",https://www.openstreetmap.org/way/47283588,OSM:way/47283588,47283588,,"{""type"":""LineString"",""coordinates"":[[146.958372,-36.0518664],[146.9582519,-36.0517494]]}"
,,OSM-47577420,Bridge Road,Road Bridge,,,NSW,Sydney Metropolitan,,-33.864637,151.078668,,Local Council (inferred),,Beam Bridge,,,,,,,,27,,,,,,,,,,,,,"OPEN DATA (OpenStreetMap, ODbL). DQ: INCOMPLETE - geometry & identity captured; owner/region/importance INFERRED (verify). Missing: condition, conditionRating, lastInspectionDate, lga, yearBuilt, postingStatus. No engineering/inspection data from open source.",Active,,,,,,1,,,,,,,,,"OpenStreetMap (open data, ODbL)",https://www.openstreetmap.org/way/47577420,OSM:way/47577420,47577420,,"{""type"":""LineString"",""coordinates"":[[151.0786531,-33.8647588],[151.0786826,-33.8645159]]}"
,,OSM-47784907,Parkesbourne Road,Road Bridge,,,NSW,South East & Tablelands,,-34.782614,149.586088,,Local Council (inferred),,Beam Bridge,,,,,,,,25,,,,,,,,,,,,,"OPEN DATA (OpenStreetMap, ODbL). DQ: INCOMPLETE - geometry & identity captured; owner/region/importance INFERRED (verify). Missing: condition, conditionRating, lastInspectionDate, lga, yearBuilt, postingStatus. No engineering/inspection data from open source.",Active,,,,,,1,,,,,,,,,"OpenStreetMap (open data, ODbL)",https://www.openstreetmap.org/way/47784907,OSM:way/47784907,47784907,,"{""type"":""LineString"",""coordinates"":[[149.586086,-34.7827278],[149.58609,-34.7825005]]}"
,,OSM-47795786,Yass Street,Road Bridge,,,NSW,South East & Tablelands,,-34.780573,149.269484,,Local Council (inferred),,Beam Bridge,,,,,,,,53,,2,,,,,,,,,,,"OPEN DATA (OpenStreetMap, ODbL). DQ: INCOMPLETE - geometry & identity captured; owner/region/importance INFERRED (verify). Missing: condition, conditionRating, lastInspectionDate, lga, yearBuilt, postingStatus. No engineering/inspection data from open source.",Active,,,,,,2,,,,,,,,,"OpenStreetMap (open data, ODbL)",https://www.openstreetmap.org/way/47795786,OSM:way/47795786,47795786,,"{""type"":""LineString"",""coordinates"":[[149.2692487,-34.780713],[149.26972,-34.7804326]]}"
,,23,Oakenville Street,Road Bridge,,23,NSW,Regional NSW,,-31.45974,151.123619,,Transport for NSW (inferred),,Beam Bridge,,,,,,,,53,,,,,,,,,,,,,"OPEN DATA (OpenStreetMap, ODbL). DQ: INCOMPLETE - geometry & identity captured; owner/region/importance INFERRED (verify). Missing: condition, conditionRating, lastInspectionDate, lga, yearBuilt, postingStatus. No engineering/inspection data from open source.",Active,,,,,,2,,,,,,,,,"OpenStreetMap (open data, ODbL)",https://www.openstreetmap.org/way/47867674,OSM:way/47867674,47867674,,"{""type"":""LineString"",""coordinates"":[[151.1233458,-31.4596871],[151.1238925,-31.4597925]]}"
,,M31,Hume Highway,Road Bridge,,M31,NSW,South East & Tablelands,,-34.709672,150.010638,,Transport for NSW (inferred),,Beam Bridge,,,,,,,,108,,2,,,,,,,,,,,"OPEN DATA (OpenStreetMap, ODbL). DQ: INCOMPLETE - geometry & identity captured; owner/region/importance INFERRED (verify). Missing: condition, conditionRating, lastInspectionDate, lga, yearBuilt, postingStatus. No engineering/inspection data from open source.",Active,,,,,,4,,,,,,,,,"OpenStreetMap (open data, ODbL)",https://www.openstreetmap.org/way/47976779,OSM:way/47976779,47976779,,"{""type"":""LineString"",""coordinates"":[[150.0104059,-34.7101202],[150.0108696,-34.7092233]]}"
,,OSM-48114860,Bushells Ridge Road,Road Bridge,,,NSW,Central Coast,,-33.193679,151.466126,,Local Council (inferred),,Beam Bridge,,,,,,,,74,,,,,,,,,,,,,"OPEN DATA (OpenStreetMap, ODbL). DQ: INCOMPLETE - geometry & identity captured; owner/region/importance INFERRED (verify). Missing: condition, conditionRating, lastInspectionDate, lga, yearBuilt, postingStatus. No engineering/inspection data from open source.",Active,,,,,,1,,,,,,,,,"OpenStreetMap (open data, ODbL)",https://www.openstreetmap.org/way/48114860,OSM:way/48114860,48114860,,"{""type"":""LineString"",""coordinates"":[[151.4657284,-33.1937089],[151.466524,-33.1936497]]}"
,,17,Old Hume Highway,Road Bridge,,17,NSW,Illawarra & Shoalhaven,,-34.44007,150.415981,,Transport for NSW (inferred),,Beam Bridge,,,,,,,,132,,2,,,,,,,,,,,"OPEN DATA (OpenStreetMap, ODbL). DQ: INCOMPLETE - geometry & identity captured; owner/region/importance INFERRED (verify). Missing: condition, conditionRating, lastInspectionDate, lga, yearBuilt, postingStatus. No engineering/inspection data from open source.",Active,,,,,,3,,,,,,,,,"OpenStreetMap (open data, ODbL)",https://www.openstreetmap.org/way/48331372,OSM:way/48331372,48331372,,"{""type"":""LineString"",""coordinates"":[[150.4166845,-34.4402029],[150.4152779,-34.4399379]]}"
,,OSM-48348528,Mount Vincent Road,Road Bridge,,,NSW,Central West & Orana,,-32.973081,149.868213,,Local Council (inferred),,Beam Bridge,,,,,,,,6,,1,,,,,,,,,,,"OPEN DATA (OpenStreetMap, ODbL). DQ: INCOMPLETE - geometry & identity captured; owner/region/importance INFERRED (verify). Missing: condition, conditionRating, lastInspectionDate, lga, yearBuilt, postingStatus. No engineering/inspection data from open source.",Active,,,,,,1,,,,,,,,,"OpenStreetMap (open data, ODbL)",https://www.openstreetmap.org/way/48348528,OSM:way/48348528,48348528,,"{""type"":""LineString"",""coordinates"":[[149.8682427,-32.9730671],[149.8681824,-32.9730948]]}"
,,OSM-48348545,Mount Vincent Road,Road Bridge,,,NSW,Central West & Orana,,-32.97467,149.875628,,Local Council (inferred),,Beam Bridge,,,,,,,,9,,1,,,,,,,,,,,"OPEN DATA (OpenStreetMap, ODbL). DQ: INCOMPLETE - geometry & identity captured; owner/region/importance INFERRED (verify). Missing: condition, conditionRating, lastInspectionDate, lga, yearBuilt, postingStatus. No engineering/inspection data from open source.",Active,,,,,,1,,,,,,,,,"OpenStreetMap (open data, ODbL)",https://www.openstreetmap.org/way/48348545,OSM:way/48348545,48348545,,"{""type"":""LineString"",""coordinates"":[[149.8756729,-32.9746861],[149.8755829,-32.9746544]]}"
,,B55,Castlereagh Highway,Road Bridge,,B55,NSW,Central West & Orana,,-32.810654,149.810993,,Transport for NSW (inferred),,Beam Bridge,,,,,,,,23,,2,,,,,,,,,,,"OPEN DATA (OpenStreetMap, ODbL). DQ: INCOMPLETE - geometry & identity captured; owner/region/importance INFERRED (verify). Missing: condition, conditionRating, lastInspectionDate, lga, yearBuilt, postingStatus. No engineering/inspection data from open source.",Active,,,,,,3,,,,,,,,,"OpenStreetMap (open data, ODbL)",https://www.openstreetmap.org/way/48349196,OSM:way/48349196,48349196,,"{""type"":""LineString"",""coordinates"":[[149.8110377,-32.8107509],[149.8109491,-32.8105562]]}"
,,B55,Castlereagh Highway,Road Bridge,,B55,NSW,Central West & Orana,,-32.768349,149.766493,,Transport for NSW (inferred),,Beam Bridge,,,,,,,,26,,2,,,,,,,,,,,"OPEN DATA (OpenStreetMap, ODbL). DQ: INCOMPLETE - geometry & identity captured; owner/region/importance INFERRED (verify). Missing: condition, conditionRating, lastInspectionDate, lga, yearBuilt, postingStatus. No engineering/inspection data from open source.",Active,,,,,,3,,,,,,,,,"OpenStreetMap (open data, ODbL)",https://www.openstreetmap.org/way/48349198,OSM:way/48349198,48349198,,"{""type"":""LineString"",""coordinates"":[[149.7665255,-32.7684609],[149.766461,-32.7682378]]}"
,,OSM-48380950,Cooper Drive,Road Bridge,,,NSW,Central West & Orana,,-32.893362,149.962089,,Local Council (inferred),,Beam Bridge,,,,,,,,50,,,,,,,,,,,,,"OPEN DATA (OpenStreetMap, ODbL). DQ: INCOMPLETE - geometry & identity captured; owner/region/importance INFERRED (verify). Missing: condition, conditionRating, lastInspectionDate, lga, yearBuilt, postingStatus. No engineering/inspection data from open source.",Active,,,,,,1,,,,,,,,,"OpenStreetMap (open data, ODbL)",https://www.openstreetmap.org/way/48380950,OSM:way/48380950,48380950,,"{""type"":""LineString"",""coordinates"":[[149.9622392,-32.8931779],[149.9619396,-32.8935471]]}"
,,OSM-48380972,Bylong Valley Way,Road Bridge,,,NSW,Central West & Orana,,-32.916613,149.937721,,Local Council (inferred),,Beam Bridge,,,,,,,,36,,2,,,,,,,,,,,"OPEN DATA (OpenStreetMap, ODbL). DQ: INCOMPLETE - geometry & identity captured; owner/region/importance INFERRED (verify). Missing: condition, conditionRating, lastInspectionDate, lga, yearBuilt, postingStatus. No engineering/inspection data from open source.",Active,,,,,,2,,,,,,,,,"OpenStreetMap (open data, ODbL)",https://www.openstreetmap.org/way/48380972,OSM:way/48380972,48380972,,"{""type"":""LineString"",""coordinates"":[[149.9376248,-32.916755],[149.9378179,-32.9164712]]}"
,,OSM-48381132,Cement Avenue,Road Bridge,,,NSW,Central West & Orana,,-32.88115,149.965626,,Local Council (inferred),,Beam Bridge,,,,,,,,19,,1,,,,,,,,,,,"OPEN DATA (OpenStreetMap, ODbL). DQ: INCOMPLETE - geometry & identity captured; owner/region/importance INFERRED (verify). Missing: condition, conditionRating, lastInspectionDate, lga, yearBuilt, postingStatus. No engineering/inspection data from open source.",Active,,,,,,1,,,,,,,,,"OpenStreetMap (open data, ODbL)",https://www.openstreetmap.org/way/48381132,OSM:way/48381132,48381132,,"{""type"":""LineString"",""coordinates"":[[149.965527,-32.8811675],[149.965725,-32.8811324]]}"
,,2,Bylong Valley Way,Road Bridge,,2,NSW,Central West & Orana,,-32.78984,149.972861,,Transport for NSW (inferred),,Beam Bridge,,,,,,,,11,,2,,,,,,,,,,,"OPEN DATA (OpenStreetMap, ODbL). DQ: INCOMPLETE - geometry & identity captured; owner/region/importance INFERRED (verify). Missing: condition, conditionRating, lastInspectionDate, lga, yearBuilt, postingStatus. No engineering/inspection data from open source.",Active,,,,,,2,,,,,,,,,"OpenStreetMap (open data, ODbL)",https://www.openstreetmap.org/way/48383300,OSM:way/48383300,48383300,,"{""type"":""LineString"",""coordinates"":[[149.9728235,-32.7898783],[149.9728982,-32.7898014]]}"
,,OSM-48384928,Bylong Valley Way,Road Bridge,,,NSW,Regional NSW,,-32.405709,150.373116,,Local Council (inferred),,Beam Bridge,,,,,,,,50,,2,,,,,,,,,,,"OPEN DATA (OpenStreetMap, ODbL). DQ: INCOMPLETE - geometry & identity captured; owner/region/importance INFERRED (verify). Missing: condition, conditionRating, lastInspectionDate, lga, yearBuilt, postingStatus. No engineering/inspection data from open source.",Active,,,,,,2,,,,,,,,,"OpenStreetMap (open data, ODbL)",https://www.openstreetmap.org/way/48384928,OSM:way/48384928,48384928,,"{""type"":""LineString"",""coordinates"":[[150.373335,-32.405839],[150.372898,-32.405579]]}"
,,OSM-48384930,Bylong Valley Way,Road Bridge,,,NSW,Regional NSW,,-32.383312,150.465257,,Local Council (inferred),,Beam Bridge,,,,,,,,68,,2,,,,,,,,,,,"OPEN DATA (OpenStreetMap, ODbL). DQ: INCOMPLETE - geometry & identity captured; owner/region/importance INFERRED (verify). Missing: condition, conditionRating, lastInspectionDate, lga, yearBuilt, postingStatus. No engineering/inspection data from open source.",Active,,,,,,2,,,,,,,,,"OpenStreetMap (open data, ODbL)",https://www.openstreetmap.org/way/48384930,OSM:way/48384930,48384930,,"{""type"":""LineString"",""coordinates"":[[150.465125,-32.3830296],[150.4653895,-32.3835944]]}"
,,OSM-48385346,Bylong Valley Way,Road Bridge,,,NSW,Regional NSW,,-32.346197,150.573272,,Local Council (inferred),,Beam Bridge,,,,4.8,,,,177,,2,,,,Restricted,,,,,,,"OPEN DATA (OpenStreetMap, ODbL). DQ: PARTIAL - geometry & identity captured; owner/region/importance INFERRED (verify). Missing: condition, conditionRating, lastInspectionDate, lga, yearBuilt. No engineering/inspection data from open source. HV: load limit 39t, clearance 4.8m (posted, open data; NHVR gazettal/route approval NOT verified).",Active,,,,39,,2,,,,,,,,,"OpenStreetMap (open data, ODbL)",https://www.openstreetmap.org/way/48385346,OSM:way/48385346,48385346,,"{""type"":""LineString"",""coordinates"":[[150.5741828,-32.3459919],[150.5723612,-32.3464029]]}"
,,B84;27,Merriwa Road,Road Bridge,,B84;27,NSW,Regional NSW,,-32.340378,150.578918,,Transport for NSW (inferred),,Beam Bridge,,,,,,,,10,,2,,,,,,,,,,,"OPEN DATA (OpenStreetMap, ODbL). DQ: INCOMPLETE - geometry & identity captured; owner/region/importance INFERRED (verify). Missing: condition, conditionRating, lastInspectionDate, lga, yearBuilt, postingStatus. No engineering/inspection data from open source.",Active,,,,,,3,,,,,,,,,"OpenStreetMap (open data, ODbL)",https://www.openstreetmap.org/way/48385666,OSM:way/48385666,48385666,,"{""type"":""LineString"",""coordinates"":[[150.5788684,-32.3403591],[150.5789673,-32.340396]]}"
,,OSM-48385953,Wybong Road,Road Bridge,,,NSW,Hunter,,-32.283118,150.648121,,Local Council (inferred),,Beam Bridge,,,,,,,,75,,,,,,,,,,,,,"OPEN DATA (OpenStreetMap, ODbL). DQ: INCOMPLETE - geometry & identity captured; owner/region/importance INFERRED (verify). Missing: condition, conditionRating, lastInspectionDate, lga, yearBuilt, postingStatus. No engineering/inspection data from open source.",Active,,,,,,1,,,,,,,,,"OpenStreetMap (open data, ODbL)",https://www.openstreetmap.org/way/48385953,OSM:way/48385953,48385953,,"{""type"":""LineString"",""coordinates"":[[150.6478698,-32.2833794],[150.6481093,-32.2831145],[150.6483835,-32.2828591]]}"
,,OSM-48386017,Wybong Road,Road Bridge,,,NSW,Hunter,,-32.264603,150.742616,,Local Council (inferred),,Beam Bridge,,,,,,,,36,,,,,,,,,,,,,"OPEN DATA (OpenStreetMap, ODbL). DQ: INCOMPLETE - geometry & identity captured; owner/region/importance INFERRED (verify). Missing: condition, conditionRating, lastInspectionDate, lga, yearBuilt, postingStatus. No engineering/inspection data from open source.",Active,,,,,,1,,,,,,,,,"OpenStreetMap (open data, ODbL)",https://www.openstreetmap.org/way/48386017,OSM:way/48386017,48386017,,"{""type"":""LineString"",""coordinates"":[[150.7427573,-32.2644969],[150.7424754,-32.2647096]]}"
,,OSM-48393359,Kayuga Road,Road Bridge,,,NSW,Hunter,,-32.256075,150.888531,,Local Council (inferred),,Beam Bridge,,,,,,,,86,,1,,,,,,,,,,,"OPEN DATA (OpenStreetMap, ODbL). DQ: INCOMPLETE - geometry & identity captured; owner/region/importance INFERRED (verify). Missing: condition, conditionRating, lastInspectionDate, lga, yearBuilt, postingStatus. No engineering/inspection data from open source.",Active,,,,,,1,,,,,,,,,"OpenStreetMap (open data, ODbL)",https://www.openstreetmap.org/way/48393359,OSM:way/48393359,48393359,,"{""type"":""LineString"",""coordinates"":[[150.8881051,-32.2559306],[150.8889576,-32.2562195]]}"
,,OSM-48393362,Blairmore Lane,Road Bridge,,,NSW,Hunter,,-32.191484,150.864892,,Local Council (inferred),,Beam Bridge,,,,,,,,59,,1,,,,,,,,,,,"OPEN DATA (OpenStreetMap, ODbL). DQ: INCOMPLETE - geometry & identity captured; owner/region/importance INFERRED (verify). Missing: condition, conditionRating, lastInspectionDate, lga, yearBuilt, postingStatus. No engineering/inspection data from open source.",Active,,,,,,1,,,,,,,,,"OpenStreetMap (open data, ODbL)",https://www.openstreetmap.org/way/48393362,OSM:way/48393362,48393362,,"{""type"":""LineString"",""coordinates"":[[150.8651098,-32.1912908],[150.8646741,-32.1916772]]}"
,,OSM-48394213,Dartbrook Road,Road Bridge,,,NSW,Hunter,,-32.145986,150.868604,,Local Council (inferred),,Beam Bridge,,,,,,,,33,,,,,,,,,,,,,"OPEN DATA (OpenStreetMap, ODbL). DQ: INCOMPLETE - geometry & identity captured; owner/region/importance INFERRED (verify). Missing: condition, conditionRating, lastInspectionDate, lga, yearBuilt, postingStatus. No engineering/inspection data from open source.",Active,,,,,,1,,,,,,,,,"OpenStreetMap (open data, ODbL)",https://www.openstreetmap.org/way/48394213,OSM:way/48394213,48394213,,"{""type"":""LineString"",""coordinates"":[[150.8687753,-32.1460108],[150.8684319,-32.1459608]]}"
,,OSM-48394218,Dartbrook Road,Road Bridge,,,NSW,Hunter,,-32.144082,150.854873,,Local Council (inferred),,Beam Bridge,,,,,,,,20,,,,,,,,,,,,,"OPEN DATA (OpenStreetMap, ODbL). DQ: INCOMPLETE - geometry & identity captured; owner/region/importance INFERRED (verify). Missing: condition, conditionRating, lastInspectionDate, lga, yearBuilt, postingStatus. No engineering/inspection data from open source.",Active,,,,,,1,,,,,,,,,"OpenStreetMap (open data, ODbL)",https://www.openstreetmap.org/way/48394218,OSM:way/48394218,48394218,,"{""type"":""LineString"",""coordinates"":[[150.8547859,-32.1440338],[150.8549599,-32.1441301]]}"
,,OSM-48437281,Moobi Road,Road Bridge,,,NSW,Hunter,,-32.046941,150.817609,,Local Council (inferred),,Beam Bridge,,,,,,,,60,,,,,,,,,,,,,"OPEN DATA (OpenStreetMap, ODbL). DQ: INCOMPLETE - geometry & identity captured; owner/region/importance INFERRED (verify). Missing: condition, conditionRating, lastInspectionDate, lga, yearBuilt, postingStatus. No engineering/inspection data from open source.",Active,,,,,,1,,,,,,,,,"OpenStreetMap (open data, ODbL)",https://www.openstreetmap.org/way/48437281,OSM:way/48437281,48437281,,"{""type"":""LineString"",""coordinates"":[[150.8178756,-32.0467949],[150.8173414,-32.0470865]]}"
,,A15,Mayne Street,Road Bridge,,A15,NSW,Regional NSW,,-31.764652,150.837263,,Transport for NSW (inferred),,Beam Bridge,,,,,,,,47,,2,,,,,,,,,,,"OPEN DATA (OpenStreetMap, ODbL). DQ: INCOMPLETE - geometry & identity captured; owner/region/importance INFERRED (verify). Missing: condition, conditionRating, lastInspectionDate, lga, yearBuilt, postingStatus. No engineering/inspection data from open source.",Active,,,,,,4,,,,,,,,,"OpenStreetMap (open data, ODbL)",https://www.openstreetmap.org/way/48441592,OSM:way/48441592,48441592,,"{""type"":""LineString"",""coordinates"":[[150.8375019,-31.7647042],[150.8370232,-31.7646007]]}"
,,A15,New England Highway,Road Bridge,,A15,NSW,Regional NSW,,-31.767278,150.850392,,Transport for NSW (inferred),,Beam Bridge,,,,,,,,39,,2,,,,,,,,,,,"OPEN DATA (OpenStreetMap, ODbL). DQ: INCOMPLETE - geometry & identity captured; owner/region/importance INFERRED (verify). Missing: condition, conditionRating, lastInspectionDate, lga, yearBuilt, postingStatus. No engineering/inspection data from open source.",Active,,,,,,4,,,,,,,,,"OpenStreetMap (open data, ODbL)",https://www.openstreetmap.org/way/48441593,OSM:way/48441593,48441593,,"{""type"":""LineString"",""coordinates"":[[150.8505931,-31.7673189],[150.8501905,-31.7672368]]}"
,,A15,New England Highway,Road Bridge,,A15,NSW,Regional NSW,,-31.772299,150.86915,,Transport for NSW (inferred),,Beam Bridge,,,,,,,,55,,2,,,,,,,,,,,"OPEN DATA (OpenStreetMap, ODbL). DQ: INCOMPLETE - geometry & identity captured; owner/region/importance INFERRED (verify). Missing: condition, conditionRating, lastInspectionDate, lga, yearBuilt, postingStatus. No engineering/inspection data from open source.",Active,,,,,,4,,,,,,,,,"OpenStreetMap (open data, ODbL)",https://www.openstreetmap.org/way/48441595,OSM:way/48441595,48441595,,"{""type"":""LineString"",""coordinates"":[[150.8694072,-31.772419],[150.8688921,-31.77218]]}"
,,OSM-48493366,High Street,Road Bridge,,,NSW,Regional NSW,,-31.734727,150.781875,,Local Council (inferred),,Beam Bridge,,,,,,,,33,,,,,,,,,,,,,"OPEN DATA (OpenStreetMap, ODbL). DQ: INCOMPLETE - geometry & identity captured; owner/region/importance INFERRED (verify). Missing: condition, conditionRating, lastInspectionDate, lga, yearBuilt, postingStatus. No engineering/inspection data from open source.",Active,,,,,,1,,,,,,,,,"OpenStreetMap (open data, ODbL)",https://www.openstreetmap.org/way/48493366,OSM:way/48493366,48493366,,"{""type"":""LineString"",""coordinates"":[[150.7820148,-31.7348144],[150.7817355,-31.7346389]]}"
,,OSM-48501034,Gowrie Road,Road Bridge,,,NSW,Regional NSW,,-31.33418,150.859637,,Local Council (inferred),,Beam Bridge,,,,,,,,21,,,,,,,,,,,,,"OPEN DATA (OpenStreetMap, ODbL). DQ: INCOMPLETE - geometry & identity captured; owner/region/importance INFERRED (verify). Missing: condition, conditionRating, lastInspectionDate, lga, yearBuilt, postingStatus. No engineering/inspection data from open source.",Active,,,,,,1,,,,,,,,,"OpenStreetMap (open data, ODbL)",https://www.openstreetmap.org/way/48501034,OSM:way/48501034,48501034,,"{""type"":""LineString"",""coordinates"":[[150.8597224,-31.3342371],[150.8595518,-31.3341236]]}"
,,OSM-48540304,Charles Street,Road Bridge,,,NSW,New England & North West,,-31.017474,151.067437,,Local Council (inferred),,Beam Bridge,,,,,,,,29,,,,,,,,,,,,,"OPEN DATA (OpenStreetMap, ODbL). DQ: INCOMPLETE - geometry & identity captured; owner/region/importance INFERRED (verify). Missing: condition, conditionRating, lastInspectionDate, lga, yearBuilt, postingStatus. No engineering/inspection data from open source.",Active,,,,,,1,,,,,,,,,"OpenStreetMap (open data, ODbL)",https://www.openstreetmap.org/way/48540304,OSM:way/48540304,48540304,,"{""type"":""LineString"",""coordinates"":[[151.0675563,-31.0175543],[151.0674378,-31.0174811],[151.0673178,-31.0173869]]}"
,,OSM-48570795,Kingsvale Road,Road Bridge,,,NSW,Regional NSW,,-34.366516,148.31983,,Local Council (inferred),,Beam Bridge,,,,,,,,28,,,,,,,,,,,,,"OPEN DATA (OpenStreetMap, ODbL). DQ: INCOMPLETE - geometry & identity captured; owner/region/importance INFERRED (verify). Missing: condition, conditionRating, lastInspectionDate, lga, yearBuilt, postingStatus. No engineering/inspection data from open source.",Active,,,,,,1,,,,,,,,,"OpenStreetMap (open data, ODbL)",https://www.openstreetmap.org/way/48570795,OSM:way/48570795,48570795,,"{""type"":""LineString"",""coordinates"":[[148.3199741,-34.3664782],[148.3196859,-34.3665528]]}"
,,12,Remembrance Driveway,Road Bridge,,12,NSW,Sydney Metropolitan,,-34.163256,150.636627,,Transport for NSW (inferred),,Beam Bridge,,,,,,,,25,,,,,,,,,,,,,"OPEN DATA (OpenStreetMap, ODbL). DQ: INCOMPLETE - geometry & identity captured; owner/region/importance INFERRED (verify). Missing: condition, conditionRating, lastInspectionDate, lga, yearBuilt, postingStatus. No engineering/inspection data from open source.",Active,,,,,,3,,,,,,,,,"OpenStreetMap (open data, ODbL)",https://www.openstreetmap.org/way/48623450,OSM:way/48623450,48623450,,"{""type"":""LineString"",""coordinates"":[[150.6364959,-34.1632878],[150.6367581,-34.1632249]]}"
,,OSM-48630426,Rockvale Road,Road Bridge,,,NSW,New England & North West,,-30.482953,151.712049,,Local Council (inferred),,Beam Bridge,,,,,,,,41,,2,,,,,,,,,,,"OPEN DATA (OpenStreetMap, ODbL). DQ: INCOMPLETE - geometry & identity captured; owner/region/importance INFERRED (verify). Missing: condition, conditionRating, lastInspectionDate, lga, yearBuilt, postingStatus. No engineering/inspection data from open source.",Active,,,,,,1,,,,,,,,,"OpenStreetMap (open data, ODbL)",https://www.openstreetmap.org/way/48630426,OSM:way/48630426,48630426,,"{""type"":""LineString"",""coordinates"":[[151.7122582,-30.4829131],[151.7120531,-30.4829566],[151.7118353,-30.4829885]]}"
,,OSM-48630435,Rockvale Road,Road Bridge,,,NSW,New England & North West,,-30.473387,151.768812,,Local Council (inferred),,Beam Bridge,,,,,,,,19,,,,,,,,,,,,,"OPEN DATA (OpenStreetMap, ODbL). DQ: INCOMPLETE - geometry & identity captured; owner/region/importance INFERRED (verify). Missing: condition, conditionRating, lastInspectionDate, lga, yearBuilt, postingStatus. No engineering/inspection data from open source.",Active,,,,,,1,,,,,,,,,"OpenStreetMap (open data, ODbL)",https://www.openstreetmap.org/way/48630435,OSM:way/48630435,48630435,,"{""type"":""LineString"",""coordinates"":[[151.7687137,-30.4733966],[151.7689095,-30.4733781]]}"
,,OSM-48630441,Brookside Road,Road Bridge,,,NSW,New England & North West,,-30.478638,151.805794,,Local Council (inferred),,Beam Bridge,,,,,,,,31,,,,,,,,,,,,,"OPEN DATA (OpenStreetMap, ODbL). DQ: INCOMPLETE - geometry & identity captured; owner/region/importance INFERRED (verify). Missing: condition, conditionRating, lastInspectionDate, lga, yearBuilt, postingStatus. No engineering/inspection data from open source.",Active,,,,,,1,,,,,,,,,"OpenStreetMap (open data, ODbL)",https://www.openstreetmap.org/way/48630441,OSM:way/48630441,48630441,,"{""type"":""LineString"",""coordinates"":[[151.8056551,-30.4787059],[151.8059327,-30.4785695]]}"
,,OSM-48633338,Donnelly Street,Road Bridge,,,NSW,New England & North West,,-30.504356,151.655149,,Local Council (inferred),,Beam Bridge,,,,,,,,44,,2,,,,,,,,,,,"OPEN DATA (OpenStreetMap, ODbL). DQ: INCOMPLETE - geometry & identity captured; owner/region/importance INFERRED (verify). Missing: condition, conditionRating, lastInspectionDate, lga, yearBuilt, postingStatus. No engineering/inspection data from open source.",Active,,,,,,1,,,,,,,,,"OpenStreetMap (open data, ODbL)",https://www.openstreetmap.org/way/48633338,OSM:way/48633338,48633338,,"{""type"":""LineString"",""coordinates"":[[151.6549304,-30.5042942],[151.6553678,-30.5044171]]}"
,,OSM-48677744,Markham Street,Road Bridge,,,NSW,New England & North West,,-30.510667,151.659472,,Local Council (inferred),,Beam Bridge,,,,,,,,34,,2,,,,,,,,,,,"OPEN DATA (OpenStreetMap, ODbL). DQ: INCOMPLETE - geometry & identity captured; owner/region/importance INFERRED (verify). Missing: condition, conditionRating, lastInspectionDate, lga, yearBuilt, postingStatus. No engineering/inspection data from open source.",Active,,,,,,1,,,,,,,,,"OpenStreetMap (open data, ODbL)",https://www.openstreetmap.org/way/48677744,OSM:way/48677744,48677744,,"{""type"":""LineString"",""coordinates"":[[151.6595261,-30.5105207],[151.6594177,-30.5108135]]}"
,,OSM-48677769,Niagara Street,Road Bridge,,,NSW,New England & North West,,-30.50497,151.651878,,Local Council (inferred),,Beam Bridge,,,,,,,,21,,2,,,,,,,,,,,"OPEN DATA (OpenStreetMap, ODbL). DQ: INCOMPLETE - geometry & identity captured; owner/region/importance INFERRED (verify). Missing: condition, conditionRating, lastInspectionDate, lga, yearBuilt, postingStatus. No engineering/inspection data from open source.",Active,,,,,,1,,,,,,,,,"OpenStreetMap (open data, ODbL)",https://www.openstreetmap.org/way/48677769,OSM:way/48677769,48677769,,"{""type"":""LineString"",""coordinates"":[[151.6518435,-30.5050604],[151.6519122,-30.5048801]]}"
,,OSM-48739278,Widders Road,Road Bridge,,,NSW,New England & North West,,-30.467835,151.666507,,Local Council (inferred),,Beam Bridge,,,,,,,,11,,,,,,,,,,,,,"OPEN DATA (OpenStreetMap, ODbL). DQ: INCOMPLETE - geometry & identity captured; owner/region/importance INFERRED (verify). Missing: condition, conditionRating, lastInspectionDate, lga, yearBuilt, postingStatus. No engineering/inspection data from open source.",Active,,,,,,1,,,,,,,,,"OpenStreetMap (open data, ODbL)",https://www.openstreetmap.org/way/48739278,OSM:way/48739278,48739278,,"{""type"":""LineString"",""coordinates"":[[151.6665183,-30.467885],[151.6664958,-30.467785]]}"
,,OSM-48749601,NorthWest T-Way,Road Bridge,,,NSW,Sydney Metropolitan,,-33.808208,150.987186,,Local Council (inferred),,Beam Bridge,,,,,,,,56,,,,,,,,,,,,,"OPEN DATA (OpenStreetMap, ODbL). DQ: INCOMPLETE - geometry & identity captured; owner/region/importance INFERRED (verify). Missing: condition, conditionRating, lastInspectionDate, lga, yearBuilt, postingStatus. No engineering/inspection data from open source.",Active,,,,,,1,,,,,,,,,"OpenStreetMap (open data, ODbL)",https://www.openstreetmap.org/way/48749601,OSM:way/48749601,48749601,,"{""type"":""LineString"",""coordinates"":[[150.9872691,-33.8079676],[150.9871032,-33.8084479]]}"
,,OSM-48798222,Main South Line,Rail Bridge,,,NSW,Regional NSW,,-34.763516,147.867134,,Transport Asset Holding Entity (inferred),,Beam Bridge,,,,,,,,48,,,,,,,,,,,,,"OPEN DATA (OpenStreetMap, ODbL). DQ: INCOMPLETE - geometry & identity captured; owner/region/importance INFERRED (verify). Missing: condition, conditionRating, lastInspectionDate, lga, yearBuilt, postingStatus. No engineering/inspection data from open source.",Active,,,,,,4,,,,,,,,,"OpenStreetMap (open data, ODbL)",https://www.openstreetmap.org/way/48798222,OSM:way/48798222,48798222,,"{""type"":""LineString"",""coordinates"":[[147.8669288,-34.7636468],[147.8673399,-34.7633852]]}"
,,A41,Olympic Highway,Road Bridge,,A41,NSW,Regional NSW,,-34.649181,148.000661,,Transport for NSW (inferred),,Beam Bridge,,,,,,,,33,,,,,,,,,,,,,"OPEN DATA (OpenStreetMap, ODbL). DQ: INCOMPLETE - geometry & identity captured; owner/region/importance INFERRED (verify). Missing: condition, conditionRating, lastInspectionDate, lga, yearBuilt, postingStatus. No engineering/inspection data from open source.",Active,,,,,,4,,,,,,,,,"OpenStreetMap (open data, ODbL)",https://www.openstreetmap.org/way/48834891,OSM:way/48834891,48834891,,"{""type"":""LineString"",""coordinates"":[[148.0005098,-34.6492589],[148.0006576,-34.6491777],[148.0008153,-34.6491079]]}"
,,OSM-48847541,Maldon Bridge Road,Road Bridge,,,NSW,Illawarra & Shoalhaven,,-34.202043,150.632243,,Local Council (inferred),,Beam Bridge,,,,,,,,138,,,,,,,,,,,,,"OPEN DATA (OpenStreetMap, ODbL). DQ: INCOMPLETE - geometry & identity captured; owner/region/importance INFERRED (verify). Missing: condition, conditionRating, lastInspectionDate, lga, yearBuilt, postingStatus. No engineering/inspection data from open source.",Active,,,,,,1,,,,,,,,,"OpenStreetMap (open data, ODbL)",https://www.openstreetmap.org/way/48847541,OSM:way/48847541,48847541,,"{""type"":""LineString"",""coordinates"":[[150.6321371,-34.2015054],[150.6322373,-34.2015689],[150.6323074,-34.2016424],[150.6323339,-34.2017259],[150.6323379,-34.2018168],[150.632285,-34.2024396],[150.6322474,-34.2024994],[150.6321944,-34.2025587],[150.6321058,-34.2026255]]}"
,,A41,Olympic Highway,Road Bridge,,A41,NSW,Regional NSW,,-34.630937,148.043327,,Transport for NSW (inferred),,Beam Bridge,,,,,,,,11,,,,,,,,,,,,,"OPEN DATA (OpenStreetMap, ODbL). DQ: INCOMPLETE - geometry & identity captured; owner/region/importance INFERRED (verify). Missing: condition, conditionRating, lastInspectionDate, lga, yearBuilt, postingStatus. No engineering/inspection data from open source.",Active,,,,,,4,,,,,,,,,"OpenStreetMap (open data, ODbL)",https://www.openstreetmap.org/way/48854211,OSM:way/48854211,48854211,,"{""type"":""LineString"",""coordinates"":[[148.0432938,-34.6308936],[148.0433603,-34.63098]]}"
,,OSM-48854516,Rocky Gully Road,Road Bridge,,,NSW,New England & North West,,-30.817334,151.212835,,Local Council (inferred),,Beam Bridge,,,,,,,,9,,,,,,,,,,,,,"OPEN DATA (OpenStreetMap, ODbL). DQ: INCOMPLETE - geometry & identity captured; owner/region/importance INFERRED (verify). Missing: condition, conditionRating, lastInspectionDate, lga, yearBuilt, postingStatus. No engineering/inspection data from open source.",Active,,,,,,1,,,,,,,,,"OpenStreetMap (open data, ODbL)",https://www.openstreetmap.org/way/48854516,OSM:way/48854516,48854516,,"{""type"":""LineString"",""coordinates"":[[151.2128832,-30.8173331],[151.2127866,-30.8173354]]}"
,,OSM-48900154,Airlie Stock Route Road,Road Bridge,,,NSW,New England & North West,,-30.86218,151.174507,,Local Council (inferred),,Beam Bridge,,,,,,,,15,,,,,,,,,,,,,"OPEN DATA (OpenStreetMap, ODbL). DQ: INCOMPLETE - geometry & identity captured; owner/region/importance INFERRED (verify). Missing: condition, conditionRating, lastInspectionDate, lga, yearBuilt, postingStatus. No engineering/inspection data from open source.",Active,,,,,,1,,,,,,,,,"OpenStreetMap (open data, ODbL)",https://www.openstreetmap.org/way/48900154,OSM:way/48900154,48900154,,"{""type"":""LineString"",""coordinates"":[[151.1744393,-30.8622124],[151.1745739,-30.8621476]]}"
,,OSM-48951458,Lone Pine Place,Pedestrian Bridge,,,NSW,Sydney Metropolitan,,-33.784118,151.242886,,Local Council (inferred),,Beam Bridge,,,,,,,,16,,,,,,,,,,,,,"OPEN DATA (OpenStreetMap, ODbL). DQ: INCOMPLETE - geometry & identity captured; owner/region/importance INFERRED (verify). Missing: condition, conditionRating, lastInspectionDate, lga, yearBuilt, postingStatus. No engineering/inspection data from open source.",Active,,,,,,1,,,,,,,,,"OpenStreetMap (open data, ODbL)",https://www.openstreetmap.org/way/48951458,OSM:way/48951458,48951458,,"{""type"":""LineString"",""coordinates"":[[151.2427981,-33.7841282],[151.2429745,-33.7841086]]}"
,,OSM-48954765,Grasmere Circuit,Road Bridge,,,NSW,Sydney Metropolitan,,-34.048653,150.672755,,Local Council (inferred),,Beam Bridge,,,,,,,,9,,,,,,,,,,,,,"OPEN DATA (OpenStreetMap, ODbL). DQ: INCOMPLETE - geometry & identity captured; owner/region/importance INFERRED (verify). Missing: condition, conditionRating, lastInspectionDate, lga, yearBuilt, postingStatus. No engineering/inspection data from open source.",Active,,,,,,1,,,,,,,,,"OpenStreetMap (open data, ODbL)",https://www.openstreetmap.org/way/48954765,OSM:way/48954765,48954765,,"{""type"":""LineString"",""coordinates"":[[150.6727617,-34.0486121],[150.6727492,-34.0486944]]}"
,,A15;B56,New England Highway,Road Bridge,,A15;B56,NSW,New England & North West,,-31.024772,151.069051,,Transport for NSW (inferred),,Beam Bridge,,,,,,,,42,,2,,,,,,,,,,,"OPEN DATA (OpenStreetMap, ODbL). DQ: INCOMPLETE - geometry & identity captured; owner/region/importance INFERRED (verify). Missing: condition, conditionRating, lastInspectionDate, lga, yearBuilt, postingStatus. No engineering/inspection data from open source.",Active,,,,,,4,,,,,,,,,"OpenStreetMap (open data, ODbL)",https://www.openstreetmap.org/way/48955787,OSM:way/48955787,48955787,,"{""type"":""LineString"",""coordinates"":[[151.068976,-31.0249482],[151.0691261,-31.0245956]]}"
,,A15;B56,New England Highway,Road Bridge,,A15;B56,NSW,New England & North West,,-31.051292,151.050952,,Transport for NSW (inferred),,Beam Bridge,,,,,,,,29,,2,,,,,,,,,,,"OPEN DATA (OpenStreetMap, ODbL). DQ: INCOMPLETE - geometry & identity captured; owner/region/importance INFERRED (verify). Missing: condition, conditionRating, lastInspectionDate, lga, yearBuilt, postingStatus. No engineering/inspection data from open source.",Active,,,,,,4,,,,,,,,,"OpenStreetMap (open data, ODbL)",https://www.openstreetmap.org/way/48956951,OSM:way/48956951,48956951,,"{""type"":""LineString"",""coordinates"":[[151.0508552,-31.0513926],[151.0510495,-31.051192]]}"
,,23,Nundle Road,Road Bridge,,23,NSW,New England & North West,,-31.124867,150.991017,,Transport for NSW (inferred),,Beam Bridge,,,,,,,,69,,2,,,,,,,,,,,"OPEN DATA (OpenStreetMap, ODbL). DQ: INCOMPLETE - geometry & identity captured; owner/region/importance INFERRED (verify). Missing: condition, conditionRating, lastInspectionDate, lga, yearBuilt, postingStatus. No engineering/inspection data from open source.",Active,,,,,,2,,,,,,,,,"OpenStreetMap (open data, ODbL)",https://www.openstreetmap.org/way/48958161,OSM:way/48958161,48958161,,"{""type"":""LineString"",""coordinates"":[[150.9908209,-31.1246056],[150.9912138,-31.1251284]]}"
,,OSM-48959541,Church Street,Road Bridge,,,NSW,Central West & Orana,,-33.689114,149.562153,,Local Council (inferred),,Beam Bridge,,,,,,,,41,,,,,,,,,,,,,"OPEN DATA (OpenStreetMap, ODbL). DQ: INCOMPLETE - geometry & identity captured; owner/region/importance INFERRED (verify). Missing: condition, conditionRating, lastInspectionDate, lga, yearBuilt, postingStatus. No engineering/inspection data from open source.",Active,,,,,,1,,,,,,,,,"OpenStreetMap (open data, ODbL)",https://www.openstreetmap.org/way/48959541,OSM:way/48959541,48959541,,"{""type"":""LineString"",""coordinates"":[[149.5623724,-33.6891282],[149.561933,-33.689099]]}"
,,23,Nundle Road,Road Bridge,,23,NSW,Regional NSW,,-31.218364,151.118174,,Transport for NSW (inferred),,Beam Bridge,,,,,,,,28,,,,,,,,,,,,,"OPEN DATA (OpenStreetMap, ODbL). DQ: INCOMPLETE - geometry & identity captured; owner/region/importance INFERRED (verify). Missing: condition, conditionRating, lastInspectionDate, lga, yearBuilt, postingStatus. No engineering/inspection data from open source.",Active,,,,,,2,,,,,,,,,"OpenStreetMap (open data, ODbL)",https://www.openstreetmap.org/way/48987744,OSM:way/48987744,48987744,,"{""type"":""LineString"",""coordinates"":[[151.1182922,-31.2182863],[151.118056,-31.2184422]]}"
,,OSM-48994005,Calala Lane,Road Bridge,,,NSW,New England & North West,,-31.124896,150.935323,,Local Council (inferred),,Beam Bridge,,,,,,,,40,,2,,,,,,,,,,,"OPEN DATA (OpenStreetMap, ODbL). DQ: INCOMPLETE - geometry & identity captured; owner/region/importance INFERRED (verify). Missing: condition, conditionRating, lastInspectionDate, lga, yearBuilt, postingStatus. No engineering/inspection data from open source.",Active,,,,,,1,,,,,,,,,"OpenStreetMap (open data, ODbL)",https://www.openstreetmap.org/way/48994005,OSM:way/48994005,48994005,,"{""type"":""LineString"",""coordinates"":[[150.9351376,-31.1248123],[150.9355092,-31.1249803]]}"
,,OSM-48994008,Calala Lane,Road Bridge,,,NSW,New England & North West,,-31.124432,150.934221,,Local Council (inferred),,Beam Bridge,,,,,,,,45,,2,,,,,,,,,,,"OPEN DATA (OpenStreetMap, ODbL). DQ: INCOMPLETE - geometry & identity captured; owner/region/importance INFERRED (verify). Missing: condition, conditionRating, lastInspectionDate, lga, yearBuilt, postingStatus. No engineering/inspection data from open source.",Active,,,,,,1,,,,,,,,,"OpenStreetMap (open data, ODbL)",https://www.openstreetmap.org/way/48994008,OSM:way/48994008,48994008,,"{""type"":""LineString"",""coordinates"":[[150.9340116,-31.1243418],[150.934431,-31.1245213]]}"
,,OSM-48994033,O'Briens Lane,Road Bridge,,,NSW,New England & North West,,-31.136283,150.990414,,Local Council (inferred),,Beam Bridge,,,,,,,,56,,2,,,,Restricted,,,,,,,"OPEN DATA (OpenStreetMap, ODbL). DQ: PARTIAL - geometry & identity captured; owner/region/importance INFERRED (verify). Missing: condition, conditionRating, lastInspectionDate, lga, yearBuilt. No engineering/inspection data from open source. HV: load limit 25t (posted, open data; NHVR gazettal/route approval NOT verified).",Active,,,,25,,1,,,,,,,,,"OpenStreetMap (open data, ODbL)",https://www.openstreetmap.org/way/48994033,OSM:way/48994033,48994033,,"{""type"":""LineString"",""coordinates"":[[150.9905001,-31.1360444],[150.9903284,-31.1365219]]}"
,,OSM-48996690,Main Northern Railway,Rail Bridge,,,NSW,New England & North West,,-31.15066,150.872572,,Transport Asset Holding Entity (inferred),,Beam Bridge,,,,,,,,27,,,,,,,,,,,,,"OPEN DATA (OpenStreetMap, ODbL). DQ: INCOMPLETE - geometry & identity captured; owner/region/importance INFERRED (verify). Missing: condition, conditionRating, lastInspectionDate, lga, yearBuilt, postingStatus. No engineering/inspection data from open source.",Active,,,,,,4,,,,,,,,,"OpenStreetMap (open data, ODbL)",https://www.openstreetmap.org/way/48996690,OSM:way/48996690,48996690,,"{""type"":""LineString"",""coordinates"":[[150.8724789,-31.1507541],[150.8726642,-31.1505653]]}"
,,B84,Dunedoo Road,Road Bridge,,B84,NSW,Central West & Orana,,-32.227203,148.849041,,Transport for NSW (inferred),,Beam Bridge,,,,,,,,26,,2,,,,,,,,,,,"OPEN DATA (OpenStreetMap, ODbL). DQ: INCOMPLETE - geometry & identity captured; owner/region/importance INFERRED (verify). Missing: condition, conditionRating, lastInspectionDate, lga, yearBuilt, postingStatus. No engineering/inspection data from open source.",Active,,,,,,3,,,,,,,,,"OpenStreetMap (open data, ODbL)",https://www.openstreetmap.org/way/49037880,OSM:way/49037880,49037880,,"{""type"":""LineString"",""coordinates"":[[148.848902,-32.2272175],[148.8491806,-32.2271875]]}"
,,B84,Golden Highway,Road Bridge,,B84,NSW,Central West & Orana,,-32.096259,150.118331,,Transport for NSW (inferred),,Beam Bridge,,,,,,,,69,,2,,,,,,,,,,,"OPEN DATA (OpenStreetMap, ODbL). DQ: INCOMPLETE - geometry & identity captured; owner/region/importance INFERRED (verify). Missing: condition, conditionRating, lastInspectionDate, lga, yearBuilt, postingStatus. No engineering/inspection data from open source.",Active,,,,,,3,,,,,,,,,"OpenStreetMap (open data, ODbL)",https://www.openstreetmap.org/way/49037882,OSM:way/49037882,49037882,,"{""type"":""LineString"",""coordinates"":[[150.1180042,-32.0961209],[150.1186573,-32.0963977]]}"
,,B84;27,Jerrys Plains Road,Road Bridge,,B84;27,NSW,Hunter,,-32.566516,151.021658,,Transport for NSW (inferred),,Beam Bridge,,,,,,,,194,,2,,,,,,,,,,,"OPEN DATA (OpenStreetMap, ODbL). DQ: INCOMPLETE - geometry & identity captured; owner/region/importance INFERRED (verify). Missing: condition, conditionRating, lastInspectionDate, lga, yearBuilt, postingStatus. No engineering/inspection data from open source.",Active,,,,,,3,,,,,,,,,"OpenStreetMap (open data, ODbL)",https://www.openstreetmap.org/way/49037888,OSM:way/49037888,49037888,,"{""type"":""LineString"",""coordinates"":[[151.0217148,-32.5656475],[151.0216015,-32.5673855]]}"
,,OSM-49042292,Bulunbulun Road,Road Bridge,,,NSW,Regional NSW,,-31.239446,150.553088,,Local Council (inferred),,Beam Bridge,,,,,,,,41,,,,,,,,,,,,,"OPEN DATA (OpenStreetMap, ODbL). DQ: INCOMPLETE - geometry & identity captured; owner/region/importance INFERRED (verify). Missing: condition, conditionRating, lastInspectionDate, lga, yearBuilt, postingStatus. No engineering/inspection data from open source.",Active,,,,,,1,,,,,,,,,"OpenStreetMap (open data, ODbL)",https://www.openstreetmap.org/way/49042292,OSM:way/49042292,49042292,,"{""type"":""LineString"",""coordinates"":[[150.5532833,-31.2393659],[150.5528917,-31.2395264]]}"
,,OSM-49046645,Coonabarabran Road,Road Bridge,,,NSW,Regional NSW,,-31.406365,150.228031,,Local Council (inferred),,Beam Bridge,,,,,,,,24,,2,,,,,,,,,,,"OPEN DATA (OpenStreetMap, ODbL). DQ: INCOMPLETE - geometry & identity captured; owner/region/importance INFERRED (verify). Missing: condition, conditionRating, lastInspectionDate, lga, yearBuilt, postingStatus. No engineering/inspection data from open source.",Active,,,,,,2,,,,,,,,,"OpenStreetMap (open data, ODbL)",https://www.openstreetmap.org/way/49046645,OSM:way/49046645,49046645,,"{""type"":""LineString"",""coordinates"":[[150.22815,-31.4063343],[150.227912,-31.4063967]]}"
,,OSM-49131974,Black Stump Way,Road Bridge,,,NSW,Central West & Orana,,-31.954071,149.643169,,Local Council (inferred),,Beam Bridge,,,,,,,,28,,2,,,,,,,,,,,"OPEN DATA (OpenStreetMap, ODbL). DQ: INCOMPLETE - geometry & identity captured; owner/region/importance INFERRED (verify). Missing: condition, conditionRating, lastInspectionDate, lga, yearBuilt, postingStatus. No engineering/inspection data from open source.",Active,,,,,,2,,,,,,,,,"OpenStreetMap (open data, ODbL)",https://www.openstreetmap.org/way/49131974,OSM:way/49131974,49131974,,"{""type"":""LineString"",""coordinates"":[[149.6431204,-31.9539538],[149.6432166,-31.9541891]]}"
,,OSM-49131986,Black Stump Way,Road Bridge,,,NSW,Central West & Orana,,-31.837445,149.708517,,Local Council (inferred),,Beam Bridge,,,,,,,,11,,2,,,,,,,,,,,"OPEN DATA (OpenStreetMap, ODbL). DQ: INCOMPLETE - geometry & identity captured; owner/region/importance INFERRED (verify). Missing: condition, conditionRating, lastInspectionDate, lga, yearBuilt, postingStatus. No engineering/inspection data from open source.",Active,,,,,,2,,,,,,,,,"OpenStreetMap (open data, ODbL)",https://www.openstreetmap.org/way/49131986,OSM:way/49131986,49131986,,"{""type"":""LineString"",""coordinates"":[[149.7085407,-31.8374006],[149.7084932,-31.8374887]]}"
,,OSM-49131988,Vinegaroy Road,Road Bridge,,,NSW,Central West & Orana,,-31.826763,149.725735,,Local Council (inferred),,Beam Bridge,,,,4.8,,,,38,,2,,,,Restricted,,,,,,,"OPEN DATA (OpenStreetMap, ODbL). DQ: PARTIAL - geometry & identity captured; owner/region/importance INFERRED (verify). Missing: condition, conditionRating, lastInspectionDate, lga, yearBuilt. No engineering/inspection data from open source. HV: clearance 4.8m (posted, open data; NHVR gazettal/route approval NOT verified). On NSW freight network (OSM hgv=designated, spatial join); NHVR B-double/road-train/HML approval NOT verified.",Active,,,,,,2,,,,,true,,,,"OpenStreetMap (open data, ODbL)",https://www.openstreetmap.org/way/49131988,OSM:way/49131988,49131988,,"{""type"":""LineString"",""coordinates"":[[149.7258764,-31.8268858],[149.7255941,-31.8266399]]}"
,,OSM-49133256,Merotherie Road,Road Bridge,,,NSW,Central West & Orana,,-32.103211,149.577622,,Local Council (inferred),,Beam Bridge,,,,,,,,30,,,,,,,,,,,,,"OPEN DATA (OpenStreetMap, ODbL). DQ: INCOMPLETE - geometry & identity captured; owner/region/importance INFERRED (verify). Missing: condition, conditionRating, lastInspectionDate, lga, yearBuilt, postingStatus. No engineering/inspection data from open source.",Active,,,,,,1,,,,,,,,,"OpenStreetMap (open data, ODbL)",https://www.openstreetmap.org/way/49133256,OSM:way/49133256,49133256,,"{""type"":""LineString"",""coordinates"":[[149.5777371,-32.1031174],[149.5775065,-32.1033037]]}"
,,OSM-49134547,Barneys Reef Road,Road Bridge,,,NSW,Central West & Orana,,-32.328369,149.530006,,Local Council (inferred),,Beam Bridge,,,,,,,,75,,,,,,,,,,,,,"OPEN DATA (OpenStreetMap, ODbL). DQ: INCOMPLETE - geometry & identity captured; owner/region/importance INFERRED (verify). Missing: condition, conditionRating, lastInspectionDate, lga, yearBuilt, postingStatus. No engineering/inspection data from open source.",Active,,,,,,1,,,,,,,,,"OpenStreetMap (open data, ODbL)",https://www.openstreetmap.org/way/49134547,OSM:way/49134547,49134547,,"{""type"":""LineString"",""coordinates"":[[149.5298543,-32.3280548],[149.5301575,-32.3286826]]}"
,,OSM-49185774,Ropes Crossing Boulevard,Road Bridge,,,NSW,Sydney Metropolitan,,-33.739951,150.778657,,Local Council (inferred),,Beam Bridge,,,,,,,,59,,,,,,,,,,,,,"OPEN DATA (OpenStreetMap, ODbL). DQ: INCOMPLETE - geometry & identity captured; owner/region/importance INFERRED (verify). Missing: condition, conditionRating, lastInspectionDate, lga, yearBuilt, postingStatus. No engineering/inspection data from open source.",Active,,,,,,2,,,,,,,,,"OpenStreetMap (open data, ODbL)",https://www.openstreetmap.org/way/49185774,OSM:way/49185774,49185774,,"{""type"":""LineString"",""coordinates"":[[150.7786078,-33.7402132],[150.778707,-33.739688]]}"
,,A,Henry Lawson Drive,Road Bridge,,A,NSW,Central West & Orana,,-32.421313,149.621253,,Transport for NSW (inferred),,Beam Bridge,,,,,,,,34,,,,,,,,,,,,,"OPEN DATA (OpenStreetMap, ODbL). DQ: INCOMPLETE - geometry & identity captured; owner/region/importance INFERRED (verify). Missing: condition, conditionRating, lastInspectionDate, lga, yearBuilt, postingStatus. No engineering/inspection data from open source.",Active,,,,,,1,,,,,,,,,"OpenStreetMap (open data, ODbL)",https://www.openstreetmap.org/way/49187663,OSM:way/49187663,49187663,,"{""type"":""LineString"",""coordinates"":[[149.6212495,-32.4214641],[149.6212573,-32.4211616]]}"
,,A,Henry Lawson Drive,Road Bridge,,A,NSW,Central West & Orana,,-32.41266,149.613849,,Transport for NSW (inferred),,Beam Bridge,,,,,,,,37,,2,,,,,,,,,,,"OPEN DATA (OpenStreetMap, ODbL). DQ: INCOMPLETE - geometry & identity captured; owner/region/importance INFERRED (verify). Missing: condition, conditionRating, lastInspectionDate, lga, yearBuilt, postingStatus. No engineering/inspection data from open source.",Active,,,,,,1,,,,,,,,,"OpenStreetMap (open data, ODbL)",https://www.openstreetmap.org/way/49187664,OSM:way/49187664,49187664,,"{""type"":""LineString"",""coordinates"":[[149.6139153,-32.4128156],[149.6137825,-32.4125042]]}"
,,OSM-49257146,Gwabegar Line,Rail Bridge,,,NSW,Central West & Orana,,-32.60068,149.623006,,Transport Asset Holding Entity (inferred),,Beam Bridge,,,,,,,,35,,,,,,,,,,,,,"OPEN DATA (OpenStreetMap, ODbL). DQ: INCOMPLETE - geometry & identity captured; owner/region/importance INFERRED (verify). Missing: condition, conditionRating, lastInspectionDate, lga, yearBuilt, postingStatus. No engineering/inspection data from open source.",Active,,,,,,4,,,,,,,,,"OpenStreetMap (open data, ODbL)",https://www.openstreetmap.org/way/49257146,OSM:way/49257146,49257146,,"{""type"":""LineString"",""coordinates"":[[149.6228484,-32.6007664],[149.6231642,-32.6005944]]}"
,,OSM-49334484,Tarana Road,Road Bridge,,,NSW,Central West & Orana,,-33.490957,149.71563,,Local Council (inferred),,Beam Bridge,,,,,,,,23,,,,,,,,,,,,,"OPEN DATA (OpenStreetMap, ODbL). DQ: INCOMPLETE - geometry & identity captured; owner/region/importance INFERRED (verify). Missing: condition, conditionRating, lastInspectionDate, lga, yearBuilt, postingStatus. No engineering/inspection data from open source.",Active,,,,,,1,,,,,,,,,"OpenStreetMap (open data, ODbL)",https://www.openstreetmap.org/way/49334484,OSM:way/49334484,49334484,,"{""type"":""LineString"",""coordinates"":[[149.7155155,-33.4909215],[149.7157445,-33.4909922]]}"
,,OSM-49334496,Tarana Road,Road Bridge,,,NSW,Central West & Orana,,-33.498277,149.722256,,Local Council (inferred),,Beam Bridge,,,,,,,,38,,,,,,,,,,,,,"OPEN DATA (OpenStreetMap, ODbL). DQ: INCOMPLETE - geometry & identity captured; owner/region/importance INFERRED (verify). Missing: condition, conditionRating, lastInspectionDate, lga, yearBuilt, postingStatus. No engineering/inspection data from open source.",Active,,,,,,1,,,,,,,,,"OpenStreetMap (open data, ODbL)",https://www.openstreetmap.org/way/49334496,OSM:way/49334496,49334496,,"{""type"":""LineString"",""coordinates"":[[149.7223726,-33.4981385],[149.7221393,-33.4984148]]}"
,,OSM-49334512,Tarana Road,Road Bridge,,,NSW,Central West & Orana,,-33.47229,149.670845,,Local Council (inferred),,Beam Bridge,,,,,,,,25,,,,,,,,,,,,,"OPEN DATA (OpenStreetMap, ODbL). DQ: INCOMPLETE - geometry & identity captured; owner/region/importance INFERRED (verify). Missing: condition, conditionRating, lastInspectionDate, lga, yearBuilt, postingStatus. No engineering/inspection data from open source.",Active,,,,,,1,,,,,,,,,"OpenStreetMap (open data, ODbL)",https://www.openstreetmap.org/way/49334512,OSM:way/49334512,49334512,,"{""type"":""LineString"",""coordinates"":[[149.6707116,-33.4723022],[149.6709787,-33.4722779]]}"
,,OSM-49334539,Brewongle School Road,Road Bridge,,,NSW,Central West & Orana,,-33.485206,149.714769,,Local Council (inferred),,Beam Bridge,,,,,,,,3,,,,,,,,,,,,,"OPEN DATA (OpenStreetMap, ODbL). DQ: INCOMPLETE - geometry & identity captured; owner/region/importance INFERRED (verify). Missing: condition, conditionRating, lastInspectionDate, lga, yearBuilt, postingStatus. No engineering/inspection data from open source.",Active,,,,,,1,,,,,,,,,"OpenStreetMap (open data, ODbL)",https://www.openstreetmap.org/way/49334539,OSM:way/49334539,49334539,,"{""type"":""LineString"",""coordinates"":[[149.7147664,-33.4852213],[149.7147719,-33.4851911]]}"
,,OSM-49406961,Beaconsfield Road,Road Bridge,,,NSW,Central West & Orana,,-33.585144,149.72215,,Local Council (inferred),,Beam Bridge,,,,,,,,37,,1,,,,,,,,,,,"OPEN DATA (OpenStreetMap, ODbL). DQ: INCOMPLETE - geometry & identity captured; owner/region/importance INFERRED (verify). Missing: condition, conditionRating, lastInspectionDate, lga, yearBuilt, postingStatus. No engineering/inspection data from open source.",Active,,,,,,1,,,,,,,,,"OpenStreetMap (open data, ODbL)",https://www.openstreetmap.org/way/49406961,OSM:way/49406961,49406961,,"{""type"":""LineString"",""coordinates"":[[149.7222896,-33.5850275],[149.7220107,-33.5852599]]}"
,,OSM-49406968,Beaconsfield Road,Road Bridge,,,NSW,Central West & Orana,,-33.621875,149.719076,,Local Council (inferred),,Beam Bridge,,,,,,,,18,,,,,,,,,,,,,"OPEN DATA (OpenStreetMap, ODbL). DQ: INCOMPLETE - geometry & identity captured; owner/region/importance INFERRED (verify). Missing: condition, conditionRating, lastInspectionDate, lga, yearBuilt, postingStatus. No engineering/inspection data from open source.",Active,,,,,,1,,,,,,,,,"OpenStreetMap (open data, ODbL)",https://www.openstreetmap.org/way/49406968,OSM:way/49406968,49406968,,"{""type"":""LineString"",""coordinates"":[[149.7190503,-33.6217955],[149.7191013,-33.6219552]]}"
,,OSM-49456833,River Road,Road Bridge,,,NSW,Sydney Metropolitan,,-34.019262,151.047942,,Local Council (inferred),,Beam Bridge,,,,,,,,402,,2,,,,,,,,,,,"OPEN DATA (OpenStreetMap, ODbL). DQ: INCOMPLETE - geometry & identity captured; owner/region/importance INFERRED (verify). Missing: condition, conditionRating, lastInspectionDate, lga, yearBuilt, postingStatus. No engineering/inspection data from open source.",Active,,,,,,3,,,,,,,,,"OpenStreetMap (open data, ODbL)",https://www.openstreetmap.org/way/49456833,OSM:way/49456833,49456833,,"{""type"":""LineString"",""coordinates"":[[151.0457494,-34.0193811],[151.0459188,-34.0193285],[151.0460564,-34.0192878],[151.0461825,-34.0192551],[151.0463187,-34.0192239],[151.0465453,-34.0191851],[151.0467359,-34.0191535],[151.0468624,-34.0191366],[151.046988,-34.0191236],[151.0471206,-34.0191134],[151.0472477,-34.0191093],[151.047411,-34.0191038],[151.0475806,-34.0191023],[151.0477006,-34.0191057],[151.0478317,-34.019113],[151.0479554,-34.0191205],[151.0480774,-34.0191306],[151.0482155,-34.0191448],[151.0483361,-34.0191602],[151.0484908,-34.0191867],[151.0486502,-34.0192171],[151.048815,-34.019251],[151.0489492,-34.0192844],[151.0491334,-34.0193362],[151.0492413,-34.019368],[151.0493113,-34.0193907],[151.0495517,-34.0194784],[151.0496612,-34.0195214],[151.0497615,-34.0195629],[151.0498545,-34.019602],[151.0499498,-34.0196444]]}"
,,OSM-49493735,Beaconsfield Road,Road Bridge,,,NSW,Central West & Orana,,-33.688831,149.71295,,Local Council (inferred),,Beam Bridge,,,,,,,,31,,1,,,,,,,,,,,"OPEN DATA (OpenStreetMap, ODbL). DQ: INCOMPLETE - geometry & identity captured; owner/region/importance INFERRED (verify). Missing: condition, conditionRating, lastInspectionDate, lga, yearBuilt, postingStatus. No engineering/inspection data from open source.",Active,,,,,,1,,,,,,,,,"OpenStreetMap (open data, ODbL)",https://www.openstreetmap.org/way/49493735,OSM:way/49493735,49493735,,"{""type"":""LineString"",""coordinates"":[[149.7130951,-33.6887661],[149.7128041,-33.6888967]]}"
,,OSM-49493743,Beaconsfield Road,Road Bridge,,,NSW,Central West & Orana,,-33.658199,149.720837,,Local Council (inferred),,Beam Bridge,,,,,,,,19,,,,,,,,,,,,,"OPEN DATA (OpenStreetMap, ODbL). DQ: INCOMPLETE - geometry & identity captured; owner/region/importance INFERRED (verify). Missing: condition, conditionRating, lastInspectionDate, lga, yearBuilt, postingStatus. No engineering/inspection data from open source.",Active,,,,,,1,,,,,,,,,"OpenStreetMap (open data, ODbL)",https://www.openstreetmap.org/way/49493743,OSM:way/49493743,49493743,,"{""type"":""LineString"",""coordinates"":[[149.7208199,-33.6581151],[149.7208547,-33.6582826]]}"
,,OSM-49509350,Rose Payten Drive,Road Bridge,,,NSW,Sydney Metropolitan,,-34.047169,150.834644,,Local Council (inferred),,Beam Bridge,,,,,,,,40,,2,,,,,,,,,,,"OPEN DATA (OpenStreetMap, ODbL). DQ: INCOMPLETE - geometry & identity captured; owner/region/importance INFERRED (verify). Missing: condition, conditionRating, lastInspectionDate, lga, yearBuilt, postingStatus. No engineering/inspection data from open source.",Active,,,,,,2,,,,,,,,,"OpenStreetMap (open data, ODbL)",https://www.openstreetmap.org/way/49509350,OSM:way/49509350,49509350,,"{""type"":""LineString"",""coordinates"":[[150.8344774,-34.0470496],[150.8346457,-34.0471705],[150.8348092,-34.0472871]]}"
,,OSM-49667770,Down Relief,Rail Bridge,,,NSW,Sydney Metropolitan,,-33.837329,151.018879,,Transport Asset Holding Entity (inferred),,Beam Bridge,,,,,,,,29,,,,,,,,,,,,,"OPEN DATA (OpenStreetMap, ODbL). DQ: INCOMPLETE - geometry & identity captured; owner/region/importance INFERRED (verify). Missing: condition, conditionRating, lastInspectionDate, lga, yearBuilt, postingStatus. No engineering/inspection data from open source.",Active,,,,,,4,,,,,,,,,"OpenStreetMap (open data, ODbL)",https://www.openstreetmap.org/way/49667770,OSM:way/49667770,49667770,,"{""type"":""LineString"",""coordinates"":[[151.0190059,-33.8374075],[151.0187523,-33.8372507]]}"
,,OSM-50054571,station concourse,Pedestrian Bridge,,,NSW,Central Coast,,-33.423427,151.341733,,Local Council (inferred),,Beam Bridge,,,,,,,,52,,,,,,,,,,,,,"OPEN DATA (OpenStreetMap, ODbL). DQ: INCOMPLETE - geometry & identity captured; owner/region/importance INFERRED (verify). Missing: condition, conditionRating, lastInspectionDate, lga, yearBuilt, postingStatus. No engineering/inspection data from open source.",Active,,,,,,1,,,,,,,,,"OpenStreetMap (open data, ODbL)",https://www.openstreetmap.org/way/50054571,OSM:way/50054571,50054571,,"{""type"":""LineString"",""coordinates"":[[151.3413952,-33.4233623],[151.3417528,-33.4234169],[151.3418885,-33.423439],[151.3418938,-33.4234886]]}"
,,OSM-50061416,Up Main,Rail Bridge,,,NSW,Sydney Metropolitan,,-33.744324,150.649912,,Transport Asset Holding Entity (inferred),,Beam Bridge,,,,,,,,22,,,,,,,,,,,,,"OPEN DATA (OpenStreetMap, ODbL). DQ: INCOMPLETE - geometry & identity captured; owner/region/importance INFERRED (verify). Missing: condition, conditionRating, lastInspectionDate, lga, yearBuilt, postingStatus. No engineering/inspection data from open source.",Active,,,,,,4,,,,,,,,,"OpenStreetMap (open data, ODbL)",https://www.openstreetmap.org/way/50061416,OSM:way/50061416,50061416,,"{""type"":""LineString"",""coordinates"":[[150.6498076,-33.7442794],[150.6500163,-33.7443693]]}"
,,OSM-50101313,Memorial Drive,Road Bridge,,,NSW,Illawarra & Shoalhaven,,-34.413392,150.882513,,Local Council (inferred),,Beam Bridge,,,,,,,,50,,1,,,,,,,,,,,"OPEN DATA (OpenStreetMap, ODbL). DQ: INCOMPLETE - geometry & identity captured; owner/region/importance INFERRED (verify). Missing: condition, conditionRating, lastInspectionDate, lga, yearBuilt, postingStatus. No engineering/inspection data from open source.",Active,,,,,,4,,,,,,,,,"OpenStreetMap (open data, ODbL)",https://www.openstreetmap.org/way/50101313,OSM:way/50101313,50101313,,"{""type"":""LineString"",""coordinates"":[[150.8828156,-34.4133327],[150.8824343,-34.4134052],[150.8822886,-34.4134396]]}"
,,M1,Princes Motorway,Road Bridge,,M1,NSW,Illawarra & Shoalhaven,,-34.45347,150.858427,,Transport for NSW (inferred),,Beam Bridge,2013,,,,,,,55,,3,,,,,,,,,,,"OPEN DATA (OpenStreetMap, ODbL). DQ: PARTIAL - geometry & identity captured; owner/region/importance INFERRED (verify). Missing: condition, conditionRating, lastInspectionDate, lga, postingStatus. No engineering/inspection data from open source.",Active,,,,,,4,,,,,,,,,"OpenStreetMap (open data, ODbL)",https://www.openstreetmap.org/way/50156678,OSM:way/50156678,50156678,,"{""type"":""LineString"",""coordinates"":[[150.8582859,-34.4536898],[150.8585675,-34.4532497]]}"
,,M1,Princes Motorway,Road Bridge,,M1,NSW,Illawarra & Shoalhaven,,-34.453626,150.85866,,Transport for NSW (inferred),,Beam Bridge,2013,,,,,,,56,,2,,,,,,,,,,,"OPEN DATA (OpenStreetMap, ODbL). DQ: PARTIAL - geometry & identity captured; owner/region/importance INFERRED (verify). Missing: condition, conditionRating, lastInspectionDate, lga, postingStatus. No engineering/inspection data from open source.",Active,,,,,,4,,,,,,,,,"OpenStreetMap (open data, ODbL)",https://www.openstreetmap.org/way/50156682,OSM:way/50156682,50156682,,"{""type"":""LineString"",""coordinates"":[[150.8587901,-34.4533984],[150.85853,-34.453854]]}"
,,OSM-50158937,Squires Way,Road Bridge,,,NSW,Illawarra & Shoalhaven,,-34.407764,150.898174,,Local Council (inferred),,Beam Bridge,,,,,,,,46,,2,,,,,,,,,,,"OPEN DATA (OpenStreetMap, ODbL). DQ: INCOMPLETE - geometry & identity captured; owner/region/importance INFERRED (verify). Missing: condition, conditionRating, lastInspectionDate, lga, yearBuilt, postingStatus. No engineering/inspection data from open source.",Active,,,,,,2,,,,,,,,,"OpenStreetMap (open data, ODbL)",https://www.openstreetmap.org/way/50158937,OSM:way/50158937,50158937,,"{""type"":""LineString"",""coordinates"":[[150.8980434,-34.4079392],[150.8983052,-34.4075878]]}"
,,OSM-50193919,Murrays Road,Road Bridge,,,NSW,Illawarra & Shoalhaven,,-35.220616,150.449928,,Local Council (inferred),,Beam Bridge,,,,,,,,37,,,,,,Restricted,,,,,,,"OPEN DATA (OpenStreetMap, ODbL). DQ: PARTIAL - geometry & identity captured; owner/region/importance INFERRED (verify). Missing: condition, conditionRating, lastInspectionDate, lga, yearBuilt. No engineering/inspection data from open source. HV: load limit 20t (posted, open data; NHVR gazettal/route approval NOT verified).",Active,,,,20,,1,,,,,,,,,"OpenStreetMap (open data, ODbL)",https://www.openstreetmap.org/way/50193919,OSM:way/50193919,50193919,,"{""type"":""LineString"",""coordinates"":[[150.4497232,-35.2206157],[150.450132,-35.2206166]]}"
,,OSM-50196585,River Road,Road Bridge,,,NSW,Sydney Metropolitan,,-34.019497,151.04886,,Local Council (inferred),,Beam Bridge,,,,,,,,415,,2,,,,,,,,,,,"OPEN DATA (OpenStreetMap, ODbL). DQ: INCOMPLETE - geometry & identity captured; owner/region/importance INFERRED (verify). Missing: condition, conditionRating, lastInspectionDate, lga, yearBuilt, postingStatus. No engineering/inspection data from open source.",Active,,,,,,3,,,,,,,,,"OpenStreetMap (open data, ODbL)",https://www.openstreetmap.org/way/50196585,OSM:way/50196585,50196585,,"{""type"":""LineString"",""coordinates"":[[151.0509605,-34.0203748],[151.0509212,-34.0203433],[151.0506037,-34.0201083],[151.0504471,-34.0200018],[151.0503252,-34.0199275],[151.050197,-34.0198571],[151.0500052,-34.0197578],[151.0498141,-34.0196664],[151.0496175,-34.0195828],[151.0494559,-34.0195209],[151.0493079,-34.0194672],[151.0491529,-34.0194174],[151.0488836,-34.0193459],[151.048708,-34.0193046],[151.0485994,-34.0192823],[151.0484702,-34.0192607],[151.0483203,-34.0192348],[151.0482039,-34.0192197],[151.0480722,-34.0192072],[151.0479413,-34.019196],[151.0477647,-34.0191864],[151.0476133,-34.0191817],[151.047473,-34.0191821],[151.0473259,-34.0191858],[151.0471829,-34.0191904],[151.046995,-34.019201],[151.0468491,-34.0192209]]}"
,,OSM-50236828,Flinders Street,Road Bridge,,,NSW,Illawarra & Shoalhaven,,-34.472871,150.888841,,Local Council (inferred),,Beam Bridge,,,,,,,,73,,,,,,,,,,,,,"OPEN DATA (OpenStreetMap, ODbL). DQ: INCOMPLETE - geometry & identity captured; owner/region/importance INFERRED (verify). Missing: condition, conditionRating, lastInspectionDate, lga, yearBuilt, postingStatus. No engineering/inspection data from open source.",Active,,,,,,1,,,,,,,,,"OpenStreetMap (open data, ODbL)",https://www.openstreetmap.org/way/50236828,OSM:way/50236828,50236828,,"{""type"":""LineString"",""coordinates"":[[150.8885285,-34.4729918],[150.8887419,-34.472912],[150.8892524,-34.4727084]]}"
,,D,Loop Road,Road Bridge,,D,NSW,Illawarra & Shoalhaven,,-34.46612,150.875596,,Local Council (inferred),,Beam Bridge,,,,,,,,53,,,,,,,,,,,,,"OPEN DATA (OpenStreetMap, ODbL). DQ: INCOMPLETE - geometry & identity captured; owner/region/importance INFERRED (verify). Missing: condition, conditionRating, lastInspectionDate, lga, yearBuilt, postingStatus. No engineering/inspection data from open source.",Active,,,,,,1,,,,,,,,,"OpenStreetMap (open data, ODbL)",https://www.openstreetmap.org/way/50239963,OSM:way/50239963,50239963,,"{""type"":""LineString"",""coordinates"":[[150.8754936,-34.4658964],[150.8756985,-34.4663441]]}"
,,A1,Pacific Highway,Road Bridge,,A1,NSW,Hunter,,-32.423077,152.207596,,Transport for NSW (inferred),,Beam Bridge,2013,,,,,,,175,,2,,,,,,,,,,,"OPEN DATA (OpenStreetMap, ODbL). DQ: PARTIAL - geometry & identity captured; owner/region/importance INFERRED (verify). Missing: condition, conditionRating, lastInspectionDate, lga, postingStatus. No engineering/inspection data from open source.",Active,,,,,,4,,,,,,,,,"OpenStreetMap (open data, ODbL)",https://www.openstreetmap.org/way/50314997,OSM:way/50314997,50314997,,"{""type"":""LineString"",""coordinates"":[[152.2065898,-32.4232409],[152.2070027,-32.4231918],[152.2074022,-32.4231269],[152.207675,-32.4230781],[152.2079237,-32.4230247],[152.2081738,-32.4229713],[152.2084051,-32.4229088]]}"
,,A1,Pacific Highway,Road Bridge,,A1,NSW,Hunter,,-32.421867,152.211067,,Transport for NSW (inferred),,Beam Bridge,2013,,,,,,,245,,2,,,,,,,,,,,"OPEN DATA (OpenStreetMap, ODbL). DQ: PARTIAL - geometry & identity captured; owner/region/importance INFERRED (verify). Missing: condition, conditionRating, lastInspectionDate, lga, postingStatus. No engineering/inspection data from open source.",Active,,,,,,4,,,,,,,,,"OpenStreetMap (open data, ODbL)",https://www.openstreetmap.org/way/50315003,OSM:way/50315003,50315003,,"{""type"":""LineString"",""coordinates"":[[152.20993,-32.4224209],[152.2100993,-32.4223554],[152.2102754,-32.4222804],[152.2105663,-32.4221475],[152.2107365,-32.4220654],[152.2108931,-32.4219833],[152.2111972,-32.4218229],[152.2112941,-32.4217742],[152.2113911,-32.4217178],[152.2115736,-32.4216145],[152.2118113,-32.4214732],[152.2119751,-32.4213652],[152.2121298,-32.4212534]]}"
,,OSM-50315009,Bombah Point Road,Road Bridge,,,NSW,Hunter,,-32.419924,152.21398,,Local Council (inferred),,Beam Bridge,,,,,,,,74,,,,,,,,,,,,,"OPEN DATA (OpenStreetMap, ODbL). DQ: INCOMPLETE - geometry & identity captured; owner/region/importance INFERRED (verify). Missing: condition, conditionRating, lastInspectionDate, lga, yearBuilt, postingStatus. No engineering/inspection data from open source.",Active,,,,,,1,,,,,,,,,"OpenStreetMap (open data, ODbL)",https://www.openstreetmap.org/way/50315009,OSM:way/50315009,50315009,,"{""type"":""LineString"",""coordinates"":[[152.21387,-32.4195958],[152.2139803,-32.4199416],[152.2140906,-32.4202338]]}"
,,OSM-50335331,Oaklands Line,Rail Bridge,,,NSW,Riverina,,-35.979154,146.006447,,Transport Asset Holding Entity (inferred),,Beam Bridge,,,,,,,,53,,,,,,,,,,,,,"OPEN DATA (OpenStreetMap, ODbL). DQ: INCOMPLETE - geometry & identity captured; owner/region/importance INFERRED (verify). Missing: condition, conditionRating, lastInspectionDate, lga, yearBuilt, postingStatus. No engineering/inspection data from open source.",Active,,,,,,4,,,,,,,,,"OpenStreetMap (open data, ODbL)",https://www.openstreetmap.org/way/50335331,OSM:way/50335331,50335331,,"{""type"":""LineString"",""coordinates"":[[146.0066327,-35.9789673],[146.0062613,-35.9793416]]}"
,,OSM-50335362,Oaklands Line,Rail Bridge,,,NSW,Riverina,,-36.005524,145.999081,,Transport Asset Holding Entity (inferred),,Beam Bridge,,,,,,,,95,,,,,,,,,,,,,"OPEN DATA (OpenStreetMap, ODbL). DQ: INCOMPLETE - geometry & identity captured; owner/region/importance INFERRED (verify). Missing: condition, conditionRating, lastInspectionDate, lga, yearBuilt, postingStatus. No engineering/inspection data from open source.",Active,,,,,,4,,,,,,,,,"OpenStreetMap (open data, ODbL)",https://www.openstreetmap.org/way/50335362,OSM:way/50335362,50335362,,"{""type"":""LineString"",""coordinates"":[[145.9989777,-36.0051048],[145.9990744,-36.0055224],[145.9991922,-36.0059438]]}"
,,OSM-50335367,Oaklands Line,Rail Bridge,,,NSW,Riverina,,-36.008324,145.999898,,Transport Asset Holding Entity (inferred),,Beam Bridge,,,,,,,,151,,,,,,,,,,,,,"OPEN DATA (OpenStreetMap, ODbL). DQ: INCOMPLETE - geometry & identity captured; owner/region/importance INFERRED (verify). Missing: condition, conditionRating, lastInspectionDate, lga, yearBuilt, postingStatus. No engineering/inspection data from open source.",Active,,,,,,4,,,,,,,,,"OpenStreetMap (open data, ODbL)",https://www.openstreetmap.org/way/50335367,OSM:way/50335367,50335367,,"{""type"":""LineString"",""coordinates"":[[145.9997029,-36.0076632],[146.0000937,-36.0089842]]}"
,,OSM-50339384,Bangor Bypass,Road Bridge,,,NSW,Sydney Metropolitan,,-34.022579,151.022534,,Local Council (inferred),,Beam Bridge,,,,,,,,24,,,,,,,,,,,,,"OPEN DATA (OpenStreetMap, ODbL). DQ: INCOMPLETE - geometry & identity captured; owner/region/importance INFERRED (verify). Missing: condition, conditionRating, lastInspectionDate, lga, yearBuilt, postingStatus. No engineering/inspection data from open source.",Active,,,,,,3,,,,,,,,,"OpenStreetMap (open data, ODbL)",https://www.openstreetmap.org/way/50339384,OSM:way/50339384,50339384,,"{""type"":""LineString"",""coordinates"":[[151.0224136,-34.0226154],[151.0226543,-34.0225425]]}"
,,OSM-50339392,Bangor Bypass,Road Bridge,,,NSW,Sydney Metropolitan,,-34.021335,151.029562,,Local Council (inferred),,Beam Bridge,,,,,,,,31,,,,,,,,,,,,,"OPEN DATA (OpenStreetMap, ODbL). DQ: INCOMPLETE - geometry & identity captured; owner/region/importance INFERRED (verify). Missing: condition, conditionRating, lastInspectionDate, lga, yearBuilt, postingStatus. No engineering/inspection data from open source.",Active,,,,,,3,,,,,,,,,"OpenStreetMap (open data, ODbL)",https://www.openstreetmap.org/way/50339392,OSM:way/50339392,50339392,,"{""type"":""LineString"",""coordinates"":[[151.0293912,-34.0213291],[151.0297324,-34.02134]]}"
,,OSM-50340861,Melbourne Street,Road Bridge,,,NSW,Riverina,,-36.005491,146.004727,,Local Council (inferred),,Beam Bridge,,,,,,,,484,,,,,,,,,,,,,"OPEN DATA (OpenStreetMap, ODbL). DQ: INCOMPLETE - geometry & identity captured; owner/region/importance INFERRED (verify). Missing: condition, conditionRating, lastInspectionDate, lga, yearBuilt, postingStatus. No engineering/inspection data from open source.",Active,,,,,,2,,,,,,,,,"OpenStreetMap (open data, ODbL)",https://www.openstreetmap.org/way/50340861,OSM:way/50340861,50340861,,"{""type"":""LineString"",""coordinates"":[[146.0034829,-36.0034206],[146.0036606,-36.0036716],[146.0037229,-36.0037453],[146.0039677,-36.0040518],[146.004469,-36.0046678],[146.0047445,-36.005015],[146.0048523,-36.0051688],[146.0049078,-36.0052658],[146.0049431,-36.0053339],[146.0050202,-36.0055193],[146.0050533,-36.0056266],[146.0050794,-36.0057278],[146.0050978,-36.0058506],[146.005109,-36.0059884],[146.0051114,-36.0061],[146.0050958,-36.0062895],[146.0050744,-36.0064159],[146.005056,-36.0065032],[146.0050312,-36.0066079],[146.004948,-36.0069398],[146.004833,-36.0073954]]}"
,,OSM-7192003,North Creek,Culvert,,,NSW,Hunter,,-32.966312,151.654791,stream,Unknown (open data),,Culvert,,,,,,,,15,,,,,,,,,,,,,"OPEN DATA (OpenStreetMap, ODbL). DQ: INCOMPLETE - geometry & identity captured; owner/region/importance INFERRED (verify). Missing: condition, conditionRating, lastInspectionDate, lga, yearBuilt, postingStatus. No engineering/inspection data from open source.",Active,,,,,,,,,,,,,,,"OpenStreetMap (open data, ODbL)",https://www.openstreetmap.org/way/7192003,OSM:way/7192003,7192003,,"{""type"":""LineString"",""coordinates"":[[151.6548644,-32.9662827],[151.6547171,-32.9663407]]}"
,,OSM-9141894,Waitara Creek,Culvert,,,NSW,Sydney Metropolitan,,-33.715409,151.099571,stream,Unknown (open data),,Culvert,,,,,,,,32,,,,,,,,,,,,,"OPEN DATA (OpenStreetMap, ODbL). DQ: INCOMPLETE - geometry & identity captured; owner/region/importance INFERRED (verify). Missing: condition, conditionRating, lastInspectionDate, lga, yearBuilt, postingStatus. No engineering/inspection data from open source.",Active,,,,,,,,,,,,,,,"OpenStreetMap (open data, ODbL)",https://www.openstreetmap.org/way/9141894,OSM:way/9141894,9141894,,"{""type"":""LineString"",""coordinates"":[[151.0997412,-33.7154116],[151.0994,-33.7154057]]}"
,,OSM-24530225,Cooks River,Culvert,,,NSW,Sydney Metropolitan,,-33.893151,151.044097,drain,Unknown (open data),,Culvert,,,,,,,,471,,,,,,,,,,,,,"OPEN DATA (OpenStreetMap, ODbL). DQ: INCOMPLETE - geometry & identity captured; owner/region/importance INFERRED (verify). Missing: condition, conditionRating, lastInspectionDate, lga, yearBuilt, postingStatus. No engineering/inspection data from open source.",Active,,,,,,,,,,,,,,,"OpenStreetMap (open data, ODbL)",https://www.openstreetmap.org/way/24530225,OSM:way/24530225,24530225,,"{""type"":""LineString"",""coordinates"":[[151.043145,-33.8943129],[151.0433206,-33.8937014],[151.0435541,-33.8933425],[151.0439299,-33.8930781],[151.0465352,-33.891318]]}"
,,OSM-26431577,Town Creek,Culvert,,,NSW,Illawarra & Shoalhaven,,-34.776388,150.696221,stream,Unknown (open data),,Culvert,,,,,,,,71,,,,,,,,,,,,,"OPEN DATA (OpenStreetMap, ODbL). DQ: INCOMPLETE - geometry & identity captured; owner/region/importance INFERRED (verify). Missing: condition, conditionRating, lastInspectionDate, lga, yearBuilt, postingStatus. No engineering/inspection data from open source.",Active,,,,,,,,,,,,,,,"OpenStreetMap (open data, ODbL)",https://www.openstreetmap.org/way/26431577,OSM:way/26431577,26431577,,"{""type"":""LineString"",""coordinates"":[[150.6958369,-34.7762101],[150.6963368,-34.7764127],[150.6964888,-34.7765413]]}"
,,OSM-29275943,Perisher Creek,Culvert,,,NSW,Regional NSW,,-36.409978,148.399967,stream,Unknown (open data),,Culvert,,,,,,,,26,,,,,,,,,,,,,"OPEN DATA (OpenStreetMap, ODbL). DQ: INCOMPLETE - geometry & identity captured; owner/region/importance INFERRED (verify). Missing: condition, conditionRating, lastInspectionDate, lga, yearBuilt, postingStatus. No engineering/inspection data from open source.",Active,,,,,,,,,,,,,,,"OpenStreetMap (open data, ODbL)",https://www.openstreetmap.org/way/29275943,OSM:way/29275943,29275943,,"{""type"":""LineString"",""coordinates"":[[148.399943,-36.4098625],[148.3999914,-36.4100941]]}"
,,OSM-39386852,Ironbark Gully,Culvert,,,NSW,Central West & Orana,,-32.938653,148.757704,stream,Unknown (open data),,Culvert,,,,,,,,10,,,,,,,,,,,,,"OPEN DATA (OpenStreetMap, ODbL). DQ: INCOMPLETE - geometry & identity captured; owner/region/importance INFERRED (verify). Missing: condition, conditionRating, lastInspectionDate, lga, yearBuilt, postingStatus. No engineering/inspection data from open source.",Active,,,,,,,,,,,,,,,"OpenStreetMap (open data, ODbL)",https://www.openstreetmap.org/way/39386852,OSM:way/39386852,39386852,,"{""type"":""LineString"",""coordinates"":[[148.7576819,-32.9386926],[148.7577262,-32.9386138]]}"
,,OSM-56400852,Birunji Creek,Culvert,,,NSW,Sydney Metropolitan,,-34.075595,150.803328,stream,Unknown (open data),,Culvert,,,,,,,,4,,,,,,,,,,,,,"OPEN DATA (OpenStreetMap, ODbL). DQ: INCOMPLETE - geometry & identity captured; owner/region/importance INFERRED (verify). Missing: condition, conditionRating, lastInspectionDate, lga, yearBuilt, postingStatus. No engineering/inspection data from open source.",Active,,,,,,,,,,,,,,,"OpenStreetMap (open data, ODbL)",https://www.openstreetmap.org/way/56400852,OSM:way/56400852,56400852,,"{""type"":""LineString"",""coordinates"":[[150.8033353,-34.0756125],[150.8033207,-34.0755767]]}"
,,OSM-56418750,Birunji Creek,Culvert,,,NSW,Sydney Metropolitan,,-34.075081,150.80409,drain,Unknown (open data),,Culvert,,,,,,,,19,,,,,,,,,,,,,"OPEN DATA (OpenStreetMap, ODbL). DQ: INCOMPLETE - geometry & identity captured; owner/region/importance INFERRED (verify). Missing: condition, conditionRating, lastInspectionDate, lga, yearBuilt, postingStatus. No engineering/inspection data from open source.",Active,,,,,,,,,,,,,,,"OpenStreetMap (open data, ODbL)",https://www.openstreetmap.org/way/56418750,OSM:way/56418750,56418750,,"{""type"":""LineString"",""coordinates"":[[150.8040504,-34.0751614],[150.8041302,-34.0750001]]}"
,,OSM-67803539,Tarban Creek,Culvert,,,NSW,Sydney Metropolitan,,-33.83505,151.135127,stream,Unknown (open data),,Culvert,,,,,,,,30,,,,,,,,,,,,,"OPEN DATA (OpenStreetMap, ODbL). DQ: INCOMPLETE - geometry & identity captured; owner/region/importance INFERRED (verify). Missing: condition, conditionRating, lastInspectionDate, lga, yearBuilt, postingStatus. No engineering/inspection data from open source.",Active,,,,,,,,,,,,,,,"OpenStreetMap (open data, ODbL)",https://www.openstreetmap.org/way/67803539,OSM:way/67803539,67803539,,"{""type"":""LineString"",""coordinates"":[[151.1350573,-33.8349254],[151.1351966,-33.8351738]]}"
,,OSM-85553434,Gills Creek,Culvert,,,NSW,Illawarra & Shoalhaven,,-34.208332,150.978187,stream,Unknown (open data),,Culvert,,,,,,,,19,,,,,,,,,,,,,"OPEN DATA (OpenStreetMap, ODbL). DQ: INCOMPLETE - geometry & identity captured; owner/region/importance INFERRED (verify). Missing: condition, conditionRating, lastInspectionDate, lga, yearBuilt, postingStatus. No engineering/inspection data from open source.",Active,,,,,,,,,,,,,,,"OpenStreetMap (open data, ODbL)",https://www.openstreetmap.org/way/85553434,OSM:way/85553434,85553434,,"{""type"":""LineString"",""coordinates"":[[150.9780816,-34.2083238],[150.9782923,-34.2083398]]}"
,,OSM-85610258,Kellys Creek,Culvert,,,NSW,Illawarra & Shoalhaven,,-34.212776,150.976303,stream,Unknown (open data),,Culvert,,,,,,,,62,,,,,,,,,,,,,"OPEN DATA (OpenStreetMap, ODbL). DQ: INCOMPLETE - geometry & identity captured; owner/region/importance INFERRED (verify). Missing: condition, conditionRating, lastInspectionDate, lga, yearBuilt, postingStatus. No engineering/inspection data from open source.",Active,,,,,,,,,,,,,,,"OpenStreetMap (open data, ODbL)",https://www.openstreetmap.org/way/85610258,OSM:way/85610258,85610258,,"{""type"":""LineString"",""coordinates"":[[150.9759643,-34.212795],[150.9766421,-34.2127563]]}"
,,OSM-88382557,Kelso Creek,Culvert,,,NSW,Sydney Metropolitan,,-33.947753,150.996036,stream,Unknown (open data),,Culvert,,,,,,,,27,,,,,,,,,,,,,"OPEN DATA (OpenStreetMap, ODbL). DQ: INCOMPLETE - geometry & identity captured; owner/region/importance INFERRED (verify). Missing: condition, conditionRating, lastInspectionDate, lga, yearBuilt, postingStatus. No engineering/inspection data from open source.",Active,,,,,,,,,,,,,,,"OpenStreetMap (open data, ODbL)",https://www.openstreetmap.org/way/88382557,OSM:way/88382557,88382557,,"{""type"":""LineString"",""coordinates"":[[150.9961768,-33.9477212],[150.9958951,-33.9477857]]}"
,,OSM-100481947,Little Salt Pan Creek,Culvert,,,NSW,Sydney Metropolitan,,-33.956092,151.021651,stream,Unknown (open data),,Culvert,,,,,,,,23,,,,,,,,,,,,,"OPEN DATA (OpenStreetMap, ODbL). DQ: INCOMPLETE - geometry & identity captured; owner/region/importance INFERRED (verify). Missing: condition, conditionRating, lastInspectionDate, lga, yearBuilt, postingStatus. No engineering/inspection data from open source.",Active,,,,,,,,,,,,,,,"OpenStreetMap (open data, ODbL)",https://www.openstreetmap.org/way/100481947,OSM:way/100481947,100481947,,"{""type"":""LineString"",""coordinates"":[[151.0216616,-33.9559898],[151.0216407,-33.956194]]}"
,,OSM-108724551,Hornsby Creek,Culvert,,,NSW,Sydney Metropolitan,,-33.696559,151.112188,stream,Unknown (open data),,Culvert,,,,,,,,26,,,,,,,,,,,,,"OPEN DATA (OpenStreetMap, ODbL). DQ: INCOMPLETE - geometry & identity captured; owner/region/importance INFERRED (verify). Missing: condition, conditionRating, lastInspectionDate, lga, yearBuilt, postingStatus. No engineering/inspection data from open source.",Active,,,,,,,,,,,,,,,"OpenStreetMap (open data, ODbL)",https://www.openstreetmap.org/way/108724551,OSM:way/108724551,108724551,,"{""type"":""LineString"",""coordinates"":[[151.1120507,-33.6965819],[151.1123255,-33.6965355]]}"
,,OSM-109855128,Crookhaven Creek,Culvert,,,NSW,Illawarra & Shoalhaven,,-34.887074,150.650325,stream,Unknown (open data),,Culvert,,,,,,,,11,,,,,,,,,,,,,"OPEN DATA (OpenStreetMap, ODbL). DQ: INCOMPLETE - geometry & identity captured; owner/region/importance INFERRED (verify). Missing: condition, conditionRating, lastInspectionDate, lga, yearBuilt, postingStatus. No engineering/inspection data from open source.",Active,,,,,,,,,,,,,,,"OpenStreetMap (open data, ODbL)",https://www.openstreetmap.org/way/109855128,OSM:way/109855128,109855128,,"{""type"":""LineString"",""coordinates"":[[150.6502868,-34.8870354],[150.6503625,-34.8871118]]}"
,,OSM-112122158,Hammond Canal,Culvert,,,NSW,Central Coast,,-33.215351,151.534467,drain,Unknown (open data),,Culvert,,,,,,,,431,10,,,,,,,,,,,,"OPEN DATA (OpenStreetMap, ODbL). DQ: INCOMPLETE - geometry & identity captured; owner/region/importance INFERRED (verify). Missing: condition, conditionRating, lastInspectionDate, lga, yearBuilt, postingStatus. No engineering/inspection data from open source.",Active,,,,,,,,,,,,,,,"OpenStreetMap (open data, ODbL)",https://www.openstreetmap.org/way/112122158,OSM:way/112122158,112122158,,"{""type"":""LineString"",""coordinates"":[[151.5362363,-33.2140998],[151.5326984,-33.2166017]]}"
,,OSM-148021921,Piles Creek,Culvert,,,NSW,Central Coast,,-33.419354,151.285997,stream,Unknown (open data),,Culvert,,,,,,,,19,,,,,,,,,,,,,"OPEN DATA (OpenStreetMap, ODbL). DQ: INCOMPLETE - geometry & identity captured; owner/region/importance INFERRED (verify). Missing: condition, conditionRating, lastInspectionDate, lga, yearBuilt, postingStatus. No engineering/inspection data from open source.",Active,,,,,,,,,,,,,,,"OpenStreetMap (open data, ODbL)",https://www.openstreetmap.org/way/148021921,OSM:way/148021921,148021921,,"{""type"":""LineString"",""coordinates"":[[151.2859774,-33.4192722],[151.2860167,-33.4194354]]}"
,,OSM-153885480,Raglan Creek,Culvert,,,NSW,Central West & Orana,,-33.419996,149.623627,stream,Unknown (open data),,Culvert,,,,,,,,37,,,,,,,,,,,,,"OPEN DATA (OpenStreetMap, ODbL). DQ: INCOMPLETE - geometry & identity captured; owner/region/importance INFERRED (verify). Missing: condition, conditionRating, lastInspectionDate, lga, yearBuilt, postingStatus. No engineering/inspection data from open source.",Active,,,,,,,,,,,,,,,"OpenStreetMap (open data, ODbL)",https://www.openstreetmap.org/way/153885480,OSM:way/153885480,153885480,,"{""type"":""LineString"",""coordinates"":[[149.6236431,-33.4201631],[149.6236113,-33.4198291]]}"
,,OSM-172496696,Powells Creek,Culvert,,,NSW,Sydney Metropolitan,,-33.865082,151.088108,river,Unknown (open data),,Culvert,,,,,,,,12,,,,,,,,,,,,,"OPEN DATA (OpenStreetMap, ODbL). DQ: INCOMPLETE - geometry & identity captured; owner/region/importance INFERRED (verify). Missing: condition, conditionRating, lastInspectionDate, lga, yearBuilt, postingStatus. No engineering/inspection data from open source.",Active,,,,,,,,,,,,,,,"OpenStreetMap (open data, ODbL)",https://www.openstreetmap.org/way/172496696,OSM:way/172496696,172496696,,"{""type"":""LineString"",""coordinates"":[[151.0881102,-33.8651394],[151.0881063,-33.8650724],[151.0881069,-33.8650343]]}"
,,OSM-172669448,North Creek,Culvert,,,NSW,Hunter,,-32.968448,151.649115,stream,Unknown (open data),,Culvert,,,,,,,,28,,,,,,,,,,,,,"OPEN DATA (OpenStreetMap, ODbL). DQ: INCOMPLETE - geometry & identity captured; owner/region/importance INFERRED (verify). Missing: condition, conditionRating, lastInspectionDate, lga, yearBuilt, postingStatus. No engineering/inspection data from open source.",Active,,,,,,,,,,,,,,,"OpenStreetMap (open data, ODbL)",https://www.openstreetmap.org/way/172669448,OSM:way/172669448,172669448,,"{""type"":""LineString"",""coordinates"":[[151.6492507,-32.9684409],[151.6491392,-32.9684469],[151.6489554,-32.9684568]]}"
,,OSM-175053990,Wilsons Creek,Culvert,,,NSW,Sydney Metropolitan,,-34.176022,150.992186,stream,Unknown (open data),,Culvert,,,,,,,,120,,,,,,,,,,,,,"OPEN DATA (OpenStreetMap, ODbL). DQ: INCOMPLETE - geometry & identity captured; owner/region/importance INFERRED (verify). Missing: condition, conditionRating, lastInspectionDate, lga, yearBuilt, postingStatus. No engineering/inspection data from open source.",Active,,,,,,,,,,,,,,,"OpenStreetMap (open data, ODbL)",https://www.openstreetmap.org/way/175053990,OSM:way/175053990,175053990,,"{""type"":""LineString"",""coordinates"":[[150.9915308,-34.1759588],[150.992208,-34.1760558],[150.9928199,-34.1760502]]}"
,,OSM-176969832,Dairy Creek,Culvert,,,NSW,Central West & Orana,,-33.310116,149.140922,stream,Unknown (open data),,Culvert,,,,,,,,20,1,,,,,,,,,,,,"OPEN DATA (OpenStreetMap, ODbL). DQ: INCOMPLETE - geometry & identity captured; owner/region/importance INFERRED (verify). Missing: condition, conditionRating, lastInspectionDate, lga, yearBuilt, postingStatus. No engineering/inspection data from open source.",Active,,,,,,,,,,,,,,,"OpenStreetMap (open data, ODbL)",https://www.openstreetmap.org/way/176969832,OSM:way/176969832,176969832,,"{""type"":""LineString"",""coordinates"":[[149.1408196,-33.3100878],[149.1410236,-33.310145]]}"
,,OSM-179959627,Jerusalem Creek,Culvert,,,NSW,Sydney Metropolitan,,-34.158081,150.995022,stream,Unknown (open data),,Culvert,,,,,,,,54,,,,,,,,,,,,,"OPEN DATA (OpenStreetMap, ODbL). DQ: INCOMPLETE - geometry & identity captured; owner/region/importance INFERRED (verify). Missing: condition, conditionRating, lastInspectionDate, lga, yearBuilt, postingStatus. No engineering/inspection data from open source.",Active,,,,,,,,,,,,,,,"OpenStreetMap (open data, ODbL)",https://www.openstreetmap.org/way/179959627,OSM:way/179959627,179959627,,"{""type"":""LineString"",""coordinates"":[[150.9948823,-34.1578691],[150.995162,-34.1582935]]}"
,,OSM-181050583,Stringybark Creek,Culvert,,,NSW,Riverina,,-35.173435,147.366994,stream,Unknown (open data),,Culvert,,,,,,,,51,,,,,,,,,,,,,"OPEN DATA (OpenStreetMap, ODbL). DQ: INCOMPLETE - geometry & identity captured; owner/region/importance INFERRED (verify). Missing: condition, conditionRating, lastInspectionDate, lga, yearBuilt, postingStatus. No engineering/inspection data from open source.",Active,,,,,,,,,,,,,,,"OpenStreetMap (open data, ODbL)",https://www.openstreetmap.org/way/181050583,OSM:way/181050583,181050583,,"{""type"":""LineString"",""coordinates"":[[147.3667246,-35.1733734],[147.367263,-35.173497]]}"
,,OSM-182458289,Cawleys Creek,Culvert,,,NSW,Sydney Metropolitan,,-34.163154,150.989635,stream,Unknown (open data),,Culvert,,,,,,,,35,,,,,,,,,,,,,"OPEN DATA (OpenStreetMap, ODbL). DQ: INCOMPLETE - geometry & identity captured; owner/region/importance INFERRED (verify). Missing: condition, conditionRating, lastInspectionDate, lga, yearBuilt, postingStatus. No engineering/inspection data from open source.",Active,,,,,,,,,,,,,,,"OpenStreetMap (open data, ODbL)",https://www.openstreetmap.org/way/182458289,OSM:way/182458289,182458289,,"{""type"":""LineString"",""coordinates"":[[150.9894572,-34.1631523],[150.9896119,-34.1631536],[150.9898366,-34.1631556]]}"
,,OSM-183117663,Cawleys Creek,Culvert,,,NSW,Sydney Metropolitan,,-34.163333,150.987996,stream,Unknown (open data),,Culvert,,,,,,,,53,,,,,,,,,,,,,"OPEN DATA (OpenStreetMap, ODbL). DQ: INCOMPLETE - geometry & identity captured; owner/region/importance INFERRED (verify). Missing: condition, conditionRating, lastInspectionDate, lga, yearBuilt, postingStatus. No engineering/inspection data from open source.",Active,,,,,,,,,,,,,,,"OpenStreetMap (open data, ODbL)",https://www.openstreetmap.org/way/183117663,OSM:way/183117663,183117663,,"{""type"":""LineString"",""coordinates"":[[150.9877167,-34.1632681],[150.9882745,-34.1633973]]}"
,,OSM-183129495,Hamilton's Creek,Culvert,,,NSW,Sydney Metropolitan,,-34.198579,151.006853,stream,Unknown (open data),,Culvert,,,,,,,,50,,,,,,,,,,,,,"OPEN DATA (OpenStreetMap, ODbL). DQ: INCOMPLETE - geometry & identity captured; owner/region/importance INFERRED (verify). Missing: condition, conditionRating, lastInspectionDate, lga, yearBuilt, postingStatus. No engineering/inspection data from open source.",Active,,,,,,,,,,,,,,,"OpenStreetMap (open data, ODbL)",https://www.openstreetmap.org/way/183129495,OSM:way/183129495,183129495,,"{""type"":""LineString"",""coordinates"":[[151.0066004,-34.1984964],[151.007106,-34.1986618]]}"
,,OSM-183325620,Collins Creek,Culvert,,,NSW,Illawarra & Shoalhaven,,-34.348149,150.915754,stream,Unknown (open data),,Culvert,,,,,,,,19,,,,,,,,,,,,,"OPEN DATA (OpenStreetMap, ODbL). DQ: INCOMPLETE - geometry & identity captured; owner/region/importance INFERRED (verify). Missing: condition, conditionRating, lastInspectionDate, lga, yearBuilt, postingStatus. No engineering/inspection data from open source.",Active,,,,,,,,,,,,,,,"OpenStreetMap (open data, ODbL)",https://www.openstreetmap.org/way/183325620,OSM:way/183325620,183325620,,"{""type"":""LineString"",""coordinates"":[[150.9156489,-34.3481397],[150.9158582,-34.3481592]]}"
,,OSM-184278146,Wiradjuri Trail,Culvert,,,NSW,Riverina,,-35.121792,147.321086,,Local Council (inferred),,Culvert,,,,,,,,30,,,,,,,,,,,,,"OPEN DATA (OpenStreetMap, ODbL). DQ: INCOMPLETE - geometry & identity captured; owner/region/importance INFERRED (verify). Missing: condition, conditionRating, lastInspectionDate, lga, yearBuilt, postingStatus. No engineering/inspection data from open source.",Active,,,,,,1,,,,,,,,,"OpenStreetMap (open data, ODbL)",https://www.openstreetmap.org/way/184278146,OSM:way/184278146,184278146,,"{""type"":""LineString"",""coordinates"":[[147.3210459,-35.1219234],[147.321127,-35.1216606]]}"
,,OSM-184278926,Wiradjuri Walking Track,Culvert,,,NSW,Riverina,,-35.132448,147.316661,,Local Council (inferred),,Culvert,,,,,,,,15,,,,,,,,,,,,,"OPEN DATA (OpenStreetMap, ODbL). DQ: INCOMPLETE - geometry & identity captured; owner/region/importance INFERRED (verify). Missing: condition, conditionRating, lastInspectionDate, lga, yearBuilt, postingStatus. No engineering/inspection data from open source.",Active,,,,,,1,,,,,,,,,"OpenStreetMap (open data, ODbL)",https://www.openstreetmap.org/way/184278926,OSM:way/184278926,184278926,,"{""type"":""LineString"",""coordinates"":[[147.31662,-35.1325056],[147.3167013,-35.1323896]]}"
,,OSM-195201126,Whites Creek,Culvert,,,NSW,Sydney Metropolitan,,-33.871915,151.171839,drain,Unknown (open data),,Culvert,,,,,,,,49,,,,,,,,,,,,,"OPEN DATA (OpenStreetMap, ODbL). DQ: INCOMPLETE - geometry & identity captured; owner/region/importance INFERRED (verify). Missing: condition, conditionRating, lastInspectionDate, lga, yearBuilt, postingStatus. No engineering/inspection data from open source.",Active,,,,,,,,,,,,,,,"OpenStreetMap (open data, ODbL)",https://www.openstreetmap.org/way/195201126,OSM:way/195201126,195201126,,"{""type"":""LineString"",""coordinates"":[[151.1716483,-33.8720708],[151.1720291,-33.8717598]]}"
,,OSM-199772533,Two Mile Creek,Culvert,,,NSW,South East & Tablelands,,-34.768939,148.778199,stream,Unknown (open data),,Culvert,,,,,,,,17,,,,,,,,,,,,,"OPEN DATA (OpenStreetMap, ODbL). DQ: INCOMPLETE - geometry & identity captured; owner/region/importance INFERRED (verify). Missing: condition, conditionRating, lastInspectionDate, lga, yearBuilt, postingStatus. No engineering/inspection data from open source.",Active,,,,,,,,,,,,,,,"OpenStreetMap (open data, ODbL)",https://www.openstreetmap.org/way/199772533,OSM:way/199772533,199772533,,"{""type"":""LineString"",""coordinates"":[[148.7782141,-34.7690159],[148.7781829,-34.7688615]]}"
,,OSM-204776381,Surveyors Creek,Culvert,,,NSW,Sydney Metropolitan,,-33.797272,150.683306,stream,Unknown (open data),,Culvert,,,,,,,,22,,,,,,,,,,,,,"OPEN DATA (OpenStreetMap, ODbL). DQ: INCOMPLETE - geometry & identity captured; owner/region/importance INFERRED (verify). Missing: condition, conditionRating, lastInspectionDate, lga, yearBuilt, postingStatus. No engineering/inspection data from open source.",Active,,,,,,,,,,,,,,,"OpenStreetMap (open data, ODbL)",https://www.openstreetmap.org/way/204776381,OSM:way/204776381,204776381,,"{""type"":""LineString"",""coordinates"":[[150.6832336,-33.7973525],[150.6833778,-33.7971906]]}"
,,OSM-210055092,Camp Creek,Culvert,,,NSW,Sydney Metropolitan,,-34.194585,150.981474,stream,Unknown (open data),,Culvert,,,,,,,,47,,,,,,,,,,,,,"OPEN DATA (OpenStreetMap, ODbL). DQ: INCOMPLETE - geometry & identity captured; owner/region/importance INFERRED (verify). Missing: condition, conditionRating, lastInspectionDate, lga, yearBuilt, postingStatus. No engineering/inspection data from open source.",Active,,,,,,,,,,,,,,,"OpenStreetMap (open data, ODbL)",https://www.openstreetmap.org/way/210055092,OSM:way/210055092,210055092,,"{""type"":""LineString"",""coordinates"":[[150.9812387,-34.1946687],[150.9817094,-34.1945016]]}"
,,OSM-213790213,Saltram Creek,Culvert,,,NSW,Central West & Orana,,-33.307456,149.551888,stream,Unknown (open data),,Culvert,,,,,,,,33,,,,,,,,,,,,,"OPEN DATA (OpenStreetMap, ODbL). DQ: INCOMPLETE - geometry & identity captured; owner/region/importance INFERRED (verify). Missing: condition, conditionRating, lastInspectionDate, lga, yearBuilt, postingStatus. No engineering/inspection data from open source.",Active,,,,,,,,,,,,,,,"OpenStreetMap (open data, ODbL)",https://www.openstreetmap.org/way/213790213,OSM:way/213790213,213790213,,"{""type"":""LineString"",""coordinates"":[[149.5518371,-33.3073117],[149.5518698,-33.3074053],[149.5519064,-33.30751],[149.5519373,-33.3075984]]}"
,,OSM-217740723,Slacky Creek,Culvert,,,NSW,Illawarra & Shoalhaven,,-34.330232,150.910356,stream,Unknown (open data),,Culvert,,,,,,,,2849,,,,,,,,,,,,,"OPEN DATA (OpenStreetMap, ODbL). DQ: INCOMPLETE - geometry & identity captured; owner/region/importance INFERRED (verify). Missing: condition, conditionRating, lastInspectionDate, lga, yearBuilt, postingStatus. No engineering/inspection data from open source.",Active,,,,,,,,,,,,,,,"OpenStreetMap (open data, ODbL)",https://www.openstreetmap.org/way/217740723,OSM:way/217740723,217740723,,"{""type"":""LineString"",""coordinates"":[[150.8963941,-34.3289188],[150.8973518,-34.3290486],[150.898594,-34.3292807],[150.9002296,-34.3294385],[150.9008612,-34.3296853],[150.901297,-34.3299732],[150.9017092,-34.3301202],[150.9020111,-34.3300343],[150.9023413,-34.3298262],[150.9028294,-34.3295698],[150.9033198,-34.3294448],[150.9036371,-34.3293276],[150.9039601,-34.3291652],[150.9042062,-34.329118],[150.9044564,-34.3292149],[150.9047269,-34.3291678],[150.9053804,-34.3289374],[150.9063773,-34.3286291],[150.9066708,-34.328282],[150.9073219,-34.328076],[150.9079175,-34.3280534],[150.9084272,-34.3279931],[150.9096367,-34.3277661],[150.9105892,-34.3276498],[150.9110878,-34.3277823],[150.9116353,-34.3280645],[150.9122839,-34.3282661],[150.9127476,-34.3288305],[150.9129464,-34.3294957],[150.9132463,-34.3302703],[150.9136647,-34.3307368],[150.9139803,-34.3310004],[150.9142378,-34.3311997],[150.9146884,-34.3315408],[150.9150907,-34.3317667],[150.9154155,-34.3319298],[150.9155986,-34.3320218],[150.9156273,-34.3320263],[150.9156797,-34.3320342],[150.9157481,-34.3320451],[150.9159245,-34.3320716],[150.9170129,-34.3320317],[150.9175075,-34.3321106],[150.9198176,-34.3325376],[150.9204809,-34.3325562],[150.9214954,-34.3327326],[150.9221995,-34.3327769],[150.9226392,-34.3328045],[150.923353,-34.333076],[150.923463,-34.3331534]]}"
,,OSM-219472133,Broken Shaft Creek,Culvert,,,NSW,Central West & Orana,,-33.238539,149.049862,stream,Unknown (open data),,Culvert,,,,,,,,24,,,,,,,,,,,,,"OPEN DATA (OpenStreetMap, ODbL). DQ: INCOMPLETE - geometry & identity captured; owner/region/importance INFERRED (verify). Missing: condition, conditionRating, lastInspectionDate, lga, yearBuilt, postingStatus. No engineering/inspection data from open source.",Active,,,,,,,,,,,,,,,"OpenStreetMap (open data, ODbL)",https://www.openstreetmap.org/way/219472133,OSM:way/219472133,219472133,,"{""type"":""LineString"",""coordinates"":[[149.0497507,-33.2385963],[149.0499729,-33.2384821]]}"
,,OSM-220297185,Werrington Creek,Culvert,,,NSW,Sydney Metropolitan,,-33.757135,150.73308,stream,Unknown (open data),,Culvert,,,,,,,,31,,,,,,,,,,,,,"OPEN DATA (OpenStreetMap, ODbL). DQ: INCOMPLETE - geometry & identity captured; owner/region/importance INFERRED (verify). Missing: condition, conditionRating, lastInspectionDate, lga, yearBuilt, postingStatus. No engineering/inspection data from open source.",Active,,,,,,,,,,,,,,,"OpenStreetMap (open data, ODbL)",https://www.openstreetmap.org/way/220297185,OSM:way/220297185,220297185,,"{""type"":""LineString"",""coordinates"":[[150.7329678,-33.7572379],[150.7331928,-33.7570315]]}"
,,OSM-220573334,Kemps Creek,Culvert,,,NSW,Sydney Metropolitan,,-33.95552,150.791439,stream,Unknown (open data),,Culvert,,,,,,,,17,,,,,,,,,,,,,"OPEN DATA (OpenStreetMap, ODbL). DQ: INCOMPLETE - geometry & identity captured; owner/region/importance INFERRED (verify). Missing: condition, conditionRating, lastInspectionDate, lga, yearBuilt, postingStatus. No engineering/inspection data from open source.",Active,,,,,,,,,,,,,,,"OpenStreetMap (open data, ODbL)",https://www.openstreetmap.org/way/220573334,OSM:way/220573334,220573334,,"{""type"":""LineString"",""coordinates"":[[150.7914964,-33.9555768],[150.7913809,-33.9554627]]}"
,,OSM-220581881,Maxwells Creek,Culvert,,,NSW,Sydney Metropolitan,,-33.934022,150.882426,drain,Unknown (open data),,Culvert,,,,,,,,20,,,,,,,,,,,,,"OPEN DATA (OpenStreetMap, ODbL). DQ: INCOMPLETE - geometry & identity captured; owner/region/importance INFERRED (verify). Missing: condition, conditionRating, lastInspectionDate, lga, yearBuilt, postingStatus. No engineering/inspection data from open source.",Active,,,,,,,,,,,,,,,"OpenStreetMap (open data, ODbL)",https://www.openstreetmap.org/way/220581881,OSM:way/220581881,220581881,,"{""type"":""LineString"",""coordinates"":[[150.8824062,-33.9341095],[150.8824466,-33.9339339]]}"
,,OSM-221725590,Little Blue Gum Creek,Culvert,,,NSW,Sydney Metropolitan,,-33.785445,151.154957,stream,Unknown (open data),,Culvert,,,,,,,,17,,,,,,,,,,,,,"OPEN DATA (OpenStreetMap, ODbL). DQ: INCOMPLETE - geometry & identity captured; owner/region/importance INFERRED (verify). Missing: condition, conditionRating, lastInspectionDate, lga, yearBuilt, postingStatus. No engineering/inspection data from open source.",Active,,,,,,,,,,,,,,,"OpenStreetMap (open data, ODbL)",https://www.openstreetmap.org/way/221725590,OSM:way/221725590,221725590,,"{""type"":""LineString"",""coordinates"":[[151.1550446,-33.7854318],[151.1548685,-33.7854576]]}"
,,OSM-225762454,Abercrombie Channel,Culvert,,,NSW,Riverina,,-34.637461,144.236324,canal,Unknown (open data),,Culvert,,,,,,,,32,,,,,,,,,,,,,"OPEN DATA (OpenStreetMap, ODbL). DQ: INCOMPLETE - geometry & identity captured; owner/region/importance INFERRED (verify). Missing: condition, conditionRating, lastInspectionDate, lga, yearBuilt, postingStatus. No engineering/inspection data from open source.",Active,,,,,,,,,,,,,,,"OpenStreetMap (open data, ODbL)",https://www.openstreetmap.org/way/225762454,OSM:way/225762454,225762454,,"{""type"":""LineString"",""coordinates"":[[144.2361475,-34.6374445],[144.2365001,-34.6374768]]}"
,,OSM-230001243,Golding Creek,Culvert,,,NSW,Central West & Orana,,-33.247478,149.097662,stream,Unknown (open data),,Culvert,,,,,,,,40,,,,,,,,,,,,,"OPEN DATA (OpenStreetMap, ODbL). DQ: INCOMPLETE - geometry & identity captured; owner/region/importance INFERRED (verify). Missing: condition, conditionRating, lastInspectionDate, lga, yearBuilt, postingStatus. No engineering/inspection data from open source.",Active,,,,,,,,,,,,,,,"OpenStreetMap (open data, ODbL)",https://www.openstreetmap.org/way/230001243,OSM:way/230001243,230001243,,"{""type"":""LineString"",""coordinates"":[[149.0977506,-33.2476408],[149.0975743,-33.2473147]]}"
,,OSM-230220203,Blackmans Swamp Creek,Culvert,,,NSW,Central West & Orana,,-33.296767,149.079422,stream,Unknown (open data),,Culvert,,,,,,,,28,1,,,,,,,,,,,,"OPEN DATA (OpenStreetMap, ODbL). DQ: INCOMPLETE - geometry & identity captured; owner/region/importance INFERRED (verify). Missing: condition, conditionRating, lastInspectionDate, lga, yearBuilt, postingStatus. No engineering/inspection data from open source.",Active,,,,,,,,,,,,,,,"OpenStreetMap (open data, ODbL)",https://www.openstreetmap.org/way/230220203,OSM:way/230220203,230220203,,"{""type"":""LineString"",""coordinates"":[[149.0793525,-33.2968796],[149.0794911,-33.2966541]]}"
,,OSM-230220204,Blackmans Swamp Creek,Culvert,,,NSW,Central West & Orana,,-33.293136,149.084239,stream,Unknown (open data),,Culvert,,,,,,,,26,1,,,,,,,,,,,,"OPEN DATA (OpenStreetMap, ODbL). DQ: INCOMPLETE - geometry & identity captured; owner/region/importance INFERRED (verify). Missing: condition, conditionRating, lastInspectionDate, lga, yearBuilt, postingStatus. No engineering/inspection data from open source.",Active,,,,,,,,,,,,,,,"OpenStreetMap (open data, ODbL)",https://www.openstreetmap.org/way/230220204,OSM:way/230220204,230220204,,"{""type"":""LineString"",""coordinates"":[[149.0840987,-33.2931508],[149.0843786,-33.2931218]]}"
,,OSM-230220221,Gosling Creek,Culvert,,,NSW,Central West & Orana,,-33.319048,149.10754,stream,Unknown (open data),,Culvert,,,,,,,,12,,,,,,,,,,,,,"OPEN DATA (OpenStreetMap, ODbL). DQ: INCOMPLETE - geometry & identity captured; owner/region/importance INFERRED (verify). Missing: condition, conditionRating, lastInspectionDate, lga, yearBuilt, postingStatus. No engineering/inspection data from open source.",Active,,,,,,,,,,,,,,,"OpenStreetMap (open data, ODbL)",https://www.openstreetmap.org/way/230220221,OSM:way/230220221,230220221,,"{""type"":""LineString"",""coordinates"":[[149.1074829,-33.3190218],[149.1075973,-33.3190744]]}"
,,OSM-230220233,Ploughmans Creek,Culvert,,,NSW,Central West & Orana,,-33.274611,149.07052,stream,Unknown (open data),,Culvert,,,,,,,,25,,,,,,,,,,,,,"OPEN DATA (OpenStreetMap, ODbL). DQ: INCOMPLETE - geometry & identity captured; owner/region/importance INFERRED (verify). Missing: condition, conditionRating, lastInspectionDate, lga, yearBuilt, postingStatus. No engineering/inspection data from open source.",Active,,,,,,,,,,,,,,,"OpenStreetMap (open data, ODbL)",https://www.openstreetmap.org/way/230220233,OSM:way/230220233,230220233,,"{""type"":""LineString"",""coordinates"":[[149.0705386,-33.2747239],[149.0705006,-33.2744988]]}"
,,OSM-230220234,Ploughmans Creek,Culvert,,,NSW,Central West & Orana,,-33.267502,149.073418,stream,Unknown (open data),,Culvert,,,,,,,,24,,,,,,,,,,,,,"OPEN DATA (OpenStreetMap, ODbL). DQ: INCOMPLETE - geometry & identity captured; owner/region/importance INFERRED (verify). Missing: condition, conditionRating, lastInspectionDate, lga, yearBuilt, postingStatus. No engineering/inspection data from open source.",Active,,,,,,,,,,,,,,,"OpenStreetMap (open data, ODbL)",https://www.openstreetmap.org/way/230220234,OSM:way/230220234,230220234,,"{""type"":""LineString"",""coordinates"":[[149.0733824,-33.2676063],[149.0734545,-33.2673985]]}"
,,OSM-230220235,Rifle Range Creek,Culvert,,,NSW,Central West & Orana,,-33.298632,149.091441,stream,Unknown (open data),,Culvert,,,,,,,,24,1,,,,,,,,,,,,"OPEN DATA (OpenStreetMap, ODbL). DQ: INCOMPLETE - geometry & identity captured; owner/region/importance INFERRED (verify). Missing: condition, conditionRating, lastInspectionDate, lga, yearBuilt, postingStatus. No engineering/inspection data from open source.",Active,,,,,,,,,,,,,,,"OpenStreetMap (open data, ODbL)",https://www.openstreetmap.org/way/230220235,OSM:way/230220235,230220235,,"{""type"":""LineString"",""coordinates"":[[149.0914142,-33.2987377],[149.0914684,-33.2985273]]}"
,,OSM-230220236,Rifle Range Creek,Culvert,,,NSW,Central West & Orana,,-33.290225,149.096354,stream,Unknown (open data),,Culvert,,,,,,,,25,1,,,,,,,,,,,,"OPEN DATA (OpenStreetMap, ODbL). DQ: INCOMPLETE - geometry & identity captured; owner/region/importance INFERRED (verify). Missing: condition, conditionRating, lastInspectionDate, lga, yearBuilt, postingStatus. No engineering/inspection data from open source.",Active,,,,,,,,,,,,,,,"OpenStreetMap (open data, ODbL)",https://www.openstreetmap.org/way/230220236,OSM:way/230220236,230220236,,"{""type"":""LineString"",""coordinates"":[[149.0962851,-33.2903198],[149.0964236,-33.2901312]]}"
,,OSM-230220361,East Orange Creek,Culvert,,,NSW,Central West & Orana,,-33.290348,149.108716,stream,Unknown (open data),,Culvert,,,,,,,,328,,,,,,,,,,,,,"OPEN DATA (OpenStreetMap, ODbL). DQ: INCOMPLETE - geometry & identity captured; owner/region/importance INFERRED (verify). Missing: condition, conditionRating, lastInspectionDate, lga, yearBuilt, postingStatus. No engineering/inspection data from open source.",Active,,,,,,,,,,,,,,,"OpenStreetMap (open data, ODbL)",https://www.openstreetmap.org/way/230220361,OSM:way/230220361,230220361,,"{""type"":""LineString"",""coordinates"":[[149.1085782,-33.29193],[149.1087945,-33.2905837],[149.1088483,-33.2898626],[149.1086426,-33.2890154]]}"
,,OSM-230220365,East Orange Creek,Culvert,,,NSW,Central West & Orana,,-33.281414,149.108846,stream,Unknown (open data),,Culvert,,,,,,,,70,,,,,,,,,,,,,"OPEN DATA (OpenStreetMap, ODbL). DQ: INCOMPLETE - geometry & identity captured; owner/region/importance INFERRED (verify). Missing: condition, conditionRating, lastInspectionDate, lga, yearBuilt, postingStatus. No engineering/inspection data from open source.",Active,,,,,,,,,,,,,,,"OpenStreetMap (open data, ODbL)",https://www.openstreetmap.org/way/230220365,OSM:way/230220365,230220365,,"{""type"":""LineString"",""coordinates"":[[149.1090539,-33.2816739],[149.1086385,-33.2811538]]}"
,,OSM-230220366,Blackmans Swamp Creek,Culvert,,,NSW,Central West & Orana,,-33.288004,149.097965,stream,Unknown (open data),,Culvert,,,,,,,,164,,,,,,,,,,,,,"OPEN DATA (OpenStreetMap, ODbL). DQ: INCOMPLETE - geometry & identity captured; owner/region/importance INFERRED (verify). Missing: condition, conditionRating, lastInspectionDate, lga, yearBuilt, postingStatus. No engineering/inspection data from open source.",Active,,,,,,,,,,,,,,,"OpenStreetMap (open data, ODbL)",https://www.openstreetmap.org/way/230220366,OSM:way/230220366,230220366,,"{""type"":""LineString"",""coordinates"":[[149.0974764,-33.2886191],[149.0984529,-33.2873886]]}"
,,OSM-230220369,East Orange Creek,Culvert,,,NSW,Central West & Orana,,-33.29664,149.106406,stream,Unknown (open data),,Culvert,,,,,,,,24,,,,,,,,,,,,,"OPEN DATA (OpenStreetMap, ODbL). DQ: INCOMPLETE - geometry & identity captured; owner/region/importance INFERRED (verify). Missing: condition, conditionRating, lastInspectionDate, lga, yearBuilt, postingStatus. No engineering/inspection data from open source.",Active,,,,,,,,,,,,,,,"OpenStreetMap (open data, ODbL)",https://www.openstreetmap.org/way/230220369,OSM:way/230220369,230220369,,"{""type"":""LineString"",""coordinates"":[[149.1063741,-33.296746],[149.1064375,-33.2965342]]}"
,,OSM-230220386,Blackmans Swamp Creek,Culvert,,,NSW,Central West & Orana,,-33.285523,149.099845,stream,Unknown (open data),,Culvert,,,,,,,,81,,,,,,,,,,,,,"OPEN DATA (OpenStreetMap, ODbL). DQ: INCOMPLETE - geometry & identity captured; owner/region/importance INFERRED (verify). Missing: condition, conditionRating, lastInspectionDate, lga, yearBuilt, postingStatus. No engineering/inspection data from open source.",Active,,,,,,,,,,,,,,,"OpenStreetMap (open data, ODbL)",https://www.openstreetmap.org/way/230220386,OSM:way/230220386,230220386,,"{""type"":""LineString"",""coordinates"":[[149.0996419,-33.285848],[149.1000483,-33.2851986]]}"
,,OSM-231031134,Jordan Creek,Culvert,,,NSW,Central West & Orana,,-33.418023,149.574385,stream,Unknown (open data),,Culvert,,,,,,,,52,,,,,,,,,,,,,"OPEN DATA (OpenStreetMap, ODbL). DQ: INCOMPLETE - geometry & identity captured; owner/region/importance INFERRED (verify). Missing: condition, conditionRating, lastInspectionDate, lga, yearBuilt, postingStatus. No engineering/inspection data from open source.",Active,,,,,,,,,,,,,,,"OpenStreetMap (open data, ODbL)",https://www.openstreetmap.org/way/231031134,OSM:way/231031134,231031134,,"{""type"":""LineString"",""coordinates"":[[149.5741201,-33.4181029],[149.5746489,-33.4179435]]}"
,,OSM-231031137,Jordan Creek,Culvert,,,NSW,Central West & Orana,,-33.415712,149.576687,stream,Unknown (open data),,Culvert,,,,,,,,32,,,,,,,,,,,,,"OPEN DATA (OpenStreetMap, ODbL). DQ: INCOMPLETE - geometry & identity captured; owner/region/importance INFERRED (verify). Missing: condition, conditionRating, lastInspectionDate, lga, yearBuilt, postingStatus. No engineering/inspection data from open source.",Active,,,,,,,,,,,,,,,"OpenStreetMap (open data, ODbL)",https://www.openstreetmap.org/way/231031137,OSM:way/231031137,231031137,,"{""type"":""LineString"",""coordinates"":[[149.5765485,-33.4157974],[149.5768265,-33.415626]]}"
,,OSM-231031138,Jordan Creek,Culvert,,,NSW,Central West & Orana,,-33.417931,149.564989,stream,Unknown (open data),,Culvert,,,,,,,,20,,,,,,,,,,,,,"OPEN DATA (OpenStreetMap, ODbL). DQ: INCOMPLETE - geometry & identity captured; owner/region/importance INFERRED (verify). Missing: condition, conditionRating, lastInspectionDate, lga, yearBuilt, postingStatus. No engineering/inspection data from open source.",Active,,,,,,,,,,,,,,,"OpenStreetMap (open data, ODbL)",https://www.openstreetmap.org/way/231031138,OSM:way/231031138,231031138,,"{""type"":""LineString"",""coordinates"":[[149.564914,-33.4178674],[149.5650641,-33.4179942]]}"
,,OSM-231031139,Jordan Creek,Culvert,,,NSW,Central West & Orana,,-33.418565,149.573033,stream,Unknown (open data),,Culvert,,,,,,,,32,,,,,,,,,,,,,"OPEN DATA (OpenStreetMap, ODbL). DQ: INCOMPLETE - geometry & identity captured; owner/region/importance INFERRED (verify). Missing: condition, conditionRating, lastInspectionDate, lga, yearBuilt, postingStatus. No engineering/inspection data from open source.",Active,,,,,,,,,,,,,,,"OpenStreetMap (open data, ODbL)",https://www.openstreetmap.org/way/231031139,OSM:way/231031139,231031139,,"{""type"":""LineString"",""coordinates"":[[149.5728936,-33.4186476],[149.5731733,-33.4184833]]}"
,,OSM-231031141,Jordan Creek,Culvert,,,NSW,Central West & Orana,,-33.416084,149.560503,stream,Unknown (open data),,Culvert,,,,,,,,56,,,,,,,,,,,,,"OPEN DATA (OpenStreetMap, ODbL). DQ: INCOMPLETE - geometry & identity captured; owner/region/importance INFERRED (verify). Missing: condition, conditionRating, lastInspectionDate, lga, yearBuilt, postingStatus. No engineering/inspection data from open source.",Active,,,,,,,,,,,,,,,"OpenStreetMap (open data, ODbL)",https://www.openstreetmap.org/way/231031141,OSM:way/231031141,231031141,,"{""type"":""LineString"",""coordinates"":[[149.5602253,-33.4159813],[149.5607797,-33.4161877]]}"
,,OSM-231031142,Jordan Creek,Culvert,,,NSW,Central West & Orana,,-33.41764,149.575341,stream,Unknown (open data),,Culvert,,,,,,,,30,,,,,,,,,,,,,"OPEN DATA (OpenStreetMap, ODbL). DQ: INCOMPLETE - geometry & identity captured; owner/region/importance INFERRED (verify). Missing: condition, conditionRating, lastInspectionDate, lga, yearBuilt, postingStatus. No engineering/inspection data from open source.",Active,,,,,,,,,,,,,,,"OpenStreetMap (open data, ODbL)",https://www.openstreetmap.org/way/231031142,OSM:way/231031142,231031142,,"{""type"":""LineString"",""coordinates"":[[149.5752414,-33.4177481],[149.575441,-33.4175325]]}"
,,OSM-231031146,Jordan Creek,Culvert,,,NSW,Central West & Orana,,-33.411273,149.582023,stream,Unknown (open data),,Culvert,,,,,,,,13,,,,,,,,,,,,,"OPEN DATA (OpenStreetMap, ODbL). DQ: INCOMPLETE - geometry & identity captured; owner/region/importance INFERRED (verify). Missing: condition, conditionRating, lastInspectionDate, lga, yearBuilt, postingStatus. No engineering/inspection data from open source.",Active,,,,,,,,,,,,,,,"OpenStreetMap (open data, ODbL)",https://www.openstreetmap.org/way/231031146,OSM:way/231031146,231031146,,"{""type"":""LineString"",""coordinates"":[[149.5819802,-33.4113215],[149.5820656,-33.4112239]]}"
,,OSM-231031161,Jordan Creek,Culvert,,,NSW,Central West & Orana,,-33.422787,149.546835,stream,Unknown (open data),,Culvert,,,,,,,,21,,,,,,,,,,,,,"OPEN DATA (OpenStreetMap, ODbL). DQ: INCOMPLETE - geometry & identity captured; owner/region/importance INFERRED (verify). Missing: condition, conditionRating, lastInspectionDate, lga, yearBuilt, postingStatus. No engineering/inspection data from open source.",Active,,,,,,,,,,,,,,,"OpenStreetMap (open data, ODbL)",https://www.openstreetmap.org/way/231031161,OSM:way/231031161,231031161,,"{""type"":""LineString"",""coordinates"":[[149.5467863,-33.422871],[149.5468833,-33.4227036]]}"
,,OSM-231031162,Jordan Creek,Culvert,,,NSW,Central West & Orana,,-33.419164,149.549757,stream,Unknown (open data),,Culvert,,,,,,,,16,,,,,,,,,,,,,"OPEN DATA (OpenStreetMap, ODbL). DQ: INCOMPLETE - geometry & identity captured; owner/region/importance INFERRED (verify). Missing: condition, conditionRating, lastInspectionDate, lga, yearBuilt, postingStatus. No engineering/inspection data from open source.",Active,,,,,,,,,,,,,,,"OpenStreetMap (open data, ODbL)",https://www.openstreetmap.org/way/231031162,OSM:way/231031162,231031162,,"{""type"":""LineString"",""coordinates"":[[149.549673,-33.4191539],[149.5498419,-33.4191744]]}"
,,OSM-231031164,Jordan Creek,Culvert,,,NSW,Central West & Orana,,-33.412547,149.580058,stream,Unknown (open data),,Culvert,,,,,,,,32,,,,,,,,,,,,,"OPEN DATA (OpenStreetMap, ODbL). DQ: INCOMPLETE - geometry & identity captured; owner/region/importance INFERRED (verify). Missing: condition, conditionRating, lastInspectionDate, lga, yearBuilt, postingStatus. No engineering/inspection data from open source.",Active,,,,,,,,,,,,,,,"OpenStreetMap (open data, ODbL)",https://www.openstreetmap.org/way/231031164,OSM:way/231031164,231031164,,"{""type"":""LineString"",""coordinates"":[[149.579935,-33.4126481],[149.5801808,-33.4124465]]}"
,,OSM-234876462,Boori Creek,Culvert,,,NSW,Central West & Orana,,-32.396597,148.827377,stream,Unknown (open data),,Culvert,,,,,,,,13,,,,,,,,,,,,,"OPEN DATA (OpenStreetMap, ODbL). DQ: INCOMPLETE - geometry & identity captured; owner/region/importance INFERRED (verify). Missing: condition, conditionRating, lastInspectionDate, lga, yearBuilt, postingStatus. No engineering/inspection data from open source.",Active,,,,,,,,,,,,,,,"OpenStreetMap (open data, ODbL)",https://www.openstreetmap.org/way/234876462,OSM:way/234876462,234876462,,"{""type"":""LineString"",""coordinates"":[[148.8273202,-32.3965648],[148.8274337,-32.3966296]]}"
,,OSM-234876463,Boori Creek,Culvert,,,NSW,Central West & Orana,,-32.399725,148.830302,stream,Unknown (open data),,Culvert,,,,,,,,13,,,,,,,,,,,,,"OPEN DATA (OpenStreetMap, ODbL). DQ: INCOMPLETE - geometry & identity captured; owner/region/importance INFERRED (verify). Missing: condition, conditionRating, lastInspectionDate, lga, yearBuilt, postingStatus. No engineering/inspection data from open source.",Active,,,,,,,,,,,,,,,"OpenStreetMap (open data, ODbL)",https://www.openstreetmap.org/way/234876463,OSM:way/234876463,234876463,,"{""type"":""LineString"",""coordinates"":[[148.8302977,-32.3996606],[148.8303069,-32.3997336],[148.8303002,-32.3997804]]}"
,,OSM-234876555,Deep Creek,Culvert,,,NSW,Central West & Orana,,-32.366754,148.803858,stream,Unknown (open data),,Culvert,,,,,,,,32,,,,,,,,,,,,,"OPEN DATA (OpenStreetMap, ODbL). DQ: INCOMPLETE - geometry & identity captured; owner/region/importance INFERRED (verify). Missing: condition, conditionRating, lastInspectionDate, lga, yearBuilt, postingStatus. No engineering/inspection data from open source.",Active,,,,,,,,,,,,,,,"OpenStreetMap (open data, ODbL)",https://www.openstreetmap.org/way/234876555,OSM:way/234876555,234876555,,"{""type"":""LineString"",""coordinates"":[[148.8039831,-32.366656],[148.803732,-32.3668528]]}"
,,OSM-234876724,Shingle Ridge Creek,Culvert,,,NSW,Central West & Orana,,-33.0783,148.839743,stream,Unknown (open data),,Culvert,,,,,,,,14,,,,,,,,,,,,,"OPEN DATA (OpenStreetMap, ODbL). DQ: INCOMPLETE - geometry & identity captured; owner/region/importance INFERRED (verify). Missing: condition, conditionRating, lastInspectionDate, lga, yearBuilt, postingStatus. No engineering/inspection data from open source.",Active,,,,,,,,,,,,,,,"OpenStreetMap (open data, ODbL)",https://www.openstreetmap.org/way/234876724,OSM:way/234876724,234876724,,"{""type"":""LineString"",""coordinates"":[[148.8397035,-33.0783529],[148.8397824,-33.0782467]]}"
,,OSM-235273049,Caddies Creek,Culvert,,,NSW,Sydney Metropolitan,,-33.709525,150.932016,stream,Unknown (open data),,Culvert,,,,,,,,70,,,,,,,,,,,,,"OPEN DATA (OpenStreetMap, ODbL). DQ: INCOMPLETE - geometry & identity captured; owner/region/importance INFERRED (verify). Missing: condition, conditionRating, lastInspectionDate, lga, yearBuilt, postingStatus. No engineering/inspection data from open source.",Active,,,,,,,,,,,,,,,"OpenStreetMap (open data, ODbL)",https://www.openstreetmap.org/way/235273049,OSM:way/235273049,235273049,,"{""type"":""LineString"",""coordinates"":[[150.9317201,-33.7097219],[150.9323118,-33.7093288]]}"
,,OSM-235914415,Haslams Creek,Culvert,,,NSW,Sydney Metropolitan,,-33.868086,151.035851,drain,Unknown (open data),,Culvert,,,,,,,,42,,,,,,,,,,,,,"OPEN DATA (OpenStreetMap, ODbL). DQ: INCOMPLETE - geometry & identity captured; owner/region/importance INFERRED (verify). Missing: condition, conditionRating, lastInspectionDate, lga, yearBuilt, postingStatus. No engineering/inspection data from open source.",Active,,,,,,,,,,,,,,,"OpenStreetMap (open data, ODbL)",https://www.openstreetmap.org/way/235914415,OSM:way/235914415,235914415,,"{""type"":""LineString"",""coordinates"":[[151.0358859,-33.8682718],[151.0358164,-33.8678994]]}"
,,OSM-237747325,Scotch Dairy Creek,Culvert,,,NSW,Hunter,,-32.793939,151.634611,stream,Unknown (open data),,Culvert,,,,,,,,70,,,,,,,,,,,,,"OPEN DATA (OpenStreetMap, ODbL). DQ: INCOMPLETE - geometry & identity captured; owner/region/importance INFERRED (verify). Missing: condition, conditionRating, lastInspectionDate, lga, yearBuilt, postingStatus. No engineering/inspection data from open source.",Active,,,,,,,,,,,,,,,"OpenStreetMap (open data, ODbL)",https://www.openstreetmap.org/way/237747325,OSM:way/237747325,237747325,,"{""type"":""LineString"",""coordinates"":[[151.6342581,-32.7940445],[151.6349631,-32.7938339]]}"
,,OSM-237747327,Two Mile Creek,Culvert,,,NSW,Hunter,,-32.752342,151.603688,stream,Unknown (open data),,Culvert,,,,,,,,16,,,,,,,,,,,,,"OPEN DATA (OpenStreetMap, ODbL). DQ: INCOMPLETE - geometry & identity captured; owner/region/importance INFERRED (verify). Missing: condition, conditionRating, lastInspectionDate, lga, yearBuilt, postingStatus. No engineering/inspection data from open source.",Active,,,,,,,,,,,,,,,"OpenStreetMap (open data, ODbL)",https://www.openstreetmap.org/way/237747327,OSM:way/237747327,237747327,,"{""type"":""LineString"",""coordinates"":[[151.6036319,-32.7523968],[151.6037445,-32.752287]]}"
,,OSM-237747331,Scotch Dairy Creek,Culvert,,,NSW,Hunter,,-32.793451,151.63662,stream,Unknown (open data),,Culvert,,,,,,,,39,,,,,,,,,,,,,"OPEN DATA (OpenStreetMap, ODbL). DQ: INCOMPLETE - geometry & identity captured; owner/region/importance INFERRED (verify). Missing: condition, conditionRating, lastInspectionDate, lga, yearBuilt, postingStatus. No engineering/inspection data from open source.",Active,,,,,,,,,,,,,,,"OpenStreetMap (open data, ODbL)",https://www.openstreetmap.org/way/237747331,OSM:way/237747331,237747331,,"{""type"":""LineString"",""coordinates"":[[151.636417,-32.7934175],[151.6368237,-32.7934845]]}"
,,OSM-238508731,Mograni Creek,Culvert,,,NSW,Hunter,,-31.996351,151.995655,stream,Unknown (open data),,Culvert,,,,,,,,19,,,,,,,,,,,,,"OPEN DATA (OpenStreetMap, ODbL). DQ: INCOMPLETE - geometry & identity captured; owner/region/importance INFERRED (verify). Missing: condition, conditionRating, lastInspectionDate, lga, yearBuilt, postingStatus. No engineering/inspection data from open source.",Active,,,,,,,,,,,,,,,"OpenStreetMap (open data, ODbL)",https://www.openstreetmap.org/way/238508731,OSM:way/238508731,238508731,,"{""type"":""LineString"",""coordinates"":[[151.9956522,-31.9962674],[151.9956579,-31.9964351]]}"
,,OSM-238508734,Tugrabakh Creek,Culvert,,,NSW,Hunter,,-31.961132,151.997326,stream,Unknown (open data),,Culvert,,,,,,,,55,,,,,,,,,,,,,"OPEN DATA (OpenStreetMap, ODbL). DQ: INCOMPLETE - geometry & identity captured; owner/region/importance INFERRED (verify). Missing: condition, conditionRating, lastInspectionDate, lga, yearBuilt, postingStatus. No engineering/inspection data from open source.",Active,,,,,,,,,,,,,,,"OpenStreetMap (open data, ODbL)",https://www.openstreetmap.org/way/238508734,OSM:way/238508734,238508734,,"{""type"":""LineString"",""coordinates"":[[151.9973681,-31.9613762],[151.997284,-31.9608887]]}"
,,OSM-238508739,Tugrabakh Creek,Culvert,,,NSW,Hunter,,-31.963684,152.002221,stream,Unknown (open data),,Culvert,,,,,,,,28,,,,,,,,,,,,,"OPEN DATA (OpenStreetMap, ODbL). DQ: INCOMPLETE - geometry & identity captured; owner/region/importance INFERRED (verify). Missing: condition, conditionRating, lastInspectionDate, lga, yearBuilt, postingStatus. No engineering/inspection data from open source.",Active,,,,,,,,,,,,,,,"OpenStreetMap (open data, ODbL)",https://www.openstreetmap.org/way/238508739,OSM:way/238508739,238508739,,"{""type"":""LineString"",""coordinates"":[[152.002365,-31.9636588],[152.0020776,-31.9637093]]}"
,,OSM-240334050,Two Mile Creek,Culvert,,,NSW,Hunter,,-32.763047,151.59431,stream,Unknown (open data),,Culvert,,,,,,,,43,,,,,,,,,,,,,"OPEN DATA (OpenStreetMap, ODbL). DQ: INCOMPLETE - geometry & identity captured; owner/region/importance INFERRED (verify). Missing: condition, conditionRating, lastInspectionDate, lga, yearBuilt, postingStatus. No engineering/inspection data from open source.",Active,,,,,,,,,,,,,,,"OpenStreetMap (open data, ODbL)",https://www.openstreetmap.org/way/240334050,OSM:way/240334050,240334050,,"{""type"":""LineString"",""coordinates"":[[151.5941003,-32.7631277],[151.5945202,-32.7629658]]}"
,,OSM-240334052,Two Mile Creek,Culvert,,,NSW,Hunter,,-32.764678,151.590799,stream,Unknown (open data),,Culvert,,,,,,,,52,,,,,,,,,,,,,"OPEN DATA (OpenStreetMap, ODbL). DQ: INCOMPLETE - geometry & identity captured; owner/region/importance INFERRED (verify). Missing: condition, conditionRating, lastInspectionDate, lga, yearBuilt, postingStatus. No engineering/inspection data from open source.",Active,,,,,,,,,,,,,,,"OpenStreetMap (open data, ODbL)",https://www.openstreetmap.org/way/240334052,OSM:way/240334052,240334052,,"{""type"":""LineString"",""coordinates"":[[151.5905784,-32.7648199],[151.5910204,-32.7645363]]}"
,,OSM-240334053,Two Mile Creek,Culvert,,,NSW,Hunter,,-32.75918,151.599603,stream,Unknown (open data),,Culvert,,,,,,,,46,,,,,,,,,,,,,"OPEN DATA (OpenStreetMap, ODbL). DQ: INCOMPLETE - geometry & identity captured; owner/region/importance INFERRED (verify). Missing: condition, conditionRating, lastInspectionDate, lga, yearBuilt, postingStatus. No engineering/inspection data from open source.",Active,,,,,,,,,,,,,,,"OpenStreetMap (open data, ODbL)",https://www.openstreetmap.org/way/240334053,OSM:way/240334053,240334053,,"{""type"":""LineString"",""coordinates"":[[151.5994096,-32.7593072],[151.599797,-32.7590533]]}"
,,OSM-240334054,Two Mile Creek,Culvert,,,NSW,Hunter,,-32.753151,151.60238,stream,Unknown (open data),,Culvert,,,,,,,,25,,,,,,,,,,,,,"OPEN DATA (OpenStreetMap, ODbL). DQ: INCOMPLETE - geometry & identity captured; owner/region/importance INFERRED (verify). Missing: condition, conditionRating, lastInspectionDate, lga, yearBuilt, postingStatus. No engineering/inspection data from open source.",Active,,,,,,,,,,,,,,,"OpenStreetMap (open data, ODbL)",https://www.openstreetmap.org/way/240334054,OSM:way/240334054,240334054,,"{""type"":""LineString"",""coordinates"":[[151.6023056,-32.7532464],[151.6024537,-32.7530548]]}"
,,OSM-240334055,Two Mile Creek,Culvert,,,NSW,Hunter,,-32.761567,151.595914,stream,Unknown (open data),,Culvert,,,,,,,,178,,,,,,,,,,,,,"OPEN DATA (OpenStreetMap, ODbL). DQ: INCOMPLETE - geometry & identity captured; owner/region/importance INFERRED (verify). Missing: condition, conditionRating, lastInspectionDate, lga, yearBuilt, postingStatus. No engineering/inspection data from open source.",Active,,,,,,,,,,,,,,,"OpenStreetMap (open data, ODbL)",https://www.openstreetmap.org/way/240334055,OSM:way/240334055,240334055,,"{""type"":""LineString"",""coordinates"":[[151.5953465,-32.762068],[151.5956839,-32.7616662],[151.5967118,-32.7609671]]}"
,,OSM-241919689,Dead Bird Lead Creek,Culvert,,,NSW,Central West & Orana,,-32.916251,148.239823,stream,Unknown (open data),,Culvert,,,,,,,,14,,,,,,,,,,,,,"OPEN DATA (OpenStreetMap, ODbL). DQ: INCOMPLETE - geometry & identity captured; owner/region/importance INFERRED (verify). Missing: condition, conditionRating, lastInspectionDate, lga, yearBuilt, postingStatus. No engineering/inspection data from open source.",Active,,,,,,,,,,,,,,,"OpenStreetMap (open data, ODbL)",https://www.openstreetmap.org/way/241919689,OSM:way/241919689,241919689,,"{""type"":""LineString"",""coordinates"":[[148.2398966,-32.9162505],[148.2397492,-32.9162514]]}"
,,OSM-241919703,Gospers Creek,Culvert,,,NSW,Central West & Orana,,-32.949917,148.233451,stream,Unknown (open data),,Culvert,,,,,,,,22,,,,,,,,,,,,,"OPEN DATA (OpenStreetMap, ODbL). DQ: INCOMPLETE - geometry & identity captured; owner/region/importance INFERRED (verify). Missing: condition, conditionRating, lastInspectionDate, lga, yearBuilt, postingStatus. No engineering/inspection data from open source.",Active,,,,,,,,,,,,,,,"OpenStreetMap (open data, ODbL)",https://www.openstreetmap.org/way/241919703,OSM:way/241919703,241919703,,"{""type"":""LineString"",""coordinates"":[[148.2335662,-32.9499429],[148.2333356,-32.9498917]]}"
,,OSM-243247050,Wyoming Creek,Culvert,,,NSW,Central Coast,,-33.403351,151.350194,stream,Unknown (open data),,Culvert,,,,,,,,34,,,,,,,,,,,,,"OPEN DATA (OpenStreetMap, ODbL). DQ: INCOMPLETE - geometry & identity captured; owner/region/importance INFERRED (verify). Missing: condition, conditionRating, lastInspectionDate, lga, yearBuilt, postingStatus. No engineering/inspection data from open source.",Active,,,,,,,,,,,,,,,"OpenStreetMap (open data, ODbL)",https://www.openstreetmap.org/way/243247050,OSM:way/243247050,243247050,,"{""type"":""LineString"",""coordinates"":[[151.3503786,-33.4033606],[151.3500085,-33.4033419]]}"
,,OSM-243247062,Bradys Gully,Culvert,,,NSW,Central Coast,,-33.40985,151.348328,stream,Unknown (open data),,Culvert,,,,,,,,26,,,,,,,,,,,,,"OPEN DATA (OpenStreetMap, ODbL). DQ: INCOMPLETE - geometry & identity captured; owner/region/importance INFERRED (verify). Missing: condition, conditionRating, lastInspectionDate, lga, yearBuilt, postingStatus. No engineering/inspection data from open source.",Active,,,,,,,,,,,,,,,"OpenStreetMap (open data, ODbL)",https://www.openstreetmap.org/way/243247062,OSM:way/243247062,243247062,,"{""type"":""LineString"",""coordinates"":[[151.3483376,-33.4099656],[151.3483189,-33.4097349]]}"
,,OSM-243247303,Bradys Gully,Culvert,,,NSW,Central Coast,,-33.409318,151.348059,stream,Unknown (open data),,Culvert,,,,,,,,13,,,,,,,,,,,,,"OPEN DATA (OpenStreetMap, ODbL). DQ: INCOMPLETE - geometry & identity captured; owner/region/importance INFERRED (verify). Missing: condition, conditionRating, lastInspectionDate, lga, yearBuilt, postingStatus. No engineering/inspection data from open source.",Active,,,,,,,,,,,,,,,"OpenStreetMap (open data, ODbL)",https://www.openstreetmap.org/way/243247303,OSM:way/243247303,243247303,,"{""type"":""LineString"",""coordinates"":[[151.3481191,-33.4093468],[151.3479986,-33.4092889]]}"
,,OSM-243284102,Fern Creek,Culvert,,,NSW,Sydney Metropolitan,,-33.686804,151.289664,stream,Unknown (open data),,Culvert,,,,,,,,17,,,,,,,,,,,,,"OPEN DATA (OpenStreetMap, ODbL). DQ: INCOMPLETE - geometry & identity captured; owner/region/importance INFERRED (verify). Missing: condition, conditionRating, lastInspectionDate, lga, yearBuilt, postingStatus. No engineering/inspection data from open source.",Active,,,,,,,,,,,,,,,"OpenStreetMap (open data, ODbL)",https://www.openstreetmap.org/way/243284102,OSM:way/243284102,243284102,,"{""type"":""LineString"",""coordinates"":[[151.2895901,-33.6867583],[151.2897369,-33.6868497]]}"
,,OSM-243531883,Scotch Dairy Creek,Culvert,,,NSW,Hunter,,-32.793396,151.638871,stream,Unknown (open data),,Culvert,,,,,,,,27,,,,,,,,,,,,,"OPEN DATA (OpenStreetMap, ODbL). DQ: INCOMPLETE - geometry & identity captured; owner/region/importance INFERRED (verify). Missing: condition, conditionRating, lastInspectionDate, lga, yearBuilt, postingStatus. No engineering/inspection data from open source.",Active,,,,,,,,,,,,,,,"OpenStreetMap (open data, ODbL)",https://www.openstreetmap.org/way/243531883,OSM:way/243531883,243531883,,"{""type"":""LineString"",""coordinates"":[[151.6387338,-32.7934275],[151.6390086,-32.7933645]]}"
,,OSM-249335735,Tree Fern Gully,Culvert,,,NSW,Sydney Metropolitan,,-33.704169,151.179627,stream,Unknown (open data),,Culvert,,,,,,,,9,,,,,,,,,,,,,"OPEN DATA (OpenStreetMap, ODbL). DQ: INCOMPLETE - geometry & identity captured; owner/region/importance INFERRED (verify). Missing: condition, conditionRating, lastInspectionDate, lga, yearBuilt, postingStatus. No engineering/inspection data from open source.",Active,,,,,,,,,,,,,,,"OpenStreetMap (open data, ODbL)",https://www.openstreetmap.org/way/249335735,OSM:way/249335735,249335735,,"{""type"":""LineString"",""coordinates"":[[151.1796299,-33.7042095],[151.179624,-33.7041292]]}"
,,OSM-251111359,Maxwells Creek,Culvert,,,NSW,Sydney Metropolitan,,-33.954919,150.87731,stream,Unknown (open data),,Culvert,,,,,,,,217,,,,,,,,,,,,,"OPEN DATA (OpenStreetMap, ODbL). DQ: INCOMPLETE - geometry & identity captured; owner/region/importance INFERRED (verify). Missing: condition, conditionRating, lastInspectionDate, lga, yearBuilt, postingStatus. No engineering/inspection data from open source.",Active,,,,,,,,,,,,,,,"OpenStreetMap (open data, ODbL)",https://www.openstreetmap.org/way/251111359,OSM:way/251111359,251111359,,"{""type"":""LineString"",""coordinates"":[[150.8778285,-33.955793],[150.876792,-33.9540446]]}"
,,OSM-251751221,Daisy Bed Gully,Culvert,,,NSW,Regional NSW,,-34.948272,148.170102,stream,Unknown (open data),,Culvert,,,,,,,,53,,,,,,,,,,,,,"OPEN DATA (OpenStreetMap, ODbL). DQ: INCOMPLETE - geometry & identity captured; owner/region/importance INFERRED (verify). Missing: condition, conditionRating, lastInspectionDate, lga, yearBuilt, postingStatus. No engineering/inspection data from open source.",Active,,,,,,,,,,,,,,,"OpenStreetMap (open data, ODbL)",https://www.openstreetmap.org/way/251751221,OSM:way/251751221,251751221,,"{""type"":""LineString"",""coordinates"":[[148.170281,-34.948459],[148.1699229,-34.9480855]]}"
,,OSM-251751224,Dellateroy Creek,Culvert,,,NSW,Riverina,,-35.238387,147.771173,stream,Unknown (open data),,Culvert,,,,,,,,77,,,,,,,,,,,,,"OPEN DATA (OpenStreetMap, ODbL). DQ: INCOMPLETE - geometry & identity captured; owner/region/importance INFERRED (verify). Missing: condition, conditionRating, lastInspectionDate, lga, yearBuilt, postingStatus. No engineering/inspection data from open source.",Active,,,,,,,,,,,,,,,"OpenStreetMap (open data, ODbL)",https://www.openstreetmap.org/way/251751224,OSM:way/251751224,251751224,,"{""type"":""LineString"",""coordinates"":[[147.7715286,-35.2385766],[147.7708181,-35.238197]]}"
,,OSM-251751282,Five Mile Creek,Culvert,,,NSW,South East & Tablelands,,-34.799628,148.535597,stream,Unknown (open data),,Culvert,,,,,,,,56,,,,,,,,,,,,,"OPEN DATA (OpenStreetMap, ODbL). DQ: INCOMPLETE - geometry & identity captured; owner/region/importance INFERRED (verify). Missing: condition, conditionRating, lastInspectionDate, lga, yearBuilt, postingStatus. No engineering/inspection data from open source.",Active,,,,,,,,,,,,,,,"OpenStreetMap (open data, ODbL)",https://www.openstreetmap.org/way/251751282,OSM:way/251751282,251751282,,"{""type"":""LineString"",""coordinates"":[[148.5355568,-34.7998765],[148.5356373,-34.7993787]]}"
,,OSM-251751285,Four Mile Creek,Culvert,,,NSW,Riverina,,-35.837215,147.209252,stream,Unknown (open data),,Culvert,,,,,,,,57,,,,,,,,,,,,,"OPEN DATA (OpenStreetMap, ODbL). DQ: INCOMPLETE - geometry & identity captured; owner/region/importance INFERRED (verify). Missing: condition, conditionRating, lastInspectionDate, lga, yearBuilt, postingStatus. No engineering/inspection data from open source.",Active,,,,,,,,,,,,,,,"OpenStreetMap (open data, ODbL)",https://www.openstreetmap.org/way/251751285,OSM:way/251751285,251751285,,"{""type"":""LineString"",""coordinates"":[[147.2093521,-35.837459],[147.2091514,-35.836971]]}"
,,OSM-252426835,School Creek,Culvert,,,NSW,Central West & Orana,,-33.606945,149.148679,stream,Unknown (open data),,Culvert,,,,,,,,94,,,,,,,,,,,,,"OPEN DATA (OpenStreetMap, ODbL). DQ: INCOMPLETE - geometry & identity captured; owner/region/importance INFERRED (verify). Missing: condition, conditionRating, lastInspectionDate, lga, yearBuilt, postingStatus. No engineering/inspection data from open source.",Active,,,,,,,,,,,,,,,"OpenStreetMap (open data, ODbL)",https://www.openstreetmap.org/way/252426835,OSM:way/252426835,252426835,,"{""type"":""LineString"",""coordinates"":[[149.1490917,-33.6067032],[149.1482655,-33.6071878]]}"
,,OSM-252426849,Mooney Mooney Creek,Culvert,,,NSW,Regional NSW,,-34.900131,148.160917,stream,Unknown (open data),,Culvert,,,,,,,,14,,,,,,,,,,,,,"OPEN DATA (OpenStreetMap, ODbL). DQ: INCOMPLETE - geometry & identity captured; owner/region/importance INFERRED (verify). Missing: condition, conditionRating, lastInspectionDate, lga, yearBuilt, postingStatus. No engineering/inspection data from open source.",Active,,,,,,,,,,,,,,,"OpenStreetMap (open data, ODbL)",https://www.openstreetmap.org/way/252426849,OSM:way/252426849,252426849,,"{""type"":""LineString"",""coordinates"":[[148.1609349,-34.9000693],[148.1608994,-34.9001926]]}"
,,OSM-252426861,Stony Creek,Culvert,,,NSW,Regional NSW,,-34.842974,148.124894,stream,Unknown (open data),,Culvert,,,,,,,,21,,,,,,,,,,,,,"OPEN DATA (OpenStreetMap, ODbL). DQ: INCOMPLETE - geometry & identity captured; owner/region/importance INFERRED (verify). Missing: condition, conditionRating, lastInspectionDate, lga, yearBuilt, postingStatus. No engineering/inspection data from open source.",Active,,,,,,,,,,,,,,,"OpenStreetMap (open data, ODbL)",https://www.openstreetmap.org/way/252426861,OSM:way/252426861,252426861,,"{""type"":""LineString"",""coordinates"":[[148.1249741,-34.8429096],[148.1248131,-34.843039]]}"
,,OSM-254440067,Mardi Creek,Culvert,,,NSW,Central Coast,,-33.306595,151.420051,stream,Unknown (open data),,Culvert,,,,,,,,31,,,,,,,,,,,,,"OPEN DATA (OpenStreetMap, ODbL). DQ: INCOMPLETE - geometry & identity captured; owner/region/importance INFERRED (verify). Missing: condition, conditionRating, lastInspectionDate, lga, yearBuilt, postingStatus. No engineering/inspection data from open source.",Active,,,,,,,,,,,,,,,"OpenStreetMap (open data, ODbL)",https://www.openstreetmap.org/way/254440067,OSM:way/254440067,254440067,,"{""type"":""LineString"",""coordinates"":[[151.4198886,-33.306636],[151.4202127,-33.3065535]]}"
,,OSM-254796521,Ironbark Creek,Culvert,,,NSW,Hunter,,-32.903673,151.668367,drain,Unknown (open data),,Culvert,,,,,,,,28,,,,,,,,,,,,,"OPEN DATA (OpenStreetMap, ODbL). DQ: INCOMPLETE - geometry & identity captured; owner/region/importance INFERRED (verify). Missing: condition, conditionRating, lastInspectionDate, lga, yearBuilt, postingStatus. No engineering/inspection data from open source.",Active,,,,,,,,,,,,,,,"OpenStreetMap (open data, ODbL)",https://www.openstreetmap.org/way/254796521,OSM:way/254796521,254796521,,"{""type"":""LineString"",""coordinates"":[[151.66836,-32.9037992],[151.6683736,-32.9035477]]}"
,,OSM-254796533,Waterdragon Creek,Culvert,,,NSW,Hunter,,-32.9422,151.698638,drain,Unknown (open data),,Culvert,,,,,,,,11,,,,,,,,,,,,,"OPEN DATA (OpenStreetMap, ODbL). DQ: INCOMPLETE - geometry & identity captured; owner/region/importance INFERRED (verify). Missing: condition, conditionRating, lastInspectionDate, lga, yearBuilt, postingStatus. No engineering/inspection data from open source.",Active,,,,,,,,,,,,,,,"OpenStreetMap (open data, ODbL)",https://www.openstreetmap.org/way/254796533,OSM:way/254796533,254796533,,"{""type"":""LineString"",""coordinates"":[[151.6985808,-32.942196],[151.6986948,-32.942205]]}"
,,OSM-254796536,Waterdragon Creek,Culvert,,,NSW,Hunter,,-32.94158,151.701519,drain,Unknown (open data),,Culvert,,,,,,,,16,,,,,,,,,,,,,"OPEN DATA (OpenStreetMap, ODbL). DQ: INCOMPLETE - geometry & identity captured; owner/region/importance INFERRED (verify). Missing: condition, conditionRating, lastInspectionDate, lga, yearBuilt, postingStatus. No engineering/inspection data from open source.",Active,,,,,,,,,,,,,,,"OpenStreetMap (open data, ODbL)",https://www.openstreetmap.org/way/254796536,OSM:way/254796536,254796536,,"{""type"":""LineString"",""coordinates"":[[151.7014336,-32.9415682],[151.7016036,-32.9415908]]}"
,,OSM-254796537,Waterdragon Creek,Culvert,,,NSW,Hunter,,-32.941825,151.70572,drain,Unknown (open data),,Culvert,,,,,,,,98,,,,,,,,,,,,,"OPEN DATA (OpenStreetMap, ODbL). DQ: INCOMPLETE - geometry & identity captured; owner/region/importance INFERRED (verify). Missing: condition, conditionRating, lastInspectionDate, lga, yearBuilt, postingStatus. No engineering/inspection data from open source.",Active,,,,,,,,,,,,,,,"OpenStreetMap (open data, ODbL)",https://www.openstreetmap.org/way/254796537,OSM:way/254796537,254796537,,"{""type"":""LineString"",""coordinates"":[[151.7051942,-32.9418512],[151.7062462,-32.9417979]]}"
,,OSM-255164768,Winding Creek,Culvert,,,NSW,Hunter,,-32.958318,151.672327,stream,Unknown (open data),,Culvert,,,,,,,,26,,,,,,,,,,,,,"OPEN DATA (OpenStreetMap, ODbL). DQ: INCOMPLETE - geometry & identity captured; owner/region/importance INFERRED (verify). Missing: condition, conditionRating, lastInspectionDate, lga, yearBuilt, postingStatus. No engineering/inspection data from open source.",Active,,,,,,,,,,,,,,,"OpenStreetMap (open data, ODbL)",https://www.openstreetmap.org/way/255164768,OSM:way/255164768,255164768,,"{""type"":""LineString"",""coordinates"":[[151.6723188,-32.9584367],[151.6723354,-32.9582002]]}"
,,OSM-255379349,Devlins Creek,Culvert,,,NSW,Sydney Metropolitan,,-33.758524,151.06546,stream,Unknown (open data),,Culvert,,,,,,,,102,,,,,,,,,,,,,"OPEN DATA (OpenStreetMap, ODbL). DQ: INCOMPLETE - geometry & identity captured; owner/region/importance INFERRED (verify). Missing: condition, conditionRating, lastInspectionDate, lga, yearBuilt, postingStatus. No engineering/inspection data from open source.",Active,,,,,,,,,,,,,,,"OpenStreetMap (open data, ODbL)",https://www.openstreetmap.org/way/255379349,OSM:way/255379349,255379349,,"{""type"":""LineString"",""coordinates"":[[151.0652596,-33.7580978],[151.0656603,-33.7589511]]}"
,,OSM-255379350,Devlins Creek,Culvert,,,NSW,Sydney Metropolitan,,-33.761585,151.070294,stream,Unknown (open data),,Culvert,,,,,,,,63,,,,,,,,,,,,,"OPEN DATA (OpenStreetMap, ODbL). DQ: INCOMPLETE - geometry & identity captured; owner/region/importance INFERRED (verify). Missing: condition, conditionRating, lastInspectionDate, lga, yearBuilt, postingStatus. No engineering/inspection data from open source.",Active,,,,,,,,,,,,,,,"OpenStreetMap (open data, ODbL)",https://www.openstreetmap.org/way/255379350,OSM:way/255379350,255379350,,"{""type"":""LineString"",""coordinates"":[[151.0699833,-33.7617057],[151.0706046,-33.7614651]]}"
,,OSM-255379352,Devlins Creek,Culvert,,,NSW,Sydney Metropolitan,,-33.762903,151.078741,stream,Unknown (open data),,Culvert,,,,,,,,59,,,,,,,,,,,,,"OPEN DATA (OpenStreetMap, ODbL). DQ: INCOMPLETE - geometry & identity captured; owner/region/importance INFERRED (verify). Missing: condition, conditionRating, lastInspectionDate, lga, yearBuilt, postingStatus. No engineering/inspection data from open source.",Active,,,,,,,,,,,,,,,"OpenStreetMap (open data, ODbL)",https://www.openstreetmap.org/way/255379352,OSM:way/255379352,255379352,,"{""type"":""LineString"",""coordinates"":[[151.078619,-33.7626595],[151.0788621,-33.7631461]]}"
,,OSM-255379822,South Branch Cowan Creek,Culvert,,,NSW,Sydney Metropolitan,,-33.737649,151.139934,stream,Unknown (open data),,Culvert,,,,,,,,779,,,,,,,,,,,,,"OPEN DATA (OpenStreetMap, ODbL). DQ: INCOMPLETE - geometry & identity captured; owner/region/importance INFERRED (verify). Missing: condition, conditionRating, lastInspectionDate, lga, yearBuilt, postingStatus. No engineering/inspection data from open source.",Active,,,,,,,,,,,,,,,"OpenStreetMap (open data, ODbL)",https://www.openstreetmap.org/way/255379822,OSM:way/255379822,255379822,,"{""type"":""LineString"",""coordinates"":[[151.1378162,-33.7406747],[151.1420517,-33.7346238]]}"
,,OSM-255379857,Waitara Creek,Culvert,,,NSW,Sydney Metropolitan,,-33.715406,151.09935,stream,Unknown (open data),,Culvert,,,,,,,,9,,,,,,,,,,,,,"OPEN DATA (OpenStreetMap, ODbL). DQ: INCOMPLETE - geometry & identity captured; owner/region/importance INFERRED (verify). Missing: condition, conditionRating, lastInspectionDate, lga, yearBuilt, postingStatus. No engineering/inspection data from open source.",Active,,,,,,,,,,,,,,,"OpenStreetMap (open data, ODbL)",https://www.openstreetmap.org/way/255379857,OSM:way/255379857,255379857,,"{""type"":""LineString"",""coordinates"":[[151.0994,-33.7154057],[151.099299,-33.7154066]]}"
,,OSM-255381300,Blackbutt Creek,Culvert,,,NSW,Sydney Metropolitan,,-33.757027,151.140231,stream,Unknown (open data),,Culvert,,,,,,,,18,,,,,,,,,,,,,"OPEN DATA (OpenStreetMap, ODbL). DQ: INCOMPLETE - geometry & identity captured; owner/region/importance INFERRED (verify). Missing: condition, conditionRating, lastInspectionDate, lga, yearBuilt, postingStatus. No engineering/inspection data from open source.",Active,,,,,,,,,,,,,,,"OpenStreetMap (open data, ODbL)",https://www.openstreetmap.org/way/255381300,OSM:way/255381300,255381300,,"{""type"":""LineString"",""coordinates"":[[151.1402253,-33.7569451],[151.1402377,-33.7571089]]}"
,,OSM-255627057,Shepherds Creek,Culvert,,,NSW,Hunter,,-33.006479,151.659031,stream,Unknown (open data),,Culvert,,,,,,,,32,,,,,,,,,,,,,"OPEN DATA (OpenStreetMap, ODbL). DQ: INCOMPLETE - geometry & identity captured; owner/region/importance INFERRED (verify). Missing: condition, conditionRating, lastInspectionDate, lga, yearBuilt, postingStatus. No engineering/inspection data from open source.",Active,,,,,,,,,,,,,,,"OpenStreetMap (open data, ODbL)",https://www.openstreetmap.org/way/255627057,OSM:way/255627057,255627057,,"{""type"":""LineString"",""coordinates"":[[151.6591763,-33.0064052],[151.6588861,-33.0065531]]}"
,,OSM-256012618,Quondong Gully,Culvert,,,NSW,Central Coast,,-33.336601,151.435956,drain,Unknown (open data),,Culvert,,,,,,,,35,,,,,,,,,,,,,"OPEN DATA (OpenStreetMap, ODbL). DQ: INCOMPLETE - geometry & identity captured; owner/region/importance INFERRED (verify). Missing: condition, conditionRating, lastInspectionDate, lga, yearBuilt, postingStatus. No engineering/inspection data from open source.",Active,,,,,,,,,,,,,,,"OpenStreetMap (open data, ODbL)",https://www.openstreetmap.org/way/256012618,OSM:way/256012618,256012618,,"{""type"":""LineString"",""coordinates"":[[151.4357916,-33.336675],[151.436121,-33.3365272]]}"
,,OSM-256012623,Quondong Gully,Culvert,,,NSW,Central Coast,,-33.337296,151.434717,drain,Unknown (open data),,Culvert,,,,,,,,20,,,,,,,,,,,,,"OPEN DATA (OpenStreetMap, ODbL). DQ: INCOMPLETE - geometry & identity captured; owner/region/importance INFERRED (verify). Missing: condition, conditionRating, lastInspectionDate, lga, yearBuilt, postingStatus. No engineering/inspection data from open source.",Active,,,,,,,,,,,,,,,"OpenStreetMap (open data, ODbL)",https://www.openstreetmap.org/way/256012623,OSM:way/256012623,256012623,,"{""type"":""LineString"",""coordinates"":[[151.4346988,-33.3373864],[151.4347349,-33.3372057]]}"
,,OSM-256012624,Quondong Gully,Culvert,,,NSW,Central Coast,,-33.335774,151.438189,drain,Unknown (open data),,Culvert,,,,,,,,22,,,,,,,,,,,,,"OPEN DATA (OpenStreetMap, ODbL). DQ: INCOMPLETE - geometry & identity captured; owner/region/importance INFERRED (verify). Missing: condition, conditionRating, lastInspectionDate, lga, yearBuilt, postingStatus. No engineering/inspection data from open source.",Active,,,,,,,,,,,,,,,"OpenStreetMap (open data, ODbL)",https://www.openstreetmap.org/way/256012624,OSM:way/256012624,256012624,,"{""type"":""LineString"",""coordinates"":[[151.4380729,-33.3357712],[151.4383055,-33.335776]]}"
,,OSM-259489910,Mudies Creek,Culvert,,,NSW,Hunter,,-32.639377,151.208341,stream,Unknown (open data),,Culvert,,,,,,,,45,,,,,,,,,,,,,"OPEN DATA (OpenStreetMap, ODbL). DQ: INCOMPLETE - geometry & identity captured; owner/region/importance INFERRED (verify). Missing: condition, conditionRating, lastInspectionDate, lga, yearBuilt, postingStatus. No engineering/inspection data from open source.",Active,,,,,,,,,,,,,,,"OpenStreetMap (open data, ODbL)",https://www.openstreetmap.org/way/259489910,OSM:way/259489910,259489910,,"{""type"":""LineString"",""coordinates"":[[151.2082872,-32.6395723],[151.2083956,-32.6391822]]}"
,,OSM-263295253,Two Mile Creek,Culvert,,,NSW,Hunter,,-32.768034,151.586656,stream,Unknown (open data),,Culvert,,,,,,,,31,,,,,,,,,,,,,"OPEN DATA (OpenStreetMap, ODbL). DQ: INCOMPLETE - geometry & identity captured; owner/region/importance INFERRED (verify). Missing: condition, conditionRating, lastInspectionDate, lga, yearBuilt, postingStatus. No engineering/inspection data from open source.",Active,,,,,,,,,,,,,,,"OpenStreetMap (open data, ODbL)",https://www.openstreetmap.org/way/263295253,OSM:way/263295253,263295253,,"{""type"":""LineString"",""coordinates"":[[151.5865162,-32.7681075],[151.5867957,-32.7679603]]}"
,,OSM-264288424,Black Bobs Creek,Culvert,,,NSW,South East & Tablelands,,-34.586258,150.270102,stream,Unknown (open data),,Culvert,,,,,,,,22,,,,,,,,,,,,,"OPEN DATA (OpenStreetMap, ODbL). DQ: INCOMPLETE - geometry & identity captured; owner/region/importance INFERRED (verify). Missing: condition, conditionRating, lastInspectionDate, lga, yearBuilt, postingStatus. No engineering/inspection data from open source.",Active,,,,,,,,,,,,,,,"OpenStreetMap (open data, ODbL)",https://www.openstreetmap.org/way/264288424,OSM:way/264288424,264288424,,"{""type"":""LineString"",""coordinates"":[[150.2701217,-34.5863574],[150.270083,-34.5861587]]}"
,,OSM-271447408,Leura Falls Creek,Culvert,,,NSW,Regional NSW,,-33.713584,150.325903,stream,Unknown (open data),,Culvert,,,,,,,,28,,,,,,,,,,,,,"OPEN DATA (OpenStreetMap, ODbL). DQ: INCOMPLETE - geometry & identity captured; owner/region/importance INFERRED (verify). Missing: condition, conditionRating, lastInspectionDate, lga, yearBuilt, postingStatus. No engineering/inspection data from open source.",Active,,,,,,,,,,,,,,,"OpenStreetMap (open data, ODbL)",https://www.openstreetmap.org/way/271447408,OSM:way/271447408,271447408,,"{""type"":""LineString"",""coordinates"":[[150.3259255,-33.7134606],[150.3258806,-33.7137072]]}"
,,OSM-282615675,Jimaringle Branch Canal,Culvert,,,NSW,Riverina,,-35.378868,144.270585,canal,Unknown (open data),,Culvert,,,,,,,,16,,,,,,,,,,,,,"OPEN DATA (OpenStreetMap, ODbL). DQ: INCOMPLETE - geometry & identity captured; owner/region/importance INFERRED (verify). Missing: condition, conditionRating, lastInspectionDate, lga, yearBuilt, postingStatus. No engineering/inspection data from open source.",Active,,,,,,,,,,,,,,,"OpenStreetMap (open data, ODbL)",https://www.openstreetmap.org/way/282615675,OSM:way/282615675,282615675,,"{""type"":""LineString"",""coordinates"":[[144.2706677,-35.3788918],[144.2705028,-35.3788448]]}"
,,OSM-286258153,Rifle Range Creek,Culvert,,,NSW,Central West & Orana,,-33.293682,149.093286,stream,Unknown (open data),,Culvert,,,,,,,,11,1,,,,,,,,,,,,"OPEN DATA (OpenStreetMap, ODbL). DQ: INCOMPLETE - geometry & identity captured; owner/region/importance INFERRED (verify). Missing: condition, conditionRating, lastInspectionDate, lga, yearBuilt, postingStatus. No engineering/inspection data from open source.",Active,,,,,,,,,,,,,,,"OpenStreetMap (open data, ODbL)",https://www.openstreetmap.org/way/286258153,OSM:way/286258153,286258153,,"{""type"":""LineString"",""coordinates"":[[149.0932562,-33.2937241],[149.0933165,-33.293639]]}"
,,OSM-291605098,Redbank Creek,Culvert,,,NSW,Central West & Orana,,-32.614457,149.585048,stream,Unknown (open data),,Culvert,,,,,,,,24,,,,,,,,,,,,,"OPEN DATA (OpenStreetMap, ODbL). DQ: INCOMPLETE - geometry & identity captured; owner/region/importance INFERRED (verify). Missing: condition, conditionRating, lastInspectionDate, lga, yearBuilt, postingStatus. No engineering/inspection data from open source.",Active,,,,,,,,,,,,,,,"OpenStreetMap (open data, ODbL)",https://www.openstreetmap.org/way/291605098,OSM:way/291605098,291605098,,"{""type"":""LineString"",""coordinates"":[[149.5849647,-32.6145382],[149.585132,-32.6143767]]}"
,,OSM-291605099,Redbank Creek,Culvert,,,NSW,Central West & Orana,,-32.618375,149.580881,stream,Unknown (open data),,Culvert,,,,,,,,17,,,,,,,,,,,,,"OPEN DATA (OpenStreetMap, ODbL). DQ: INCOMPLETE - geometry & identity captured; owner/region/importance INFERRED (verify). Missing: condition, conditionRating, lastInspectionDate, lga, yearBuilt, postingStatus. No engineering/inspection data from open source.",Active,,,,,,,,,,,,,,,"OpenStreetMap (open data, ODbL)",https://www.openstreetmap.org/way/291605099,OSM:way/291605099,291605099,,"{""type"":""LineString"",""coordinates"":[[149.5807909,-32.6183866],[149.5809701,-32.6183641]]}"
,,OSM-293664517,Mullet Creek,Culvert,,,NSW,Sydney Metropolitan,,-33.693648,151.288585,stream,Unknown (open data),,Culvert,,,,,,,,17,,,,,,,,,,,,,"OPEN DATA (OpenStreetMap, ODbL). DQ: INCOMPLETE - geometry & identity captured; owner/region/importance INFERRED (verify). Missing: condition, conditionRating, lastInspectionDate, lga, yearBuilt, postingStatus. No engineering/inspection data from open source.",Active,,,,,,,,,,,,,,,"OpenStreetMap (open data, ODbL)",https://www.openstreetmap.org/way/293664517,OSM:way/293664517,293664517,,"{""type"":""LineString"",""coordinates"":[[151.2884956,-33.6936633],[151.2886744,-33.6936332]]}"
,,OSM-295497001,Tabrabucca Creek,Culvert,,,NSW,Central West & Orana,,-32.875811,149.806713,stream,Unknown (open data),,Culvert,,,,,,,,26,,,,,,,,,,,,,"OPEN DATA (OpenStreetMap, ODbL). DQ: INCOMPLETE - geometry & identity captured; owner/region/importance INFERRED (verify). Missing: condition, conditionRating, lastInspectionDate, lga, yearBuilt, postingStatus. No engineering/inspection data from open source.",Active,,,,,,,,,,,,,,,"OpenStreetMap (open data, ODbL)",https://www.openstreetmap.org/way/295497001,OSM:way/295497001,295497001,,"{""type"":""LineString"",""coordinates"":[[149.806744,-32.875699],[149.8066817,-32.875923]]}"
,,OSM-295657870,Bounty Creek,Culvert,,,NSW,Regional NSW,,-31.756464,150.016933,stream,Unknown (open data),,Culvert,,,,,,,,11,,,,,,,,,,,,,"OPEN DATA (OpenStreetMap, ODbL). DQ: INCOMPLETE - geometry & identity captured; owner/region/importance INFERRED (verify). Missing: condition, conditionRating, lastInspectionDate, lga, yearBuilt, postingStatus. No engineering/inspection data from open source.",Active,,,,,,,,,,,,,,,"OpenStreetMap (open data, ODbL)",https://www.openstreetmap.org/way/295657870,OSM:way/295657870,295657870,,"{""type"":""LineString"",""coordinates"":[[150.0169845,-31.7564797],[150.016941,-31.7564665],[150.0168723,-31.7564457]]}"
,,OSM-295657902,Coolaburragundy River,Culvert,,,NSW,Regional NSW,,-31.784998,149.777237,river,Unknown (open data),,Culvert,,,,,,,,5,,,,,,,,,,,,,"OPEN DATA (OpenStreetMap, ODbL). DQ: INCOMPLETE - geometry & identity captured; owner/region/importance INFERRED (verify). Missing: condition, conditionRating, lastInspectionDate, lga, yearBuilt, postingStatus. No engineering/inspection data from open source.",Active,,,,,,,,,,,,,,,"OpenStreetMap (open data, ODbL)",https://www.openstreetmap.org/way/295657902,OSM:way/295657902,295657902,,"{""type"":""LineString"",""coordinates"":[[149.7772574,-31.7849799],[149.7772167,-31.7850152]]}"
,,OSM-295657921,Coxs Creek,Culvert,,,NSW,Regional NSW,,-31.73182,150.014927,stream,Unknown (open data),,Culvert,,,,,,,,11,,,,,,,,,,,,,"OPEN DATA (OpenStreetMap, ODbL). DQ: INCOMPLETE - geometry & identity captured; owner/region/importance INFERRED (verify). Missing: condition, conditionRating, lastInspectionDate, lga, yearBuilt, postingStatus. No engineering/inspection data from open source.",Active,,,,,,,,,,,,,,,"OpenStreetMap (open data, ODbL)",https://www.openstreetmap.org/way/295657921,OSM:way/295657921,295657921,,"{""type"":""LineString"",""coordinates"":[[150.014984,-31.7318097],[150.0148708,-31.7318295]]}"
,,OSM-295657948,Park Gully,Culvert,,,NSW,Central West & Orana,,-31.82835,149.705391,stream,Unknown (open data),,Culvert,,,,,,,,18,,,,,,,,,,,,,"OPEN DATA (OpenStreetMap, ODbL). DQ: INCOMPLETE - geometry & identity captured; owner/region/importance INFERRED (verify). Missing: condition, conditionRating, lastInspectionDate, lga, yearBuilt, postingStatus. No engineering/inspection data from open source.",Active,,,,,,,,,,,,,,,"OpenStreetMap (open data, ODbL)",https://www.openstreetmap.org/way/295657948,OSM:way/295657948,295657948,,"{""type"":""LineString"",""coordinates"":[[149.7053696,-31.8282711],[149.705412,-31.8284281]]}"
,,OSM-295982731,Sawpit Creek,Culvert,,,NSW,Regional NSW,,-31.691027,149.081916,stream,Unknown (open data),,Culvert,,,,,,,,13,,,,,,,,,,,,,"OPEN DATA (OpenStreetMap, ODbL). DQ: INCOMPLETE - geometry & identity captured; owner/region/importance INFERRED (verify). Missing: condition, conditionRating, lastInspectionDate, lga, yearBuilt, postingStatus. No engineering/inspection data from open source.",Active,,,,,,,,,,,,,,,"OpenStreetMap (open data, ODbL)",https://www.openstreetmap.org/way/295982731,OSM:way/295982731,295982731,,"{""type"":""LineString"",""coordinates"":[[149.0819758,-31.6910023],[149.0818564,-31.6910526]]}"
,,OSM-295982739,Terrabile Creek,Culvert,,,NSW,Regional NSW,,-31.457794,148.914134,stream,Unknown (open data),,Culvert,,,,,,,,10,,,,,,,,,,,,,"OPEN DATA (OpenStreetMap, ODbL). DQ: INCOMPLETE - geometry & identity captured; owner/region/importance INFERRED (verify). Missing: condition, conditionRating, lastInspectionDate, lga, yearBuilt, postingStatus. No engineering/inspection data from open source.",Active,,,,,,,,,,,,,,,"OpenStreetMap (open data, ODbL)",https://www.openstreetmap.org/way/295982739,OSM:way/295982739,295982739,,"{""type"":""LineString"",""coordinates"":[[148.9141806,-31.4577714],[148.9140871,-31.457816]]}"
,,OSM-295982929,Rocky Waterhole Creek,Culvert,,,NSW,Regional NSW,,-31.417835,148.888116,stream,Unknown (open data),,Culvert,,,,,,,,10,,,,,,,,,,,,,"OPEN DATA (OpenStreetMap, ODbL). DQ: INCOMPLETE - geometry & identity captured; owner/region/importance INFERRED (verify). Missing: condition, conditionRating, lastInspectionDate, lga, yearBuilt, postingStatus. No engineering/inspection data from open source.",Active,,,,,,,,,,,,,,,"OpenStreetMap (open data, ODbL)",https://www.openstreetmap.org/way/295982929,OSM:way/295982929,295982929,,"{""type"":""LineString"",""coordinates"":[[148.8881532,-31.4177995],[148.8880797,-31.4178699]]}"
,,OSM-295982934,Spring Creek,Culvert,,,NSW,Regional NSW,,-31.423753,148.895133,stream,Unknown (open data),,Culvert,,,,,,,,16,,,,,,,,,,,,,"OPEN DATA (OpenStreetMap, ODbL). DQ: INCOMPLETE - geometry & identity captured; owner/region/importance INFERRED (verify). Missing: condition, conditionRating, lastInspectionDate, lga, yearBuilt, postingStatus. No engineering/inspection data from open source.",Active,,,,,,,,,,,,,,,"OpenStreetMap (open data, ODbL)",https://www.openstreetmap.org/way/295982934,OSM:way/295982934,295982934,,"{""type"":""LineString"",""coordinates"":[[148.89518,-31.4236919],[148.8950851,-31.4238142]]}"
,,OSM-296187859,Belougery Creek,Culvert,,,NSW,Regional NSW,,-31.28768,148.979469,stream,Unknown (open data),,Culvert,,,,,,,,15,,,,,,,,,,,,,"OPEN DATA (OpenStreetMap, ODbL). DQ: INCOMPLETE - geometry & identity captured; owner/region/importance INFERRED (verify). Missing: condition, conditionRating, lastInspectionDate, lga, yearBuilt, postingStatus. No engineering/inspection data from open source.",Active,,,,,,,,,,,,,,,"OpenStreetMap (open data, ODbL)",https://www.openstreetmap.org/way/296187859,OSM:way/296187859,296187859,,"{""type"":""LineString"",""coordinates"":[[148.9794972,-31.2877443],[148.9794411,-31.2876153]]}"
,,OSM-296877896,Box Flat Gully,Culvert,,,NSW,New England & North West,,-30.687266,149.541098,stream,Unknown (open data),,Culvert,,,,,,,,10,,,,,,,,,,,,,"OPEN DATA (OpenStreetMap, ODbL). DQ: INCOMPLETE - geometry & identity captured; owner/region/importance INFERRED (verify). Missing: condition, conditionRating, lastInspectionDate, lga, yearBuilt, postingStatus. No engineering/inspection data from open source.",Active,,,,,,,,,,,,,,,"OpenStreetMap (open data, ODbL)",https://www.openstreetmap.org/way/296877896,OSM:way/296877896,296877896,,"{""type"":""LineString"",""coordinates"":[[149.541048,-30.6872466],[149.5411474,-30.6872847]]}"
,,OSM-296877907,Castlereagh River,Culvert,,,NSW,Regional NSW,,-31.269643,149.270535,river,Unknown (open data),,Culvert,,,,,,,,8,,,,,,,,,,,,,"OPEN DATA (OpenStreetMap, ODbL). DQ: INCOMPLETE - geometry & identity captured; owner/region/importance INFERRED (verify). Missing: condition, conditionRating, lastInspectionDate, lga, yearBuilt, postingStatus. No engineering/inspection data from open source. On NSW freight network (OSM hgv=designated, spatial join); NHVR B-double/road-train/HML approval NOT verified.",Active,,,,,,,,,,,true,,,,"OpenStreetMap (open data, ODbL)",https://www.openstreetmap.org/way/296877907,OSM:way/296877907,296877907,,"{""type"":""LineString"",""coordinates"":[[149.2704921,-31.2696506],[149.2705774,-31.2696363]]}"
,,OSM-296877909,Castlereagh River,Culvert,,,NSW,Regional NSW,,-31.2769,149.098447,river,Unknown (open data),,Culvert,,,,,,,,21,,,,,,,,,,,,,"OPEN DATA (OpenStreetMap, ODbL). DQ: INCOMPLETE - geometry & identity captured; owner/region/importance INFERRED (verify). Missing: condition, conditionRating, lastInspectionDate, lga, yearBuilt, postingStatus. No engineering/inspection data from open source.",Active,,,,,,,,,,,,,,,"OpenStreetMap (open data, ODbL)",https://www.openstreetmap.org/way/296877909,OSM:way/296877909,296877909,,"{""type"":""LineString"",""coordinates"":[[149.0983352,-31.2768938],[149.0985589,-31.2769071]]}"
,,OSM-296877916,Cusacks Creek,Culvert,,,NSW,Regional NSW,,-31.041699,149.398188,stream,Unknown (open data),,Culvert,,,,,,,,17,,,,,,,,,,,,,"OPEN DATA (OpenStreetMap, ODbL). DQ: INCOMPLETE - geometry & identity captured; owner/region/importance INFERRED (verify). Missing: condition, conditionRating, lastInspectionDate, lga, yearBuilt, postingStatus. No engineering/inspection data from open source.",Active,,,,,,,,,,,,,,,"OpenStreetMap (open data, ODbL)",https://www.openstreetmap.org/way/296877916,OSM:way/296877916,296877916,,"{""type"":""LineString"",""coordinates"":[[149.3980973,-31.0416905],[149.3982784,-31.0417065]]}"
,,OSM-296877925,Dog Trap Gully,Culvert,,,NSW,Regional NSW,,-31.24715,149.310258,stream,Unknown (open data),,Culvert,,,,,,,,21,,,,,,,,,,,,,"OPEN DATA (OpenStreetMap, ODbL). DQ: INCOMPLETE - geometry & identity captured; owner/region/importance INFERRED (verify). Missing: condition, conditionRating, lastInspectionDate, lga, yearBuilt, postingStatus. No engineering/inspection data from open source.",Active,,,,,,,,,,,,,,,"OpenStreetMap (open data, ODbL)",https://www.openstreetmap.org/way/296877925,OSM:way/296877925,296877925,,"{""type"":""LineString"",""coordinates"":[[149.3102088,-31.2470649],[149.3103069,-31.2472357]]}"
,,OSM-296877928,Duck Creek,Culvert,,,NSW,New England & North West,,-30.658404,149.555449,stream,Unknown (open data),,Culvert,,,,,,,,33,,,,,,,,,,,,,"OPEN DATA (OpenStreetMap, ODbL). DQ: INCOMPLETE - geometry & identity captured; owner/region/importance INFERRED (verify). Missing: condition, conditionRating, lastInspectionDate, lga, yearBuilt, postingStatus. No engineering/inspection data from open source.",Active,,,,,,,,,,,,,,,"OpenStreetMap (open data, ODbL)",https://www.openstreetmap.org/way/296877928,OSM:way/296877928,296877928,,"{""type"":""LineString"",""coordinates"":[[149.5552856,-30.658352],[149.5556118,-30.6584565]]}"
,,OSM-296877940,Gundi Creek,Culvert,,,NSW,Regional NSW,,-31.27463,149.228857,stream,Unknown (open data),,Culvert,,,,,,,,24,,,,,,,,,,,,,"OPEN DATA (OpenStreetMap, ODbL). DQ: INCOMPLETE - geometry & identity captured; owner/region/importance INFERRED (verify). Missing: condition, conditionRating, lastInspectionDate, lga, yearBuilt, postingStatus. No engineering/inspection data from open source.",Active,,,,,,,,,,,,,,,"OpenStreetMap (open data, ODbL)",https://www.openstreetmap.org/way/296877940,OSM:way/296877940,296877940,,"{""type"":""LineString"",""coordinates"":[[149.2288343,-31.2747351],[149.2288802,-31.2745249]]}"
,,OSM-296877949,Mallallee Creek,Culvert,,,NSW,Regional NSW,,-30.8213,149.473475,stream,Unknown (open data),,Culvert,,,,,,,,73,,,,,,,,,,,,,"OPEN DATA (OpenStreetMap, ODbL). DQ: INCOMPLETE - geometry & identity captured; owner/region/importance INFERRED (verify). Missing: condition, conditionRating, lastInspectionDate, lga, yearBuilt, postingStatus. No engineering/inspection data from open source.",Active,,,,,,,,,,,,,,,"OpenStreetMap (open data, ODbL)",https://www.openstreetmap.org/way/296877949,OSM:way/296877949,296877949,,"{""type"":""LineString"",""coordinates"":[[149.4731167,-30.8211836],[149.4738336,-30.8214173]]}"
,,OSM-296877952,Merryula Creek,Culvert,,,NSW,Regional NSW,,-31.346381,149.296103,stream,Unknown (open data),,Culvert,,,,,,,,15,,,,,,,,,,,,,"OPEN DATA (OpenStreetMap, ODbL). DQ: INCOMPLETE - geometry & identity captured; owner/region/importance INFERRED (verify). Missing: condition, conditionRating, lastInspectionDate, lga, yearBuilt, postingStatus. No engineering/inspection data from open source.",Active,,,,,,,,,,,,,,,"OpenStreetMap (open data, ODbL)",https://www.openstreetmap.org/way/296877952,OSM:way/296877952,296877952,,"{""type"":""LineString"",""coordinates"":[[149.296023,-31.3463761],[149.2961839,-31.3463864]]}"
,,OSM-296878263,Sandy Creek,Culvert,,,NSW,New England & North West,,-30.681412,149.544034,stream,Unknown (open data),,Culvert,,,,,,,,13,,,,,,,,,,,,,"OPEN DATA (OpenStreetMap, ODbL). DQ: INCOMPLETE - geometry & identity captured; owner/region/importance INFERRED (verify). Missing: condition, conditionRating, lastInspectionDate, lga, yearBuilt, postingStatus. No engineering/inspection data from open source.",Active,,,,,,,,,,,,,,,"OpenStreetMap (open data, ODbL)",https://www.openstreetmap.org/way/296878263,OSM:way/296878263,296878263,,"{""type"":""LineString"",""coordinates"":[[149.5439695,-30.681394],[149.5440987,-30.681429]]}"
,,OSM-296878272,Spirey Creek,Culvert,,,NSW,Regional NSW,,-31.290474,148.998533,stream,Unknown (open data),,Culvert,,,,,,,,8,,,,,,,,,,,,,"OPEN DATA (OpenStreetMap, ODbL). DQ: INCOMPLETE - geometry & identity captured; owner/region/importance INFERRED (verify). Missing: condition, conditionRating, lastInspectionDate, lga, yearBuilt, postingStatus. No engineering/inspection data from open source.",Active,,,,,,,,,,,,,,,"OpenStreetMap (open data, ODbL)",https://www.openstreetmap.org/way/296878272,OSM:way/296878272,296878272,,"{""type"":""LineString"",""coordinates"":[[148.9985106,-31.2905018],[148.9985544,-31.2904453]]}"
,,OSM-296878331,Wandiallabah Creek,Culvert,,,NSW,Regional NSW,,-31.437502,149.047623,stream,Unknown (open data),,Culvert,,,,,,,,15,,,,,,,,,,,,,"OPEN DATA (OpenStreetMap, ODbL). DQ: INCOMPLETE - geometry & identity captured; owner/region/importance INFERRED (verify). Missing: condition, conditionRating, lastInspectionDate, lga, yearBuilt, postingStatus. No engineering/inspection data from open source.",Active,,,,,,,,,,,,,,,"OpenStreetMap (open data, ODbL)",https://www.openstreetmap.org/way/296878331,OSM:way/296878331,296878331,,"{""type"":""LineString"",""coordinates"":[[149.0476218,-31.4374321],[149.0476241,-31.437571]]}"
,,OSM-296878403,Bohena Creek,Culvert,,,NSW,New England & North West,,-30.411652,149.675942,stream,Unknown (open data),,Culvert,,,,,,,,17,,,,,,,,,,,,,"OPEN DATA (OpenStreetMap, ODbL). DQ: INCOMPLETE - geometry & identity captured; owner/region/importance INFERRED (verify). Missing: condition, conditionRating, lastInspectionDate, lga, yearBuilt, postingStatus. No engineering/inspection data from open source.",Active,,,,,,,,,,,,,,,"OpenStreetMap (open data, ODbL)",https://www.openstreetmap.org/way/296878403,OSM:way/296878403,296878403,,"{""type"":""LineString"",""coordinates"":[[149.6758651,-30.4116918],[149.6760181,-30.4116126]]}"
,,OSM-296878406,Wambelong Creek,Culvert,,,NSW,Regional NSW,,-31.300572,149.015284,stream,Unknown (open data),,Culvert,,,,,,,,13,,,,,,,,,,,,,"OPEN DATA (OpenStreetMap, ODbL). DQ: INCOMPLETE - geometry & identity captured; owner/region/importance INFERRED (verify). Missing: condition, conditionRating, lastInspectionDate, lga, yearBuilt, postingStatus. No engineering/inspection data from open source.",Active,,,,,,,,,,,,,,,"OpenStreetMap (open data, ODbL)",https://www.openstreetmap.org/way/296878406,OSM:way/296878406,296878406,,"{""type"":""LineString"",""coordinates"":[[149.0152984,-31.300631],[149.0152696,-31.3005128]]}"
,,OSM-298802581,Browns Creek,Culvert,,,NSW,New England & North West,,-30.14715,150.003715,stream,Unknown (open data),,Culvert,,,,,,,,10,,,,,,,,,,,,,"OPEN DATA (OpenStreetMap, ODbL). DQ: INCOMPLETE - geometry & identity captured; owner/region/importance INFERRED (verify). Missing: condition, conditionRating, lastInspectionDate, lga, yearBuilt, postingStatus. No engineering/inspection data from open source.",Active,,,,,,,,,,,,,,,"OpenStreetMap (open data, ODbL)",https://www.openstreetmap.org/way/298802581,OSM:way/298802581,298802581,,"{""type"":""LineString"",""coordinates"":[[150.0037477,-30.1471828],[150.0036826,-30.1471165]]}"
,,OSM-298802634,Dry Creek,Culvert,,,NSW,New England & North West,,-30.03864,150.265016,stream,Unknown (open data),,Culvert,,,,,,,,11,,,,,,,,,,,,,"OPEN DATA (OpenStreetMap, ODbL). DQ: INCOMPLETE - geometry & identity captured; owner/region/importance INFERRED (verify). Missing: condition, conditionRating, lastInspectionDate, lga, yearBuilt, postingStatus. No engineering/inspection data from open source.",Active,,,,,,,,,,,,,,,"OpenStreetMap (open data, ODbL)",https://www.openstreetmap.org/way/298802634,OSM:way/298802634,298802634,,"{""type"":""LineString"",""coordinates"":[[150.2650163,-30.0386909],[150.2650155,-30.0385888]]}"
,,OSM-298802637,Eathers Creek,Culvert,,,NSW,New England & North West,,-30.334032,149.766234,stream,Unknown (open data),,Culvert,,,,,,,,10,,,,,,,,,,,,,"OPEN DATA (OpenStreetMap, ODbL). DQ: INCOMPLETE - geometry & identity captured; owner/region/importance INFERRED (verify). Missing: condition, conditionRating, lastInspectionDate, lga, yearBuilt, postingStatus. No engineering/inspection data from open source.",Active,,,,,,,,,,,,,,,"OpenStreetMap (open data, ODbL)",https://www.openstreetmap.org/way/298802637,OSM:way/298802637,298802637,,"{""type"":""LineString"",""coordinates"":[[149.7662276,-30.3340774],[149.7662398,-30.3339861]]}"
,,OSM-298802638,Eathers Creek,Culvert,,,NSW,New England & North West,,-30.34045,149.767326,stream,Unknown (open data),,Culvert,,,,,,,,37,,,,,,,,,,,,,"OPEN DATA (OpenStreetMap, ODbL). DQ: INCOMPLETE - geometry & identity captured; owner/region/importance INFERRED (verify). Missing: condition, conditionRating, lastInspectionDate, lga, yearBuilt, postingStatus. No engineering/inspection data from open source.",Active,,,,,,,,,,,,,,,"OpenStreetMap (open data, ODbL)",https://www.openstreetmap.org/way/298802638,OSM:way/298802638,298802638,,"{""type"":""LineString"",""coordinates"":[[149.767374,-30.3406114],[149.7672774,-30.3402896]]}"
,,OSM-298802658,Fordham's Gully,Culvert,,,NSW,New England & North West,,-30.191638,149.927704,stream,Unknown (open data),,Culvert,,,,,,,,10,,,,,,,,,,,,,"OPEN DATA (OpenStreetMap, ODbL). DQ: INCOMPLETE - geometry & identity captured; owner/region/importance INFERRED (verify). Missing: condition, conditionRating, lastInspectionDate, lga, yearBuilt, postingStatus. No engineering/inspection data from open source.",Active,,,,,,,,,,,,,,,"OpenStreetMap (open data, ODbL)",https://www.openstreetmap.org/way/298802658,OSM:way/298802658,298802658,,"{""type"":""LineString"",""coordinates"":[[149.9277531,-30.1916527],[149.9276543,-30.1916231]]}"
,,OSM-298802995,Curramanga Creek,Culvert,,,NSW,New England & North West,,-30.03969,149.987852,stream,Unknown (open data),,Culvert,,,,,,,,17,,,,,,,,,,,,,"OPEN DATA (OpenStreetMap, ODbL). DQ: INCOMPLETE - geometry & identity captured; owner/region/importance INFERRED (verify). Missing: condition, conditionRating, lastInspectionDate, lga, yearBuilt, postingStatus. No engineering/inspection data from open source.",Active,,,,,,,,,,,,,,,"OpenStreetMap (open data, ODbL)",https://www.openstreetmap.org/way/298802995,OSM:way/298802995,298802995,,"{""type"":""LineString"",""coordinates"":[[149.9878438,-30.0397679],[149.9878598,-30.0396113]]}"
,,OSM-298802997,Eathers Creek,Culvert,,,NSW,New England & North West,,-30.329527,149.754141,stream,Unknown (open data),,Culvert,,,,,,,,6,,,,,,,,,,,,,"OPEN DATA (OpenStreetMap, ODbL). DQ: INCOMPLETE - geometry & identity captured; owner/region/importance INFERRED (verify). Missing: condition, conditionRating, lastInspectionDate, lga, yearBuilt, postingStatus. No engineering/inspection data from open source.",Active,,,,,,,,,,,,,,,"OpenStreetMap (open data, ODbL)",https://www.openstreetmap.org/way/298802997,OSM:way/298802997,298802997,,"{""type"":""LineString"",""coordinates"":[[149.7541725,-30.3295305],[149.7541086,-30.3295243]]}"
,,OSM-298803007,Black Mountain Creek,Culvert,,,NSW,New England & North West,,-30.288447,150.142646,stream,Unknown (open data),,Culvert,,,,,,,,10,,,,,,,,,,,,,"OPEN DATA (OpenStreetMap, ODbL). DQ: INCOMPLETE - geometry & identity captured; owner/region/importance INFERRED (verify). Missing: condition, conditionRating, lastInspectionDate, lga, yearBuilt, postingStatus. No engineering/inspection data from open source.",Active,,,,,,,,,,,,,,,"OpenStreetMap (open data, ODbL)",https://www.openstreetmap.org/way/298803007,OSM:way/298803007,298803007,,"{""type"":""LineString"",""coordinates"":[[150.1426633,-30.288402],[150.1426283,-30.2884911]]}"
,,OSM-299467901,Martins Gully,Culvert,,,NSW,New England & North West,,-30.516742,151.637684,stream,Unknown (open data),,Culvert,,,,,,,,11,,,,,,,,,,,,,"OPEN DATA (OpenStreetMap, ODbL). DQ: INCOMPLETE - geometry & identity captured; owner/region/importance INFERRED (verify). Missing: condition, conditionRating, lastInspectionDate, lga, yearBuilt, postingStatus. No engineering/inspection data from open source.",Active,,,,,,,,,,,,,,,"OpenStreetMap (open data, ODbL)",https://www.openstreetmap.org/way/299467901,OSM:way/299467901,299467901,,"{""type"":""LineString"",""coordinates"":[[151.6376842,-30.5167937],[151.6376836,-30.5166904]]}"
,,OSM-299467932,Two Mile Creek,Culvert,,,NSW,New England & North West,,-30.322734,151.210209,stream,Unknown (open data),,Culvert,,,,,,,,3,,,,,,,,,,,,,"OPEN DATA (OpenStreetMap, ODbL). DQ: INCOMPLETE - geometry & identity captured; owner/region/importance INFERRED (verify). Missing: condition, conditionRating, lastInspectionDate, lga, yearBuilt, postingStatus. No engineering/inspection data from open source.",Active,,,,,,,,,,,,,,,"OpenStreetMap (open data, ODbL)",https://www.openstreetmap.org/way/299467932,OSM:way/299467932,299467932,,"{""type"":""LineString"",""coordinates"":[[151.2102254,-30.3227295],[151.2101934,-30.3227379]]}"
,,OSM-301772453,Averys Creek,Culvert,,,NSW,Hunter,,-32.825289,151.516093,stream,Unknown (open data),,Culvert,,,,,,,,72,,,,,,,,,,,,,"OPEN DATA (OpenStreetMap, ODbL). DQ: INCOMPLETE - geometry & identity captured; owner/region/importance INFERRED (verify). Missing: condition, conditionRating, lastInspectionDate, lga, yearBuilt, postingStatus. No engineering/inspection data from open source.",Active,,,,,,,,,,,,,,,"OpenStreetMap (open data, ODbL)",https://www.openstreetmap.org/way/301772453,OSM:way/301772453,301772453,,"{""type"":""LineString"",""coordinates"":[[151.5160416,-32.8256076],[151.516145,-32.8249695]]}"
,,OSM-301772460,Bishops Creek,Culvert,,,NSW,Hunter,,-32.740051,151.426674,stream,Unknown (open data),,Culvert,,,,,,,,73,,,,,,,,,,,,,"OPEN DATA (OpenStreetMap, ODbL). DQ: INCOMPLETE - geometry & identity captured; owner/region/importance INFERRED (verify). Missing: condition, conditionRating, lastInspectionDate, lga, yearBuilt, postingStatus. No engineering/inspection data from open source.",Active,,,,,,,,,,,,,,,"OpenStreetMap (open data, ODbL)",https://www.openstreetmap.org/way/301772460,OSM:way/301772460,301772460,,"{""type"":""LineString"",""coordinates"":[[151.4262961,-32.7401347],[151.4270515,-32.7399669]]}"
,,OSM-301772465,Black Waterholes Creek,Culvert,,,NSW,Hunter,,-32.784415,151.464439,stream,Unknown (open data),,Culvert,,,,,,,,46,,,,,,,,,,,,,"OPEN DATA (OpenStreetMap, ODbL). DQ: INCOMPLETE - geometry & identity captured; owner/region/importance INFERRED (verify). Missing: condition, conditionRating, lastInspectionDate, lga, yearBuilt, postingStatus. No engineering/inspection data from open source.",Active,,,,,,,,,,,,,,,"OpenStreetMap (open data, ODbL)",https://www.openstreetmap.org/way/301772465,OSM:way/301772465,301772465,,"{""type"":""LineString"",""coordinates"":[[151.4642513,-32.7845453],[151.4646261,-32.7842842]]}"
,,OSM-301772467,Boilingdown Creek,Culvert,,,NSW,Regional NSW,,-31.287921,150.906748,stream,Unknown (open data),,Culvert,,,,,,,,32,,,,,,,,,,,,,"OPEN DATA (OpenStreetMap, ODbL). DQ: INCOMPLETE - geometry & identity captured; owner/region/importance INFERRED (verify). Missing: condition, conditionRating, lastInspectionDate, lga, yearBuilt, postingStatus. No engineering/inspection data from open source.",Active,,,,,,,,,,,,,,,"OpenStreetMap (open data, ODbL)",https://www.openstreetmap.org/way/301772467,OSM:way/301772467,301772467,,"{""type"":""LineString"",""coordinates"":[[150.9066178,-31.2878303],[150.9068786,-31.2880124]]}"
,,OSM-301772479,Brigstocks Brook,Culvert,,,NSW,New England & North West,,-30.631889,151.509011,stream,Unknown (open data),,Culvert,,,,,,,,49,,,,,,,,,,,,,"OPEN DATA (OpenStreetMap, ODbL). DQ: INCOMPLETE - geometry & identity captured; owner/region/importance INFERRED (verify). Missing: condition, conditionRating, lastInspectionDate, lga, yearBuilt, postingStatus. No engineering/inspection data from open source.",Active,,,,,,,,,,,,,,,"OpenStreetMap (open data, ODbL)",https://www.openstreetmap.org/way/301772479,OSM:way/301772479,301772479,,"{""type"":""LineString"",""coordinates"":[[151.5088077,-30.6317556],[151.5092141,-30.6320234]]}"
,,OSM-301772495,Chillcotts Creek,Culvert,,,NSW,Hunter,,-32.389521,150.962808,stream,Unknown (open data),,Culvert,,,,,,,,97,,,,,,,,,,,,,"OPEN DATA (OpenStreetMap, ODbL). DQ: INCOMPLETE - geometry & identity captured; owner/region/importance INFERRED (verify). Missing: condition, conditionRating, lastInspectionDate, lga, yearBuilt, postingStatus. No engineering/inspection data from open source.",Active,,,,,,,,,,,,,,,"OpenStreetMap (open data, ODbL)",https://www.openstreetmap.org/way/301772495,OSM:way/301772495,301772495,,"{""type"":""LineString"",""coordinates"":[[150.962672,-32.3899425],[150.9629433,-32.3891004]]}"
,,OSM-301772500,Church Gully,Culvert,,,NSW,New England & North West,,-30.703036,151.464982,stream,Unknown (open data),,Culvert,,,,,,,,11,,,,,,,,,,,,,"OPEN DATA (OpenStreetMap, ODbL). DQ: INCOMPLETE - geometry & identity captured; owner/region/importance INFERRED (verify). Missing: condition, conditionRating, lastInspectionDate, lga, yearBuilt, postingStatus. No engineering/inspection data from open source.",Active,,,,,,,,,,,,,,,"OpenStreetMap (open data, ODbL)",https://www.openstreetmap.org/way/301772500,OSM:way/301772500,301772500,,"{""type"":""LineString"",""coordinates"":[[151.4650299,-30.70306],[151.4649346,-30.7030123]]}"
,,OSM-301772516,Dunducketty Creek,Culvert,,,NSW,New England & North West,,-30.901703,151.145558,stream,Unknown (open data),,Culvert,,,,,,,,16,,,,,,,,,,,,,"OPEN DATA (OpenStreetMap, ODbL). DQ: INCOMPLETE - geometry & identity captured; owner/region/importance INFERRED (verify). Missing: condition, conditionRating, lastInspectionDate, lga, yearBuilt, postingStatus. No engineering/inspection data from open source.",Active,,,,,,,,,,,,,,,"OpenStreetMap (open data, ODbL)",https://www.openstreetmap.org/way/301772516,OSM:way/301772516,301772516,,"{""type"":""LineString"",""coordinates"":[[151.1455183,-30.9016403],[151.1455985,-30.9017658]]}"
,,OSM-301772527,Eight Mile Creek,Culvert,,,NSW,New England & North West,,-31.077894,151.024805,stream,Unknown (open data),,Culvert,,,,,,,,19,,,,,,,,,,,,,"OPEN DATA (OpenStreetMap, ODbL). DQ: INCOMPLETE - geometry & identity captured; owner/region/importance INFERRED (verify). Missing: condition, conditionRating, lastInspectionDate, lga, yearBuilt, postingStatus. No engineering/inspection data from open source.",Active,,,,,,,,,,,,,,,"OpenStreetMap (open data, ODbL)",https://www.openstreetmap.org/way/301772527,OSM:way/301772527,301772527,,"{""type"":""LineString"",""coordinates"":[[151.0247045,-31.0778865],[151.0249063,-31.0779023]]}"
,,OSM-301772541,Flaggy Gully,Culvert,,,NSW,Regional NSW,,-31.45281,150.861861,stream,Unknown (open data),,Culvert,,,,,,,,22,,,,,,,,,,,,,"OPEN DATA (OpenStreetMap, ODbL). DQ: INCOMPLETE - geometry & identity captured; owner/region/importance INFERRED (verify). Missing: condition, conditionRating, lastInspectionDate, lga, yearBuilt, postingStatus. No engineering/inspection data from open source.",Active,,,,,,,,,,,,,,,"OpenStreetMap (open data, ODbL)",https://www.openstreetmap.org/way/301772541,OSM:way/301772541,301772541,,"{""type"":""LineString"",""coordinates"":[[150.8619633,-31.4528537],[150.8617589,-31.4527658]]}"
,,OSM-301772615,Jacob and Joseph Creek,Culvert,,,NSW,Regional NSW,,-31.462262,150.860924,stream,Unknown (open data),,Culvert,,,,,,,,23,,,,,,,,,,,,,"OPEN DATA (OpenStreetMap, ODbL). DQ: INCOMPLETE - geometry & identity captured; owner/region/importance INFERRED (verify). Missing: condition, conditionRating, lastInspectionDate, lga, yearBuilt, postingStatus. No engineering/inspection data from open source.",Active,,,,,,,,,,,,,,,"OpenStreetMap (open data, ODbL)",https://www.openstreetmap.org/way/301772615,OSM:way/301772615,301772615,,"{""type"":""LineString"",""coordinates"":[[150.8610466,-31.4622595],[150.8608013,-31.4622636]]}"
,,OSM-301772626,Kentucky Creek,Culvert,,,NSW,New England & North West,,-30.731858,151.431193,stream,Unknown (open data),,Culvert,,,,,,,,35,,,,,,,,,,,,,"OPEN DATA (OpenStreetMap, ODbL). DQ: INCOMPLETE - geometry & identity captured; owner/region/importance INFERRED (verify). Missing: condition, conditionRating, lastInspectionDate, lga, yearBuilt, postingStatus. No engineering/inspection data from open source.",Active,,,,,,,,,,,,,,,"OpenStreetMap (open data, ODbL)",https://www.openstreetmap.org/way/301772626,OSM:way/301772626,301772626,,"{""type"":""LineString"",""coordinates"":[[151.4312954,-30.7319871],[151.431091,-30.7317292]]}"
,,OSM-301772631,Laheys Creek,Culvert,,,NSW,New England & North West,,-30.954647,151.10674,stream,Unknown (open data),,Culvert,,,,,,,,16,,,,,,,,,,,,,"OPEN DATA (OpenStreetMap, ODbL). DQ: INCOMPLETE - geometry & identity captured; owner/region/importance INFERRED (verify). Missing: condition, conditionRating, lastInspectionDate, lga, yearBuilt, postingStatus. No engineering/inspection data from open source.",Active,,,,,,,,,,,,,,,"OpenStreetMap (open data, ODbL)",https://www.openstreetmap.org/way/301772631,OSM:way/301772631,301772631,,"{""type"":""LineString"",""coordinates"":[[151.1066712,-30.954603],[151.106808,-30.954691]]}"
,,OSM-301772632,Laheys Creek,Culvert,,,NSW,New England & North West,,-30.972689,151.104096,stream,Unknown (open data),,Culvert,,,,,,,,18,,,,,,,,,,,,,"OPEN DATA (OpenStreetMap, ODbL). DQ: INCOMPLETE - geometry & identity captured; owner/region/importance INFERRED (verify). Missing: condition, conditionRating, lastInspectionDate, lga, yearBuilt, postingStatus. No engineering/inspection data from open source.",Active,,,,,,,,,,,,,,,"OpenStreetMap (open data, ODbL)",https://www.openstreetmap.org/way/301772632,OSM:way/301772632,301772632,,"{""type"":""LineString"",""coordinates"":[[151.104193,-30.9726818],[151.1039999,-30.9726963]]}"
,,OSM-301772633,Laheys Creek,Culvert,,,NSW,New England & North West,,-30.951034,151.108376,stream,Unknown (open data),,Culvert,,,,,,,,24,,,,,,,,,,,,,"OPEN DATA (OpenStreetMap, ODbL). DQ: INCOMPLETE - geometry & identity captured; owner/region/importance INFERRED (verify). Missing: condition, conditionRating, lastInspectionDate, lga, yearBuilt, postingStatus. No engineering/inspection data from open source.",Active,,,,,,,,,,,,,,,"OpenStreetMap (open data, ODbL)",https://www.openstreetmap.org/way/301772633,OSM:way/301772633,301772633,,"{""type"":""LineString"",""coordinates"":[[151.1084979,-30.9510044],[151.1082547,-30.9510631]]}"
,,OSM-301772639,Lambing Gully,Culvert,,,NSW,New England & North West,,-30.602421,151.544729,stream,Unknown (open data),,Culvert,,,,,,,,19,,,,,,,,,,,,,"OPEN DATA (OpenStreetMap, ODbL). DQ: INCOMPLETE - geometry & identity captured; owner/region/importance INFERRED (verify). Missing: condition, conditionRating, lastInspectionDate, lga, yearBuilt, postingStatus. No engineering/inspection data from open source.",Active,,,,,,,,,,,,,,,"OpenStreetMap (open data, ODbL)",https://www.openstreetmap.org/way/301772639,OSM:way/301772639,301772639,,"{""type"":""LineString"",""coordinates"":[[151.5446545,-30.6023674],[151.5448039,-30.6024738]]}"
,,OSM-301772663,Masons Cully,Culvert,,,NSW,New England & North West,,-30.925871,151.128922,stream,Unknown (open data),,Culvert,,,,,,,,17,,,,,,,,,,,,,"OPEN DATA (OpenStreetMap, ODbL). DQ: INCOMPLETE - geometry & identity captured; owner/region/importance INFERRED (verify). Missing: condition, conditionRating, lastInspectionDate, lga, yearBuilt, postingStatus. No engineering/inspection data from open source.",Active,,,,,,,,,,,,,,,"OpenStreetMap (open data, ODbL)",https://www.openstreetmap.org/way/301772663,OSM:way/301772663,301772663,,"{""type"":""LineString"",""coordinates"":[[151.1289661,-30.9259386],[151.1288783,-30.9258032]]}"
,,OSM-301772691,Middle Creek,Culvert,,,NSW,New England & North West,,-31.062439,151.041483,stream,Unknown (open data),,Culvert,,,,,,,,15,,,,,,,,,,,,,"OPEN DATA (OpenStreetMap, ODbL). DQ: INCOMPLETE - geometry & identity captured; owner/region/importance INFERRED (verify). Missing: condition, conditionRating, lastInspectionDate, lga, yearBuilt, postingStatus. No engineering/inspection data from open source.",Active,,,,,,,,,,,,,,,"OpenStreetMap (open data, ODbL)",https://www.openstreetmap.org/way/301772691,OSM:way/301772691,301772691,,"{""type"":""LineString"",""coordinates"":[[151.0414363,-31.0623826],[151.0415294,-31.0624963]]}"
,,OSM-301772693,Moonbi Creek,Culvert,,,NSW,New England & North West,,-30.981888,151.100072,stream,Unknown (open data),,Culvert,,,,,,,,46,,,,,,,,,,,,,"OPEN DATA (OpenStreetMap, ODbL). DQ: INCOMPLETE - geometry & identity captured; owner/region/importance INFERRED (verify). Missing: condition, conditionRating, lastInspectionDate, lga, yearBuilt, postingStatus. No engineering/inspection data from open source.",Active,,,,,,,,,,,,,,,"OpenStreetMap (open data, ODbL)",https://www.openstreetmap.org/way/301772693,OSM:way/301772693,301772693,,"{""type"":""LineString"",""coordinates"":[[151.1002756,-30.9819979],[151.0998684,-30.9817772]]}"
,,OSM-301773028,Parsons Gully,Culvert,,,NSW,Hunter,,-32.05171,150.859133,stream,Unknown (open data),,Culvert,,,,,,,,20,,,,,,,,,,,,,"OPEN DATA (OpenStreetMap, ODbL). DQ: INCOMPLETE - geometry & identity captured; owner/region/importance INFERRED (verify). Missing: condition, conditionRating, lastInspectionDate, lga, yearBuilt, postingStatus. No engineering/inspection data from open source. On NSW freight network (OSM hgv=designated, spatial join); NHVR B-double/road-train/HML approval NOT verified.",Active,,,,,,,,,,,true,,,,"OpenStreetMap (open data, ODbL)",https://www.openstreetmap.org/way/301773028,OSM:way/301773028,301773028,,"{""type"":""LineString"",""coordinates"":[[150.8591641,-32.0516218],[150.8591015,-32.0517979]]}"
,,OSM-301773035,Parsons Gully,Culvert,,,NSW,Hunter,,-32.049341,150.857372,stream,Unknown (open data),,Culvert,,,,,,,,14,,,,,,,,,,,,,"OPEN DATA (OpenStreetMap, ODbL). DQ: INCOMPLETE - geometry & identity captured; owner/region/importance INFERRED (verify). Missing: condition, conditionRating, lastInspectionDate, lga, yearBuilt, postingStatus. No engineering/inspection data from open source. On NSW freight network (OSM hgv=designated, spatial join); NHVR B-double/road-train/HML approval NOT verified.",Active,,,,,,,,,,,true,,,,"OpenStreetMap (open data, ODbL)",https://www.openstreetmap.org/way/301773035,OSM:way/301773035,301773035,,"{""type"":""LineString"",""coordinates"":[[150.8573461,-32.0492809],[150.8573984,-32.0494012]]}"
,,OSM-301773042,Poison Swamp Creek,Culvert,,,NSW,New England & North West,,-30.906813,151.138006,stream,Unknown (open data),,Culvert,,,,,,,,20,,,,,,,,,,,,,"OPEN DATA (OpenStreetMap, ODbL). DQ: INCOMPLETE - geometry & identity captured; owner/region/importance INFERRED (verify). Missing: condition, conditionRating, lastInspectionDate, lga, yearBuilt, postingStatus. No engineering/inspection data from open source.",Active,,,,,,,,,,,,,,,"OpenStreetMap (open data, ODbL)",https://www.openstreetmap.org/way/301773042,OSM:way/301773042,301773042,,"{""type"":""LineString"",""coordinates"":[[151.1379221,-30.9067557],[151.1380892,-30.9068699]]}"
,,OSM-301773051,Rixs Creek,Culvert,,,NSW,Hunter,,-32.522437,151.131213,stream,Unknown (open data),,Culvert,,,,,,,,15,,,,,,,,,,,,,"OPEN DATA (OpenStreetMap, ODbL). DQ: INCOMPLETE - geometry & identity captured; owner/region/importance INFERRED (verify). Missing: condition, conditionRating, lastInspectionDate, lga, yearBuilt, postingStatus. No engineering/inspection data from open source.",Active,,,,,,,,,,,,,,,"OpenStreetMap (open data, ODbL)",https://www.openstreetmap.org/way/301773051,OSM:way/301773051,301773051,,"{""type"":""LineString"",""coordinates"":[[151.1312707,-32.5223892],[151.1311548,-32.5224845]]}"
,,OSM-301773056,Rose Valley Creek,Culvert,,,NSW,New England & North West,,-30.913999,151.135277,stream,Unknown (open data),,Culvert,,,,,,,,28,,,,,,,,,,,,,"OPEN DATA (OpenStreetMap, ODbL). DQ: INCOMPLETE - geometry & identity captured; owner/region/importance INFERRED (verify). Missing: condition, conditionRating, lastInspectionDate, lga, yearBuilt, postingStatus. No engineering/inspection data from open source.",Active,,,,,,,,,,,,,,,"OpenStreetMap (open data, ODbL)",https://www.openstreetmap.org/way/301773056,OSM:way/301773056,301773056,,"{""type"":""LineString"",""coordinates"":[[151.1351376,-30.9139657],[151.1354164,-30.9140331]]}"
,,OSM-301773065,Salt Water Creek,Culvert,,,NSW,Hunter,,-32.368843,150.962929,stream,Unknown (open data),,Culvert,,,,,,,,22,,,,,,,,,,,,,"OPEN DATA (OpenStreetMap, ODbL). DQ: INCOMPLETE - geometry & identity captured; owner/region/importance INFERRED (verify). Missing: condition, conditionRating, lastInspectionDate, lga, yearBuilt, postingStatus. No engineering/inspection data from open source.",Active,,,,,,,,,,,,,,,"OpenStreetMap (open data, ODbL)",https://www.openstreetmap.org/way/301773065,OSM:way/301773065,301773065,,"{""type"":""LineString"",""coordinates"":[[150.9628132,-32.368843],[150.9630452,-32.368843]]}"
,,OSM-301773078,Sawyers Gully,Culvert,,,NSW,Hunter,,-32.759565,151.435249,stream,Unknown (open data),,Culvert,,,,,,,,73,,,,,,,,,,,,,"OPEN DATA (OpenStreetMap, ODbL). DQ: INCOMPLETE - geometry & identity captured; owner/region/importance INFERRED (verify). Missing: condition, conditionRating, lastInspectionDate, lga, yearBuilt, postingStatus. No engineering/inspection data from open source.",Active,,,,,,,,,,,,,,,"OpenStreetMap (open data, ODbL)",https://www.openstreetmap.org/way/301773078,OSM:way/301773078,301773078,,"{""type"":""LineString"",""coordinates"":[[151.4350749,-32.7598607],[151.435423,-32.7592688]]}"
,,OSM-301773086,Tin Hut Gully,Culvert,,,NSW,Hunter,,-31.963736,150.864636,stream,Unknown (open data),,Culvert,,,,,,,,14,,,,,,,,,,,,,"OPEN DATA (OpenStreetMap, ODbL). DQ: INCOMPLETE - geometry & identity captured; owner/region/importance INFERRED (verify). Missing: condition, conditionRating, lastInspectionDate, lga, yearBuilt, postingStatus. No engineering/inspection data from open source.",Active,,,,,,,,,,,,,,,"OpenStreetMap (open data, ODbL)",https://www.openstreetmap.org/way/301773086,OSM:way/301773086,301773086,,"{""type"":""LineString"",""coordinates"":[[150.8647107,-31.9637417],[150.8645608,-31.9637305]]}"
,,OSM-301773090,Tinkers Creek,Culvert,,,NSW,Hunter,,-32.372907,150.961681,stream,Unknown (open data),,Culvert,,,,,,,,40,,,,,,,,,,,,,"OPEN DATA (OpenStreetMap, ODbL). DQ: INCOMPLETE - geometry & identity captured; owner/region/importance INFERRED (verify). Missing: condition, conditionRating, lastInspectionDate, lga, yearBuilt, postingStatus. No engineering/inspection data from open source.",Active,,,,,,,,,,,,,,,"OpenStreetMap (open data, ODbL)",https://www.openstreetmap.org/way/301773090,OSM:way/301773090,301773090,,"{""type"":""LineString"",""coordinates"":[[150.9614686,-32.3728933],[150.9618934,-32.3729198]]}"
,,OSM-301773101,Toms Gully,Culvert,,,NSW,Regional NSW,,-31.265093,150.907794,stream,Unknown (open data),,Culvert,,,,,,,,15,,,,,,,,,,,,,"OPEN DATA (OpenStreetMap, ODbL). DQ: INCOMPLETE - geometry & identity captured; owner/region/importance INFERRED (verify). Missing: condition, conditionRating, lastInspectionDate, lga, yearBuilt, postingStatus. No engineering/inspection data from open source.",Active,,,,,,,,,,,,,,,"OpenStreetMap (open data, ODbL)",https://www.openstreetmap.org/way/301773101,OSM:way/301773101,301773101,,"{""type"":""LineString"",""coordinates"":[[150.9077181,-31.2650873],[150.9078706,-31.2650991]]}"
,,OSM-301773110,Uralla Creek,Culvert,,,NSW,New England & North West,,-30.642236,151.49907,stream,Unknown (open data),,Culvert,,,,,,,,62,,,,,,,,,,,,,"OPEN DATA (OpenStreetMap, ODbL). DQ: INCOMPLETE - geometry & identity captured; owner/region/importance INFERRED (verify). Missing: condition, conditionRating, lastInspectionDate, lga, yearBuilt, postingStatus. No engineering/inspection data from open source.",Active,,,,,,,,,,,,,,,"OpenStreetMap (open data, ODbL)",https://www.openstreetmap.org/way/301773110,OSM:way/301773110,301773110,,"{""type"":""LineString"",""coordinates"":[[151.4991007,-30.6425134],[151.4990394,-30.6419582]]}"
,,OSM-301773120,Wiles Gully,Culvert,,,NSW,Regional NSW,,-31.484633,150.86419,stream,Unknown (open data),,Culvert,,,,,,,,16,,,,,,,,,,,,,"OPEN DATA (OpenStreetMap, ODbL). DQ: INCOMPLETE - geometry & identity captured; owner/region/importance INFERRED (verify). Missing: condition, conditionRating, lastInspectionDate, lga, yearBuilt, postingStatus. No engineering/inspection data from open source.",Active,,,,,,,,,,,,,,,"OpenStreetMap (open data, ODbL)",https://www.openstreetmap.org/way/301773120,OSM:way/301773120,301773120,,"{""type"":""LineString"",""coordinates"":[[150.864274,-31.484624],[150.8641058,-31.4846419]]}"
,,OSM-301773299,Rocky Creek,Culvert,,,NSW,New England & North West,,-30.63774,151.506305,stream,Unknown (open data),,Culvert,,,,,,,,6,,,,,,,,,,,,,"OPEN DATA (OpenStreetMap, ODbL). DQ: INCOMPLETE - geometry & identity captured; owner/region/importance INFERRED (verify). Missing: condition, conditionRating, lastInspectionDate, lga, yearBuilt, postingStatus. No engineering/inspection data from open source.",Active,,,,,,,,,,,,,,,"OpenStreetMap (open data, ODbL)",https://www.openstreetmap.org/way/301773299,OSM:way/301773299,301773299,,"{""type"":""LineString"",""coordinates"":[[151.5063281,-30.6377549],[151.506281,-30.637726]]}"
,,OSM-301773306,Buckley Gully,Culvert,,,NSW,Regional NSW,,-31.221439,150.916582,stream,Unknown (open data),,Culvert,,,,,,,,18,,,,,,,,,,,,,"OPEN DATA (OpenStreetMap, ODbL). DQ: INCOMPLETE - geometry & identity captured; owner/region/importance INFERRED (verify). Missing: condition, conditionRating, lastInspectionDate, lga, yearBuilt, postingStatus. No engineering/inspection data from open source.",Active,,,,,,,,,,,,,,,"OpenStreetMap (open data, ODbL)",https://www.openstreetmap.org/way/301773306,OSM:way/301773306,301773306,,"{""type"":""LineString"",""coordinates"":[[150.9165032,-31.2214836],[150.9166608,-31.2213942]]}"
,,OSM-301773324,Calala Creek,Culvert,,,NSW,New England & North West,,-31.137792,150.965881,stream,Unknown (open data),,Culvert,,,,,,,,10,,,,,,,,,,,,,"OPEN DATA (OpenStreetMap, ODbL). DQ: INCOMPLETE - geometry & identity captured; owner/region/importance INFERRED (verify). Missing: condition, conditionRating, lastInspectionDate, lga, yearBuilt, postingStatus. No engineering/inspection data from open source.",Active,,,,,,,,,,,,,,,"OpenStreetMap (open data, ODbL)",https://www.openstreetmap.org/way/301773324,OSM:way/301773324,301773324,,"{""type"":""LineString"",""coordinates"":[[150.9658578,-31.1378322],[150.9659036,-31.1377522]]}"
,,OSM-301773329,Rays Gully,Culvert,,,NSW,Hunter,,-31.914489,150.879175,stream,Unknown (open data),,Culvert,,,,,,,,15,,,,,,,,,,,,,"OPEN DATA (OpenStreetMap, ODbL). DQ: INCOMPLETE - geometry & identity captured; owner/region/importance INFERRED (verify). Missing: condition, conditionRating, lastInspectionDate, lga, yearBuilt, postingStatus. No engineering/inspection data from open source.",Active,,,,,,,,,,,,,,,"OpenStreetMap (open data, ODbL)",https://www.openstreetmap.org/way/301773329,OSM:way/301773329,301773329,,"{""type"":""LineString"",""coordinates"":[[150.8792564,-31.9144873],[150.8790933,-31.9144908]]}"
,,OSM-301773334,Barnes Gully,Culvert,,,NSW,New England & North West,,-31.121273,150.926803,stream,Unknown (open data),,Culvert,,,,,,,,13,,,,,,,,,,,,,"OPEN DATA (OpenStreetMap, ODbL). DQ: INCOMPLETE - geometry & identity captured; owner/region/importance INFERRED (verify). Missing: condition, conditionRating, lastInspectionDate, lga, yearBuilt, postingStatus. No engineering/inspection data from open source.",Active,,,,,,,,,,,,,,,"OpenStreetMap (open data, ODbL)",https://www.openstreetmap.org/way/301773334,OSM:way/301773334,301773334,,"{""type"":""LineString"",""coordinates"":[[150.9267737,-31.1213274],[150.9268325,-31.1212193]]}"
,,OSM-301773336,Piallamore Anabranch,Culvert,,,NSW,New England & North West,,-31.131143,150.9915,stream,Unknown (open data),,Culvert,,,,,,,,7,,,,,,,,,,,,,"OPEN DATA (OpenStreetMap, ODbL). DQ: INCOMPLETE - geometry & identity captured; owner/region/importance INFERRED (verify). Missing: condition, conditionRating, lastInspectionDate, lga, yearBuilt, postingStatus. No engineering/inspection data from open source.",Active,,,,,,,,,,,,,,,"OpenStreetMap (open data, ODbL)",https://www.openstreetmap.org/way/301773336,OSM:way/301773336,301773336,,"{""type"":""LineString"",""coordinates"":[[150.9915377,-31.1311491],[150.9914626,-31.1311368]]}"
,,OSM-301773342,Yellow Gully,Culvert,,,NSW,New England & North West,,-31.122098,150.928756,stream,Unknown (open data),,Culvert,,,,,,,,12,,,,,,,,,,,,,"OPEN DATA (OpenStreetMap, ODbL). DQ: INCOMPLETE - geometry & identity captured; owner/region/importance INFERRED (verify). Missing: condition, conditionRating, lastInspectionDate, lga, yearBuilt, postingStatus. No engineering/inspection data from open source.",Active,,,,,,,,,,,,,,,"OpenStreetMap (open data, ODbL)",https://www.openstreetmap.org/way/301773342,OSM:way/301773342,301773342,,"{""type"":""LineString"",""coordinates"":[[150.9287293,-31.1221459],[150.9287826,-31.1220491]]}"
,,OSM-302901340,Wallarah Creek,Culvert,,,NSW,Central Coast,,-33.212028,151.45161,stream,Unknown (open data),,Culvert,,,,,,,,69,,,,,,,,,,,,,"OPEN DATA (OpenStreetMap, ODbL). DQ: INCOMPLETE - geometry & identity captured; owner/region/importance INFERRED (verify). Missing: condition, conditionRating, lastInspectionDate, lga, yearBuilt, postingStatus. No engineering/inspection data from open source.",Active,,,,,,,,,,,,,,,"OpenStreetMap (open data, ODbL)",https://www.openstreetmap.org/way/302901340,OSM:way/302901340,302901340,,"{""type"":""LineString"",""coordinates"":[[151.4512954,-33.2118655],[151.4519239,-33.2121905]]}"
,,OSM-302901344,Wingello Creek,Culvert,,,NSW,Central Coast,,-33.406313,151.351058,stream,Unknown (open data),,Culvert,,,,,,,,34,,,,,,,,,,,,,"OPEN DATA (OpenStreetMap, ODbL). DQ: INCOMPLETE - geometry & identity captured; owner/region/importance INFERRED (verify). Missing: condition, conditionRating, lastInspectionDate, lga, yearBuilt, postingStatus. No engineering/inspection data from open source.",Active,,,,,,,,,,,,,,,"OpenStreetMap (open data, ODbL)",https://www.openstreetmap.org/way/302901344,OSM:way/302901344,302901344,,"{""type"":""LineString"",""coordinates"":[[151.3512169,-33.4063867],[151.3508994,-33.4062386]]}"
,,OSM-303279019,Surveyors Creek,Culvert,,,NSW,Sydney Metropolitan,,-33.775073,150.685867,drain,Unknown (open data),,Culvert,,,,,,,,23,,,,,,,,,,,,,"OPEN DATA (OpenStreetMap, ODbL). DQ: INCOMPLETE - geometry & identity captured; owner/region/importance INFERRED (verify). Missing: condition, conditionRating, lastInspectionDate, lga, yearBuilt, postingStatus. No engineering/inspection data from open source.",Active,,,,,,,,,,,,,,,"OpenStreetMap (open data, ODbL)",https://www.openstreetmap.org/way/303279019,OSM:way/303279019,303279019,,"{""type"":""LineString"",""coordinates"":[[150.6858853,-33.7751757],[150.6858482,-33.7749703]]}"
,,OSM-303951643,Deep Creek,Culvert,,,NSW,Central West & Orana,,-32.404339,148.759955,stream,Unknown (open data),,Culvert,,,,,,,,13,,,,,,,,,,,,,"OPEN DATA (OpenStreetMap, ODbL). DQ: INCOMPLETE - geometry & identity captured; owner/region/importance INFERRED (verify). Missing: condition, conditionRating, lastInspectionDate, lga, yearBuilt, postingStatus. No engineering/inspection data from open source.",Active,,,,,,,,,,,,,,,"OpenStreetMap (open data, ODbL)",https://www.openstreetmap.org/way/303951643,OSM:way/303951643,303951643,,"{""type"":""LineString"",""coordinates"":[[148.7599597,-32.4042809],[148.7599512,-32.4043971]]}"
,,OSM-303951750,Long Creek,Culvert,,,NSW,Central West & Orana,,-32.730084,149.051473,stream,Unknown (open data),,Culvert,,,,,,,,12,,,,,,,,,,,,,"OPEN DATA (OpenStreetMap, ODbL). DQ: INCOMPLETE - geometry & identity captured; owner/region/importance INFERRED (verify). Missing: condition, conditionRating, lastInspectionDate, lga, yearBuilt, postingStatus. No engineering/inspection data from open source.",Active,,,,,,,,,,,,,,,"OpenStreetMap (open data, ODbL)",https://www.openstreetmap.org/way/303951750,OSM:way/303951750,303951750,,"{""type"":""LineString"",""coordinates"":[[149.0514194,-32.7301153],[149.0515265,-32.7300526]]}"
,,OSM-303952141,Plains Creek,Culvert,,,NSW,Central West & Orana,,-32.350741,148.689738,stream,Unknown (open data),,Culvert,,,,,,,,8,,,,,,,,,,,,,"OPEN DATA (OpenStreetMap, ODbL). DQ: INCOMPLETE - geometry & identity captured; owner/region/importance INFERRED (verify). Missing: condition, conditionRating, lastInspectionDate, lga, yearBuilt, postingStatus. No engineering/inspection data from open source.",Active,,,,,,,,,,,,,,,"OpenStreetMap (open data, ODbL)",https://www.openstreetmap.org/way/303952141,OSM:way/303952141,303952141,,"{""type"":""LineString"",""coordinates"":[[148.689758,-32.3507092],[148.6897172,-32.3507723]]}"
,,OSM-303952150,Golding Creek,Culvert,,,NSW,Central West & Orana,,-33.243362,149.093955,stream,Unknown (open data),,Culvert,,,,,,,,11,,,,,,,,,,,,,"OPEN DATA (OpenStreetMap, ODbL). DQ: INCOMPLETE - geometry & identity captured; owner/region/importance INFERRED (verify). Missing: condition, conditionRating, lastInspectionDate, lga, yearBuilt, postingStatus. No engineering/inspection data from open source.",Active,,,,,,,,,,,,,,,"OpenStreetMap (open data, ODbL)",https://www.openstreetmap.org/way/303952150,OSM:way/303952150,303952150,,"{""type"":""LineString"",""coordinates"":[[149.0939528,-33.2434125],[149.0939578,-33.2433118]]}"
,,OSM-304518329,Floorboards Creek,Culvert,,,NSW,Illawarra & Shoalhaven,,-34.254515,150.53893,stream,Unknown (open data),,Culvert,,,,,,,,48,,,,,,,,,,,,,"OPEN DATA (OpenStreetMap, ODbL). DQ: INCOMPLETE - geometry & identity captured; owner/region/importance INFERRED (verify). Missing: condition, conditionRating, lastInspectionDate, lga, yearBuilt, postingStatus. No engineering/inspection data from open source.",Active,,,,,,,,,,,,,,,"OpenStreetMap (open data, ODbL)",https://www.openstreetmap.org/way/304518329,OSM:way/304518329,304518329,,"{""type"":""LineString"",""coordinates"":[[150.5387518,-34.2546789],[150.5388805,-34.254577],[150.5390093,-34.2544572],[150.539079,-34.2543464]]}"
,,OSM-304518332,Floorboards Creek,Culvert,,,NSW,Illawarra & Shoalhaven,,-34.254992,150.537907,stream,Unknown (open data),,Culvert,,,,,,,,13,,,,,,,,,,,,,"OPEN DATA (OpenStreetMap, ODbL). DQ: INCOMPLETE - geometry & identity captured; owner/region/importance INFERRED (verify). Missing: condition, conditionRating, lastInspectionDate, lga, yearBuilt, postingStatus. No engineering/inspection data from open source.",Active,,,,,,,,,,,,,,,"OpenStreetMap (open data, ODbL)",https://www.openstreetmap.org/way/304518332,OSM:way/304518332,304518332,,"{""type"":""LineString"",""coordinates"":[[150.5378452,-34.2550159],[150.5379686,-34.2549672]]}"
,,OSM-306782874,Northern Branch Canal,Culvert,,,NSW,Riverina,,-35.161288,144.145117,canal,Unknown (open data),,Culvert,,,,,,,,14,,,,,,,,,,,,,"OPEN DATA (OpenStreetMap, ODbL). DQ: INCOMPLETE - geometry & identity captured; owner/region/importance INFERRED (verify). Missing: condition, conditionRating, lastInspectionDate, lga, yearBuilt, postingStatus. No engineering/inspection data from open source.",Active,,,,,,,,,,,,,,,"OpenStreetMap (open data, ODbL)",https://www.openstreetmap.org/way/306782874,OSM:way/306782874,306782874,,"{""type"":""LineString"",""coordinates"":[[144.1451628,-35.1613361],[144.1450711,-35.1612394]]}"
,,OSM-308864603,Hunts Creek,Culvert,,,NSW,Sydney Metropolitan,,-33.792679,151.000709,stream,Unknown (open data),,Culvert,,,,,,,,42,,,,,,,,,,,,,"OPEN DATA (OpenStreetMap, ODbL). DQ: INCOMPLETE - geometry & identity captured; owner/region/importance INFERRED (verify). Missing: condition, conditionRating, lastInspectionDate, lga, yearBuilt, postingStatus. No engineering/inspection data from open source.",Active,,,,,,,,,,,,,,,"OpenStreetMap (open data, ODbL)",https://www.openstreetmap.org/way/308864603,OSM:way/308864603,308864603,,"{""type"":""LineString"",""coordinates"":[[151.0009288,-33.7926234],[151.0004901,-33.7927347]]}"
,,OSM-309643043,Eight Mile Swamp Creek,Culvert,,,NSW,Central West & Orana,,-33.599879,149.769315,stream,Unknown (open data),,Culvert,,,,,,,,31,,,,,,,,,,,,,"OPEN DATA (OpenStreetMap, ODbL). DQ: INCOMPLETE - geometry & identity captured; owner/region/importance INFERRED (verify). Missing: condition, conditionRating, lastInspectionDate, lga, yearBuilt, postingStatus. No engineering/inspection data from open source.",Active,,,,,,,,,,,,,,,"OpenStreetMap (open data, ODbL)",https://www.openstreetmap.org/way/309643043,OSM:way/309643043,309643043,,"{""type"":""LineString"",""coordinates"":[[149.7692074,-33.5999851],[149.7694224,-33.599773]]}"
,,OSM-312864553,Leumeah Creek,Culvert,,,NSW,Sydney Metropolitan,,-34.055604,150.827443,stream,Unknown (open data),,Culvert,,,,,,,,22,,,,,,,,,,,,,"OPEN DATA (OpenStreetMap, ODbL). DQ: INCOMPLETE - geometry & identity captured; owner/region/importance INFERRED (verify). Missing: condition, conditionRating, lastInspectionDate, lga, yearBuilt, postingStatus. No engineering/inspection data from open source.",Active,,,,,,,,,,,,,,,"OpenStreetMap (open data, ODbL)",https://www.openstreetmap.org/way/312864553,OSM:way/312864553,312864553,,"{""type"":""LineString"",""coordinates"":[[150.8274742,-34.0556984],[150.8274122,-34.0555104]]}"
,,OSM-312864555,Leumeah Creek,Culvert,,,NSW,Sydney Metropolitan,,-34.05277,150.828049,stream,Unknown (open data),,Culvert,,,,,,,,14,,,,,,,,,,,,,"OPEN DATA (OpenStreetMap, ODbL). DQ: INCOMPLETE - geometry & identity captured; owner/region/importance INFERRED (verify). Missing: condition, conditionRating, lastInspectionDate, lga, yearBuilt, postingStatus. No engineering/inspection data from open source.",Active,,,,,,,,,,,,,,,"OpenStreetMap (open data, ODbL)",https://www.openstreetmap.org/way/312864555,OSM:way/312864555,312864555,,"{""type"":""LineString"",""coordinates"":[[150.8281006,-34.0528146],[150.8279974,-34.0527251]]}"
,,OSM-312864557,Leumeah Creek,Culvert,,,NSW,Sydney Metropolitan,,-34.055046,150.827361,stream,Unknown (open data),,Culvert,,,,,,,,16,,,,,,,,,,,,,"OPEN DATA (OpenStreetMap, ODbL). DQ: INCOMPLETE - geometry & identity captured; owner/region/importance INFERRED (verify). Missing: condition, conditionRating, lastInspectionDate, lga, yearBuilt, postingStatus. No engineering/inspection data from open source.",Active,,,,,,,,,,,,,,,"OpenStreetMap (open data, ODbL)",https://www.openstreetmap.org/way/312864557,OSM:way/312864557,312864557,,"{""type"":""LineString"",""coordinates"":[[150.8273586,-34.0551171],[150.8273637,-34.0549755]]}"
,,OSM-316902643,Rattle Gully,Culvert,,,NSW,Northern Rivers,,-29.005952,153.436163,stream,Unknown (open data),,Culvert,,,,,,,,10,,,,,,,,,,,,,"OPEN DATA (OpenStreetMap, ODbL). DQ: INCOMPLETE - geometry & identity captured; owner/region/importance INFERRED (verify). Missing: condition, conditionRating, lastInspectionDate, lga, yearBuilt, postingStatus. No engineering/inspection data from open source.",Active,,,,,,,,,,,,,,,"OpenStreetMap (open data, ODbL)",https://www.openstreetmap.org/way/316902643,OSM:way/316902643,316902643,,"{""type"":""LineString"",""coordinates"":[[153.4362164,-29.0059513],[153.4361093,-29.0059526]]}"
,,OSM-316902646,Boundary Creek,Culvert,,,NSW,Northern Rivers,,-28.992538,153.461848,stream,Unknown (open data),,Culvert,,,,,,,,29,,,,,,,,,,,,,"OPEN DATA (OpenStreetMap, ODbL). DQ: INCOMPLETE - geometry & identity captured; owner/region/importance INFERRED (verify). Missing: condition, conditionRating, lastInspectionDate, lga, yearBuilt, postingStatus. No engineering/inspection data from open source.",Active,,,,,,,,,,,,,,,"OpenStreetMap (open data, ODbL)",https://www.openstreetmap.org/way/316902646,OSM:way/316902646,316902646,,"{""type"":""LineString"",""coordinates"":[[153.4619149,-28.9926529],[153.4617819,-28.9924226]]}"
,,OSM-317502977,Sugar Mill Creek,Culvert,,,NSW,Regional NSW,,-30.220016,153.146117,stream,Unknown (open data),,Culvert,,,,,,,,78,,,,,,,,,,,,,"OPEN DATA (OpenStreetMap, ODbL). DQ: INCOMPLETE - geometry & identity captured; owner/region/importance INFERRED (verify). Missing: condition, conditionRating, lastInspectionDate, lga, yearBuilt, postingStatus. No engineering/inspection data from open source.",Active,,,,,,,,,,,,,,,"OpenStreetMap (open data, ODbL)",https://www.openstreetmap.org/way/317502977,OSM:way/317502977,317502977,,"{""type"":""LineString"",""coordinates"":[[153.1457435,-30.2201494],[153.14649,-30.2198829]]}"
,,OSM-317781948,Dalhousie Creek,Culvert,,,NSW,Mid North Coast,,-30.537301,153.007392,stream,Unknown (open data),,Culvert,,,,,,,,19,,,,,,,,,,,,,"OPEN DATA (OpenStreetMap, ODbL). DQ: INCOMPLETE - geometry & identity captured; owner/region/importance INFERRED (verify). Missing: condition, conditionRating, lastInspectionDate, lga, yearBuilt, postingStatus. No engineering/inspection data from open source.",Active,,,,,,,,,,,,,,,"OpenStreetMap (open data, ODbL)",https://www.openstreetmap.org/way/317781948,OSM:way/317781948,317781948,,"{""type"":""LineString"",""coordinates"":[[153.0072966,-30.5373227],[153.0074878,-30.5372801]]}"
,,OSM-321423784,Teatree Creek,Culvert,,,NSW,Regional NSW,,-32.352728,152.376507,stream,Unknown (open data),,Culvert,,,,,,,,18,,,,,,,,,,,,,"OPEN DATA (OpenStreetMap, ODbL). DQ: INCOMPLETE - geometry & identity captured; owner/region/importance INFERRED (verify). Missing: condition, conditionRating, lastInspectionDate, lga, yearBuilt, postingStatus. No engineering/inspection data from open source.",Active,,,,,,,,,,,,,,,"OpenStreetMap (open data, ODbL)",https://www.openstreetmap.org/way/321423784,OSM:way/321423784,321423784,,"{""type"":""LineString"",""coordinates"":[[152.3764714,-32.3528018],[152.376542,-32.3526535]]}"
,,OSM-321792177,Cutty Creek,Culvert,,,NSW,Mid North Coast,,-31.561108,152.740963,stream,Unknown (open data),,Culvert,,,,,,,,151,,,,,,,,,,,,,"OPEN DATA (OpenStreetMap, ODbL). DQ: INCOMPLETE - geometry & identity captured; owner/region/importance INFERRED (verify). Missing: condition, conditionRating, lastInspectionDate, lga, yearBuilt, postingStatus. No engineering/inspection data from open source.",Active,,,,,,,,,,,,,,,"OpenStreetMap (open data, ODbL)",https://www.openstreetmap.org/way/321792177,OSM:way/321792177,321792177,,"{""type"":""LineString"",""coordinates"":[[152.7402741,-31.5607639],[152.7416519,-31.5614514]]}"
,,OSM-323399566,Bungarribee Creek,Culvert,,,NSW,Sydney Metropolitan,,-33.783279,150.872658,stream,Unknown (open data),,Culvert,,,,,,,,26,,,,,,,,,,,,,"OPEN DATA (OpenStreetMap, ODbL). DQ: INCOMPLETE - geometry & identity captured; owner/region/importance INFERRED (verify). Missing: condition, conditionRating, lastInspectionDate, lga, yearBuilt, postingStatus. No engineering/inspection data from open source.",Active,,,,,,,,,,,,,,,"OpenStreetMap (open data, ODbL)",https://www.openstreetmap.org/way/323399566,OSM:way/323399566,323399566,,"{""type"":""LineString"",""coordinates"":[[150.872798,-33.7832541],[150.8725182,-33.783304]]}"
,,OSM-328530518,Village Creek,Culvert,,,NSW,Central West & Orana,,-33.43326,149.556056,stream,Unknown (open data),,Culvert,,,,,,,,12,,,,,,,,,,,,,"OPEN DATA (OpenStreetMap, ODbL). DQ: INCOMPLETE - geometry & identity captured; owner/region/importance INFERRED (verify). Missing: condition, conditionRating, lastInspectionDate, lga, yearBuilt, postingStatus. No engineering/inspection data from open source.",Active,,,,,,,,,,,,,,,"OpenStreetMap (open data, ODbL)",https://www.openstreetmap.org/way/328530518,OSM:way/328530518,328530518,,"{""type"":""LineString"",""coordinates"":[[149.5559916,-33.4332545],[149.5561198,-33.4332651]]}"
,,OSM-328685567,Rayners Creek,Culvert,,,NSW,South East & Tablelands,,-34.832044,148.956531,stream,Unknown (open data),,Culvert,,,,,,,,113,,,,,,,,,,,,,"OPEN DATA (OpenStreetMap, ODbL). DQ: INCOMPLETE - geometry & identity captured; owner/region/importance INFERRED (verify). Missing: condition, conditionRating, lastInspectionDate, lga, yearBuilt, postingStatus. No engineering/inspection data from open source.",Active,,,,,,,,,,,,,,,"OpenStreetMap (open data, ODbL)",https://www.openstreetmap.org/way/328685567,OSM:way/328685567,328685567,,"{""type"":""LineString"",""coordinates"":[[148.9571338,-34.8319277],[148.9559284,-34.8321596]]}"
,,OSM-328685767,Rayners Creek,Culvert,,,NSW,South East & Tablelands,,-34.829163,148.959285,stream,Unknown (open data),,Culvert,,,,,,,,66,,,,,,,,,,,,,"OPEN DATA (OpenStreetMap, ODbL). DQ: INCOMPLETE - geometry & identity captured; owner/region/importance INFERRED (verify). Missing: condition, conditionRating, lastInspectionDate, lga, yearBuilt, postingStatus. No engineering/inspection data from open source.",Active,,,,,,,,,,,,,,,"OpenStreetMap (open data, ODbL)",https://www.openstreetmap.org/way/328685767,OSM:way/328685767,328685767,,"{""type"":""LineString"",""coordinates"":[[148.9594694,-34.8289079],[148.9591015,-34.8294182]]}"
,,OSM-328910024,Bald Hill Creek,Culvert,,,NSW,South East & Tablelands,,-34.82105,148.951725,stream,Unknown (open data),,Culvert,,,,,,,,205,,,,,,,,,,,,,"OPEN DATA (OpenStreetMap, ODbL). DQ: INCOMPLETE - geometry & identity captured; owner/region/importance INFERRED (verify). Missing: condition, conditionRating, lastInspectionDate, lga, yearBuilt, postingStatus. No engineering/inspection data from open source.",Active,,,,,,,,,,,,,,,"OpenStreetMap (open data, ODbL)",https://www.openstreetmap.org/way/328910024,OSM:way/328910024,328910024,,"{""type"":""LineString"",""coordinates"":[[148.9520602,-34.8201694],[148.95139,-34.821931]]}"
,,OSM-337784175,Murrumbo Creek,Culvert,,,NSW,Central West & Orana,,-32.399501,150.267177,stream,Unknown (open data),,Culvert,,,,,,,,11,,,,,,,,,,,,,"OPEN DATA (OpenStreetMap, ODbL). DQ: INCOMPLETE - geometry & identity captured; owner/region/importance INFERRED (verify). Missing: condition, conditionRating, lastInspectionDate, lga, yearBuilt, postingStatus. No engineering/inspection data from open source.",Active,,,,,,,,,,,,,,,"OpenStreetMap (open data, ODbL)",https://www.openstreetmap.org/way/337784175,OSM:way/337784175,337784175,,"{""type"":""LineString"",""coordinates"":[[150.267205,-32.3995461],[150.2671489,-32.3994549]]}"
,,OSM-337784322,Widden Creek,Culvert,,,NSW,Regional NSW,,-32.519783,150.363414,river,Unknown (open data),,Culvert,,,,,,,,10,,,,,,,,,,,,,"OPEN DATA (OpenStreetMap, ODbL). DQ: INCOMPLETE - geometry & identity captured; owner/region/importance INFERRED (verify). Missing: condition, conditionRating, lastInspectionDate, lga, yearBuilt, postingStatus. No engineering/inspection data from open source.",Active,,,,,,,,,,,,,,,"OpenStreetMap (open data, ODbL)",https://www.openstreetmap.org/way/337784322,OSM:way/337784322,337784322,,"{""type"":""LineString"",""coordinates"":[[150.3634323,-32.5198256],[150.3633949,-32.5197411]]}"
,,OSM-337784492,Kerrabee Creek,Culvert,,,NSW,Regional NSW,,-32.422221,150.31342,stream,Unknown (open data),,Culvert,,,,,,,,23,,,,,,,,,,,,,"OPEN DATA (OpenStreetMap, ODbL). DQ: INCOMPLETE - geometry & identity captured; owner/region/importance INFERRED (verify). Missing: condition, conditionRating, lastInspectionDate, lga, yearBuilt, postingStatus. No engineering/inspection data from open source.",Active,,,,,,,,,,,,,,,"OpenStreetMap (open data, ODbL)",https://www.openstreetmap.org/way/337784492,OSM:way/337784492,337784492,,"{""type"":""LineString"",""coordinates"":[[150.3134758,-32.4223127],[150.3133649,-32.4221298]]}"
,,OSM-337986714,Moores Creek,Culvert,,,NSW,Sydney Metropolitan,,-33.779265,151.185535,stream,Unknown (open data),,Culvert,,,,,,,,27,,,,,,,,,,,,,"OPEN DATA (OpenStreetMap, ODbL). DQ: INCOMPLETE - geometry & identity captured; owner/region/importance INFERRED (verify). Missing: condition, conditionRating, lastInspectionDate, lga, yearBuilt, postingStatus. No engineering/inspection data from open source.",Active,,,,,,,,,,,,,,,"OpenStreetMap (open data, ODbL)",https://www.openstreetmap.org/way/337986714,OSM:way/337986714,337986714,,"{""type"":""LineString"",""coordinates"":[[151.1854042,-33.7793229],[151.1856659,-33.7792078]]}"
,,OSM-337986724,Scotts Creek,Culvert,,,NSW,Sydney Metropolitan,,-33.789283,151.194054,drain,Unknown (open data),,Culvert,,,,,,,,25,,,,,,,,,,,,,"OPEN DATA (OpenStreetMap, ODbL). DQ: INCOMPLETE - geometry & identity captured; owner/region/importance INFERRED (verify). Missing: condition, conditionRating, lastInspectionDate, lga, yearBuilt, postingStatus. No engineering/inspection data from open source.",Active,,,,,,,,,,,,,,,"OpenStreetMap (open data, ODbL)",https://www.openstreetmap.org/way/337986724,OSM:way/337986724,337986724,,"{""type"":""LineString"",""coordinates"":[[151.1939448,-33.7893482],[151.1941636,-33.7892185]]}"
,,OSM-337986726,Scotts Creek,Culvert,,,NSW,Sydney Metropolitan,,-33.78993,151.193004,drain,Unknown (open data),,Culvert,,,,,,,,21,,,,,,,,,,,,,"OPEN DATA (OpenStreetMap, ODbL). DQ: INCOMPLETE - geometry & identity captured; owner/region/importance INFERRED (verify). Missing: condition, conditionRating, lastInspectionDate, lga, yearBuilt, postingStatus. No engineering/inspection data from open source.",Active,,,,,,,,,,,,,,,"OpenStreetMap (open data, ODbL)",https://www.openstreetmap.org/way/337986726,OSM:way/337986726,337986726,,"{""type"":""LineString"",""coordinates"":[[151.1928935,-33.7899431],[151.1931135,-33.7899173]]}"
,,OSM-339096141,Bluff Creek,Culvert,,,NSW,New England & North West,,-29.158728,152.000694,stream,Unknown (open data),,Culvert,,,,,,,,25,,,,,,,,,,,,,"OPEN DATA (OpenStreetMap, ODbL). DQ: INCOMPLETE - geometry & identity captured; owner/region/importance INFERRED (verify). Missing: condition, conditionRating, lastInspectionDate, lga, yearBuilt, postingStatus. No engineering/inspection data from open source.",Active,,,,,,,,,,,,,,,"OpenStreetMap (open data, ODbL)",https://www.openstreetmap.org/way/339096141,OSM:way/339096141,339096141,,"{""type"":""LineString"",""coordinates"":[[152.0008217,-29.1587473],[152.0005656,-29.1587092]]}"
,,OSM-339096164,Brayshaw Creek,Culvert,,,NSW,New England & North West,,-29.639255,152.068384,stream,Unknown (open data),,Culvert,,,,,,,,32,,,,,,,,,,,,,"OPEN DATA (OpenStreetMap, ODbL). DQ: INCOMPLETE - geometry & identity captured; owner/region/importance INFERRED (verify). Missing: condition, conditionRating, lastInspectionDate, lga, yearBuilt, postingStatus. No engineering/inspection data from open source.",Active,,,,,,,,,,,,,,,"OpenStreetMap (open data, ODbL)",https://www.openstreetmap.org/way/339096164,OSM:way/339096164,339096164,,"{""type"":""LineString"",""coordinates"":[[152.0684081,-29.6393958],[152.0683598,-29.6391138]]}"
,,OSM-339096567,Jump Up Creek,Culvert,,,NSW,New England & North West,,-29.12504,151.99722,stream,Unknown (open data),,Culvert,,,,,,,,28,,,,,,,,,,,,,"OPEN DATA (OpenStreetMap, ODbL). DQ: INCOMPLETE - geometry & identity captured; owner/region/importance INFERRED (verify). Missing: condition, conditionRating, lastInspectionDate, lga, yearBuilt, postingStatus. No engineering/inspection data from open source.",Active,,,,,,,,,,,,,,,"OpenStreetMap (open data, ODbL)",https://www.openstreetmap.org/way/339096567,OSM:way/339096567,339096567,,"{""type"":""LineString"",""coordinates"":[[151.9973653,-29.1250497],[151.997074,-29.1250306]]}"
,,OSM-339096598,Lily Creek,Culvert,,,NSW,New England & North West,,-30.789462,151.295266,stream,Unknown (open data),,Culvert,,,,,,,,11,,,,,,,,,,,,,"OPEN DATA (OpenStreetMap, ODbL). DQ: INCOMPLETE - geometry & identity captured; owner/region/importance INFERRED (verify). Missing: condition, conditionRating, lastInspectionDate, lga, yearBuilt, postingStatus. No engineering/inspection data from open source.",Active,,,,,,,,,,,,,,,"OpenStreetMap (open data, ODbL)",https://www.openstreetmap.org/way/339096598,OSM:way/339096598,339096598,,"{""type"":""LineString"",""coordinates"":[[151.2952574,-30.7895101],[151.2952754,-30.7894137]]}"
,,OSM-339097016,Peberdys Creek,Culvert,,,NSW,New England & North West,,-29.39015,151.886939,stream,Unknown (open data),,Culvert,,,,,,,,24,,,,,,,,,,,,,"OPEN DATA (OpenStreetMap, ODbL). DQ: INCOMPLETE - geometry & identity captured; owner/region/importance INFERRED (verify). Missing: condition, conditionRating, lastInspectionDate, lga, yearBuilt, postingStatus. No engineering/inspection data from open source.",Active,,,,,,,,,,,,,,,"OpenStreetMap (open data, ODbL)",https://www.openstreetmap.org/way/339097016,OSM:way/339097016,339097016,,"{""type"":""LineString"",""coordinates"":[[151.8870018,-29.3902433],[151.8868766,-29.3900574]]}"
,,OSM-339097017,Peberdys Creek,Culvert,,,NSW,New England & North West,,-29.389316,151.886957,stream,Unknown (open data),,Culvert,,,,,,,,22,,,,,,,,,,,,,"OPEN DATA (OpenStreetMap, ODbL). DQ: INCOMPLETE - geometry & identity captured; owner/region/importance INFERRED (verify). Missing: condition, conditionRating, lastInspectionDate, lga, yearBuilt, postingStatus. No engineering/inspection data from open source.",Active,,,,,,,,,,,,,,,"OpenStreetMap (open data, ODbL)",https://www.openstreetmap.org/way/339097017,OSM:way/339097017,339097017,,"{""type"":""LineString"",""coordinates"":[[151.8869763,-29.3894109],[151.8869376,-29.3892202]]}"
,,OSM-339097048,Splitters Swamp Creek,Culvert,,,NSW,New England & North West,,-29.292501,151.958248,stream,Unknown (open data),,Culvert,,,,,,,,16,,,,,,,,,,,,,"OPEN DATA (OpenStreetMap, ODbL). DQ: INCOMPLETE - geometry & identity captured; owner/region/importance INFERRED (verify). Missing: condition, conditionRating, lastInspectionDate, lga, yearBuilt, postingStatus. No engineering/inspection data from open source.",Active,,,,,,,,,,,,,,,"OpenStreetMap (open data, ODbL)",https://www.openstreetmap.org/way/339097048,OSM:way/339097048,339097048,,"{""type"":""LineString"",""coordinates"":[[151.9583057,-29.2925503],[151.9581903,-29.292452]]}"
,,OSM-339097082,Williams Creek,Culvert,,,NSW,New England & North West,,-29.894175,151.734302,stream,Unknown (open data),,Culvert,,,,,,,,19,,,,,,,,,,,,,"OPEN DATA (OpenStreetMap, ODbL). DQ: INCOMPLETE - geometry & identity captured; owner/region/importance INFERRED (verify). Missing: condition, conditionRating, lastInspectionDate, lga, yearBuilt, postingStatus. No engineering/inspection data from open source.",Active,,,,,,,,,,,,,,,"OpenStreetMap (open data, ODbL)",https://www.openstreetmap.org/way/339097082,OSM:way/339097082,339097082,,"{""type"":""LineString"",""coordinates"":[[151.734223,-29.8942222],[151.7343814,-29.8941279]]}"
,,OSM-339097223,Aberfoyle River,Culvert,,,NSW,New England & North West,,-30.107975,151.721731,stream,Unknown (open data),,Culvert,,,,,,,,18,,,,,,,,,,,,,"OPEN DATA (OpenStreetMap, ODbL). DQ: INCOMPLETE - geometry & identity captured; owner/region/importance INFERRED (verify). Missing: condition, conditionRating, lastInspectionDate, lga, yearBuilt, postingStatus. No engineering/inspection data from open source.",Active,,,,,,,,,,,,,,,"OpenStreetMap (open data, ODbL)",https://www.openstreetmap.org/way/339097223,OSM:way/339097223,339097223,,"{""type"":""LineString"",""coordinates"":[[151.7216657,-30.1079191],[151.7217971,-30.1080305]]}"
,,OSM-340560672,Pitkins Swamp Creek,Culvert,,,NSW,New England & North West,,-29.05512,152.068986,stream,Unknown (open data),,Culvert,,,,,,,,17,,,,,,,,,,,,,"OPEN DATA (OpenStreetMap, ODbL). DQ: INCOMPLETE - geometry & identity captured; owner/region/importance INFERRED (verify). Missing: condition, conditionRating, lastInspectionDate, lga, yearBuilt, postingStatus. No engineering/inspection data from open source.",Active,,,,,,,,,,,,,,,"OpenStreetMap (open data, ODbL)",https://www.openstreetmap.org/way/340560672,OSM:way/340560672,340560672,,"{""type"":""LineString"",""coordinates"":[[152.069039,-29.0551819],[152.0689331,-29.0550579]]}"
,,OSM-343221658,Alipou Creek,Culvert,,,NSW,Regional NSW,,-29.705113,152.951192,stream,Unknown (open data),,Culvert,,,,,,,,21,,,,,,,,,,,,,"OPEN DATA (OpenStreetMap, ODbL). DQ: INCOMPLETE - geometry & identity captured; owner/region/importance INFERRED (verify). Missing: condition, conditionRating, lastInspectionDate, lga, yearBuilt, postingStatus. No engineering/inspection data from open source.",Active,,,,,,,,,,,,,,,"OpenStreetMap (open data, ODbL)",https://www.openstreetmap.org/way/343221658,OSM:way/343221658,343221658,,"{""type"":""LineString"",""coordinates"":[[152.9511395,-29.7051968],[152.951244,-29.7050292]]}"
,,OSM-343222946,Edwards Creek,Culvert,,,NSW,Northern Rivers,,-29.474332,153.205049,stream,Unknown (open data),,Culvert,,,,,,,,18,,,,,,,,,,,,,"OPEN DATA (OpenStreetMap, ODbL). DQ: INCOMPLETE - geometry & identity captured; owner/region/importance INFERRED (verify). Missing: condition, conditionRating, lastInspectionDate, lga, yearBuilt, postingStatus. No engineering/inspection data from open source.",Active,,,,,,,,,,,,,,,"OpenStreetMap (open data, ODbL)",https://www.openstreetmap.org/way/343222946,OSM:way/343222946,343222946,,"{""type"":""LineString"",""coordinates"":[[153.2051418,-29.4743481],[153.2049567,-29.4743154]]}"
,,OSM-343222975,Eversons Creek,Culvert,,,NSW,Northern Rivers,,-28.998647,153.445315,stream,Unknown (open data),,Culvert,,,,,,,,31,,,,,,,,,,,,,"OPEN DATA (OpenStreetMap, ODbL). DQ: INCOMPLETE - geometry & identity captured; owner/region/importance INFERRED (verify). Missing: condition, conditionRating, lastInspectionDate, lga, yearBuilt, postingStatus. No engineering/inspection data from open source.",Active,,,,,,,,,,,,,,,"OpenStreetMap (open data, ODbL)",https://www.openstreetmap.org/way/343222975,OSM:way/343222975,343222975,,"{""type"":""LineString"",""coordinates"":[[153.4453135,-28.9987869],[153.4453161,-28.9985067]]}"
,,OSM-343223117,Oakey Creek,Culvert,,,NSW,Northern Rivers,,-29.147069,153.308399,stream,Unknown (open data),,Culvert,,,,,,,,47,,,,,,,,,,,,,"OPEN DATA (OpenStreetMap, ODbL). DQ: INCOMPLETE - geometry & identity captured; owner/region/importance INFERRED (verify). Missing: condition, conditionRating, lastInspectionDate, lga, yearBuilt, postingStatus. No engineering/inspection data from open source.",Active,,,,,,,,,,,,,,,"OpenStreetMap (open data, ODbL)",https://www.openstreetmap.org/way/343223117,OSM:way/343223117,343223117,,"{""type"":""LineString"",""coordinates"":[[153.3085147,-29.1472542],[153.3082823,-29.1468846]]}"
,,OSM-345506154,Cemetery Creek,Culvert,,,NSW,Mid North Coast,,-30.453824,152.898919,stream,Unknown (open data),,Culvert,,,,,,,,17,,,,,,,,,,,,,"OPEN DATA (OpenStreetMap, ODbL). DQ: INCOMPLETE - geometry & identity captured; owner/region/importance INFERRED (verify). Missing: condition, conditionRating, lastInspectionDate, lga, yearBuilt, postingStatus. No engineering/inspection data from open source.",Active,,,,,,,,,,,,,,,"OpenStreetMap (open data, ODbL)",https://www.openstreetmap.org/way/345506154,OSM:way/345506154,345506154,,"{""type"":""LineString"",""coordinates"":[[152.8988349,-30.4538023],[152.8990031,-30.4538465]]}"
,,OSM-345506178,Cemetery Creek,Culvert,,,NSW,Mid North Coast,,-30.454429,152.90077,stream,Unknown (open data),,Culvert,,,,,,,,11,,,,,,,,,,,,,"OPEN DATA (OpenStreetMap, ODbL). DQ: INCOMPLETE - geometry & identity captured; owner/region/importance INFERRED (verify). Missing: condition, conditionRating, lastInspectionDate, lga, yearBuilt, postingStatus. No engineering/inspection data from open source.",Active,,,,,,,,,,,,,,,"OpenStreetMap (open data, ODbL)",https://www.openstreetmap.org/way/345506178,OSM:way/345506178,345506178,,"{""type"":""LineString"",""coordinates"":[[152.9007106,-30.4544304],[152.9008298,-30.4544281]]}"
,,OSM-345506183,Cemetery Creek,Culvert,,,NSW,Mid North Coast,,-30.45377,152.910036,stream,Unknown (open data),,Culvert,,,,,,,,8,,,,,,,,,,,,,"OPEN DATA (OpenStreetMap, ODbL). DQ: INCOMPLETE - geometry & identity captured; owner/region/importance INFERRED (verify). Missing: condition, conditionRating, lastInspectionDate, lga, yearBuilt, postingStatus. No engineering/inspection data from open source.",Active,,,,,,,,,,,,,,,"OpenStreetMap (open data, ODbL)",https://www.openstreetmap.org/way/345506183,OSM:way/345506183,345506183,,"{""type"":""LineString"",""coordinates"":[[152.9100031,-30.4537947],[152.9100691,-30.4537451]]}"
,,OSM-345506192,Connell Creek,Culvert,,,NSW,Mid North Coast,,-30.455877,152.908849,stream,Unknown (open data),,Culvert,,,,,,,,17,,,,,,,,,,,,,"OPEN DATA (OpenStreetMap, ODbL). DQ: INCOMPLETE - geometry & identity captured; owner/region/importance INFERRED (verify). Missing: condition, conditionRating, lastInspectionDate, lga, yearBuilt, postingStatus. No engineering/inspection data from open source.",Active,,,,,,,,,,,,,,,"OpenStreetMap (open data, ODbL)",https://www.openstreetmap.org/way/345506192,OSM:way/345506192,345506192,,"{""type"":""LineString"",""coordinates"":[[152.9088485,-30.4558002],[152.90885,-30.4559542]]}"
,,OSM-345506197,Connell Creek,Culvert,,,NSW,Mid North Coast,,-30.456173,152.910788,stream,Unknown (open data),,Culvert,,,,,,,,7,,,,,,,,,,,,,"OPEN DATA (OpenStreetMap, ODbL). DQ: INCOMPLETE - geometry & identity captured; owner/region/importance INFERRED (verify). Missing: condition, conditionRating, lastInspectionDate, lga, yearBuilt, postingStatus. No engineering/inspection data from open source.",Active,,,,,,,,,,,,,,,"OpenStreetMap (open data, ODbL)",https://www.openstreetmap.org/way/345506197,OSM:way/345506197,345506197,,"{""type"":""LineString"",""coordinates"":[[152.9107535,-30.4561607],[152.9108217,-30.4561857]]}"
,,OSM-345643310,Giffins Creek,Culvert,,,NSW,Regional NSW,,-31.783279,149.783827,stream,Unknown (open data),,Culvert,,,,,,,,18,,,,,,,,,,,,,"OPEN DATA (OpenStreetMap, ODbL). DQ: INCOMPLETE - geometry & identity captured; owner/region/importance INFERRED (verify). Missing: condition, conditionRating, lastInspectionDate, lga, yearBuilt, postingStatus. No engineering/inspection data from open source.",Active,,,,,,,,,,,,,,,"OpenStreetMap (open data, ODbL)",https://www.openstreetmap.org/way/345643310,OSM:way/345643310,345643310,,"{""type"":""LineString"",""coordinates"":[[149.7838905,-31.7833362],[149.7837625,-31.7832214]]}"
,,OSM-345715575,Barraganyatti Creek,Culvert,,,NSW,Mid North Coast,,-30.868426,152.931607,stream,Unknown (open data),,Culvert,,,,,,,,16,,,,,,,,,,,,,"OPEN DATA (OpenStreetMap, ODbL). DQ: INCOMPLETE - geometry & identity captured; owner/region/importance INFERRED (verify). Missing: condition, conditionRating, lastInspectionDate, lga, yearBuilt, postingStatus. No engineering/inspection data from open source.",Active,,,,,,,,,,,,,,,"OpenStreetMap (open data, ODbL)",https://www.openstreetmap.org/way/345715575,OSM:way/345715575,345715575,,"{""type"":""LineString"",""coordinates"":[[152.9315906,-30.8684969],[152.9316241,-30.8683541]]}"
,,OSM-345715648,Brushy Creek,Culvert,,,NSW,Regional NSW,,-32.205957,152.323661,stream,Unknown (open data),,Culvert,,,,,,,,40,,,,,,,,,,,,,"OPEN DATA (OpenStreetMap, ODbL). DQ: INCOMPLETE - geometry & identity captured; owner/region/importance INFERRED (verify). Missing: condition, conditionRating, lastInspectionDate, lga, yearBuilt, postingStatus. No engineering/inspection data from open source.",Active,,,,,,,,,,,,,,,"OpenStreetMap (open data, ODbL)",https://www.openstreetmap.org/way/345715648,OSM:way/345715648,345715648,,"{""type"":""LineString"",""coordinates"":[[152.323489,-32.2058534],[152.3238335,-32.2060599]]}"
,,OSM-345715650,Bundacree Creek,Culvert,,,NSW,Regional NSW,,-32.131731,152.35201,stream,Unknown (open data),,Culvert,,,,,,,,38,,,,,,,,,,,,,"OPEN DATA (OpenStreetMap, ODbL). DQ: INCOMPLETE - geometry & identity captured; owner/region/importance INFERRED (verify). Missing: condition, conditionRating, lastInspectionDate, lga, yearBuilt, postingStatus. No engineering/inspection data from open source.",Active,,,,,,,,,,,,,,,"OpenStreetMap (open data, ODbL)",https://www.openstreetmap.org/way/345715650,OSM:way/345715650,345715650,,"{""type"":""LineString"",""coordinates"":[[152.3518659,-32.1316077],[152.3521535,-32.1318535]]}"
,,OSM-345715680,Coolongolook River,Culvert,,,NSW,Regional NSW,,-32.337623,152.327653,stream,Unknown (open data),,Culvert,,,,,,,,45,,,,,,,,,,,,,"OPEN DATA (OpenStreetMap, ODbL). DQ: INCOMPLETE - geometry & identity captured; owner/region/importance INFERRED (verify). Missing: condition, conditionRating, lastInspectionDate, lga, yearBuilt, postingStatus. No engineering/inspection data from open source.",Active,,,,,,,,,,,,,,,"OpenStreetMap (open data, ODbL)",https://www.openstreetmap.org/way/345715680,OSM:way/345715680,345715680,,"{""type"":""LineString"",""coordinates"":[[152.3278823,-32.3376805],[152.3274239,-32.3375665]]}"
,,OSM-345715704,Cunninghams Creek,Culvert,,,NSW,Regional NSW,,-30.199897,153.148596,stream,Unknown (open data),,Culvert,,,,,,,,120,,,,,,,,,,,,,"OPEN DATA (OpenStreetMap, ODbL). DQ: INCOMPLETE - geometry & identity captured; owner/region/importance INFERRED (verify). Missing: condition, conditionRating, lastInspectionDate, lga, yearBuilt, postingStatus. No engineering/inspection data from open source.",Active,,,,,,,,,,,,,,,"OpenStreetMap (open data, ODbL)",https://www.openstreetmap.org/way/345715704,OSM:way/345715704,345715704,,"{""type"":""LineString"",""coordinates"":[[153.1479779,-30.1999729],[153.1492138,-30.1998217]]}"
,,OSM-345715714,Dead Mans Gully,Culvert,,,NSW,Mid North Coast,,-30.789822,152.879275,stream,Unknown (open data),,Culvert,,,,,,,,50,,,,,,,,,,,,,"OPEN DATA (OpenStreetMap, ODbL). DQ: INCOMPLETE - geometry & identity captured; owner/region/importance INFERRED (verify). Missing: condition, conditionRating, lastInspectionDate, lga, yearBuilt, postingStatus. No engineering/inspection data from open source.",Active,,,,,,,,,,,,,,,"OpenStreetMap (open data, ODbL)",https://www.openstreetmap.org/way/345715714,OSM:way/345715714,345715714,,"{""type"":""LineString"",""coordinates"":[[152.8790757,-30.7896786],[152.8794748,-30.789966]]}"
,,OSM-345715760,Fresh Water Creek,Culvert,,,NSW,Mid North Coast,,-30.906346,152.943312,stream,Unknown (open data),,Culvert,,,,,,,,29,,,,,,,,,,,,,"OPEN DATA (OpenStreetMap, ODbL). DQ: INCOMPLETE - geometry & identity captured; owner/region/importance INFERRED (verify). Missing: condition, conditionRating, lastInspectionDate, lga, yearBuilt, postingStatus. No engineering/inspection data from open source.",Active,,,,,,,,,,,,,,,"OpenStreetMap (open data, ODbL)",https://www.openstreetmap.org/way/345715760,OSM:way/345715760,345715760,,"{""type"":""LineString"",""coordinates"":[[152.9432031,-30.9062567],[152.9434202,-30.9064349]]}"
,,OSM-345715789,Glenugie Creek,Culvert,,,NSW,Regional NSW,,-29.84311,153.044801,stream,Unknown (open data),,Culvert,,,,,,,,20,,,,,,,,,,,,,"OPEN DATA (OpenStreetMap, ODbL). DQ: INCOMPLETE - geometry & identity captured; owner/region/importance INFERRED (verify). Missing: condition, conditionRating, lastInspectionDate, lga, yearBuilt, postingStatus. No engineering/inspection data from open source.",Active,,,,,,,,,,,,,,,"OpenStreetMap (open data, ODbL)",https://www.openstreetmap.org/way/345715789,OSM:way/345715789,345715789,,"{""type"":""LineString"",""coordinates"":[[153.0449059,-29.84311],[153.0446967,-29.84311]]}"
,,OSM-345715858,Irrawang Spillway,Culvert,,,NSW,Hunter,,-32.728679,151.784234,stream,Unknown (open data),,Culvert,,,,,,,,39,,,,,,,,,,,,,"OPEN DATA (OpenStreetMap, ODbL). DQ: INCOMPLETE - geometry & identity captured; owner/region/importance INFERRED (verify). Missing: condition, conditionRating, lastInspectionDate, lga, yearBuilt, postingStatus. No engineering/inspection data from open source.",Active,,,,,,,,,,,,,,,"OpenStreetMap (open data, ODbL)",https://www.openstreetmap.org/way/345715858,OSM:way/345715858,345715858,,"{""type"":""LineString"",""coordinates"":[[151.7844258,-32.7287491],[151.7840422,-32.728609]]}"
,,OSM-345715926,McGraths Creek,Culvert,,,NSW,Mid North Coast,,-30.551951,153.008004,stream,Unknown (open data),,Culvert,,,,,,,,19,,,,,,,,,,,,,"OPEN DATA (OpenStreetMap, ODbL). DQ: INCOMPLETE - geometry & identity captured; owner/region/importance INFERRED (verify). Missing: condition, conditionRating, lastInspectionDate, lga, yearBuilt, postingStatus. No engineering/inspection data from open source.",Active,,,,,,,,,,,,,,,"OpenStreetMap (open data, ODbL)",https://www.openstreetmap.org/way/345715926,OSM:way/345715926,345715926,,"{""type"":""LineString"",""coordinates"":[[153.007968,-30.5518713],[153.0080395,-30.55203]]}"
,,OSM-345715950,Moonee Creek,Culvert,,,NSW,Regional NSW,,-30.167518,153.17822,stream,Unknown (open data),,Culvert,,,,,,,,50,,,,,,,,,,,,,"OPEN DATA (OpenStreetMap, ODbL). DQ: INCOMPLETE - geometry & identity captured; owner/region/importance INFERRED (verify). Missing: condition, conditionRating, lastInspectionDate, lga, yearBuilt, postingStatus. No engineering/inspection data from open source.",Active,,,,,,,,,,,,,,,"OpenStreetMap (open data, ODbL)",https://www.openstreetmap.org/way/345715950,OSM:way/345715950,345715950,,"{""type"":""LineString"",""coordinates"":[[153.1779974,-30.1673991],[153.1784417,-30.1676377]]}"
,,OSM-345715951,Moonee Creek,Culvert,,,NSW,Regional NSW,,-30.167911,153.178651,stream,Unknown (open data),,Culvert,,,,,,,,19,,,,,,,,,,,,,"OPEN DATA (OpenStreetMap, ODbL). DQ: INCOMPLETE - geometry & identity captured; owner/region/importance INFERRED (verify). Missing: condition, conditionRating, lastInspectionDate, lga, yearBuilt, postingStatus. No engineering/inspection data from open source.",Active,,,,,,,,,,,,,,,"OpenStreetMap (open data, ODbL)",https://www.openstreetmap.org/way/345715951,OSM:way/345715951,345715951,,"{""type"":""LineString"",""coordinates"":[[153.1785976,-30.1678419],[153.1787038,-30.1679808]]}"
,,OSM-345716003,Nine Mile Creek,Culvert,,,NSW,Regional NSW,,-29.795369,153.025942,stream,Unknown (open data),,Culvert,,,,,,,,237,,,,,,,,,,,,,"OPEN DATA (OpenStreetMap, ODbL). DQ: INCOMPLETE - geometry & identity captured; owner/region/importance INFERRED (verify). Missing: condition, conditionRating, lastInspectionDate, lga, yearBuilt, postingStatus. No engineering/inspection data from open source.",Active,,,,,,,,,,,,,,,"OpenStreetMap (open data, ODbL)",https://www.openstreetmap.org/way/345716003,OSM:way/345716003,345716003,,"{""type"":""LineString"",""coordinates"":[[153.02543,-29.7963382],[153.0264546,-29.7944008]]}"
,,OSM-345716005,Nine Mile Creek,Culvert,,,NSW,Regional NSW,,-29.793625,153.026553,stream,Unknown (open data),,Culvert,,,,,,,,202,,,,,,,,,,,,,"OPEN DATA (OpenStreetMap, ODbL). DQ: INCOMPLETE - geometry & identity captured; owner/region/importance INFERRED (verify). Missing: condition, conditionRating, lastInspectionDate, lga, yearBuilt, postingStatus. No engineering/inspection data from open source.",Active,,,,,,,,,,,,,,,"OpenStreetMap (open data, ODbL)",https://www.openstreetmap.org/way/345716005,OSM:way/345716005,345716005,,"{""type"":""LineString"",""coordinates"":[[153.0264546,-29.7944008],[153.0265132,-29.7938814],[153.0266917,-29.792593]]}"
,,OSM-345716006,Nine Mile Creek,Culvert,,,NSW,Hunter,,-32.674623,151.825998,stream,Unknown (open data),,Culvert,,,,,,,,41,,,,,,,,,,,,,"OPEN DATA (OpenStreetMap, ODbL). DQ: INCOMPLETE - geometry & identity captured; owner/region/importance INFERRED (verify). Missing: condition, conditionRating, lastInspectionDate, lga, yearBuilt, postingStatus. No engineering/inspection data from open source.",Active,,,,,,,,,,,,,,,"OpenStreetMap (open data, ODbL)",https://www.openstreetmap.org/way/345716006,OSM:way/345716006,345716006,,"{""type"":""LineString"",""coordinates"":[[151.8259146,-32.6744512],[151.826081,-32.6747954]]}"
,,OSM-345716022,Washpen Creek,Culvert,,,NSW,Regional NSW,,-29.733186,152.973829,stream,Unknown (open data),,Culvert,,,,,,,,15,,,,,,,,,,,,,"OPEN DATA (OpenStreetMap, ODbL). DQ: INCOMPLETE - geometry & identity captured; owner/region/importance INFERRED (verify). Missing: condition, conditionRating, lastInspectionDate, lga, yearBuilt, postingStatus. No engineering/inspection data from open source.",Active,,,,,,,,,,,,,,,"OpenStreetMap (open data, ODbL)",https://www.openstreetmap.org/way/345716022,OSM:way/345716022,345716022,,"{""type"":""LineString"",""coordinates"":[[152.9737786,-29.733238],[152.9738797,-29.7331349]]}"
,,OSM-345716027,Oyster Creek,Culvert,,,NSW,Mid North Coast,,-30.583499,153.001634,stream,Unknown (open data),,Culvert,,,,,,,,88,,,,,,,,,,,,,"OPEN DATA (OpenStreetMap, ODbL). DQ: INCOMPLETE - geometry & identity captured; owner/region/importance INFERRED (verify). Missing: condition, conditionRating, lastInspectionDate, lga, yearBuilt, postingStatus. No engineering/inspection data from open source.",Active,,,,,,,,,,,,,,,"OpenStreetMap (open data, ODbL)",https://www.openstreetmap.org/way/345716027,OSM:way/345716027,345716027,,"{""type"":""LineString"",""coordinates"":[[153.0012047,-30.5835923],[153.0015336,-30.583441],[153.0017468,-30.583428],[153.0020513,-30.5835346]]}"
,,OSM-345716028,Oyster Creek,Culvert,,,NSW,Mid North Coast,,-30.583655,153.002248,stream,Unknown (open data),,Culvert,,,,,,,,14,,,,,,,,,,,,,"OPEN DATA (OpenStreetMap, ODbL). DQ: INCOMPLETE - geometry & identity captured; owner/region/importance INFERRED (verify). Missing: condition, conditionRating, lastInspectionDate, lga, yearBuilt, postingStatus. No engineering/inspection data from open source.",Active,,,,,,,,,,,,,,,"OpenStreetMap (open data, ODbL)",https://www.openstreetmap.org/way/345716028,OSM:way/345716028,345716028,,"{""type"":""LineString"",""coordinates"":[[153.002182,-30.5836256],[153.0023147,-30.5836851]]}"
,,OSM-345718126,Pheasant Creek,Culvert,,,NSW,Regional NSW,,-29.785665,153.03456,stream,Unknown (open data),,Culvert,,,,,,,,37,,,,,,,,,,,,,"OPEN DATA (OpenStreetMap, ODbL). DQ: INCOMPLETE - geometry & identity captured; owner/region/importance INFERRED (verify). Missing: condition, conditionRating, lastInspectionDate, lga, yearBuilt, postingStatus. No engineering/inspection data from open source.",Active,,,,,,,,,,,,,,,"OpenStreetMap (open data, ODbL)",https://www.openstreetmap.org/way/345718126,OSM:way/345718126,345718126,,"{""type"":""LineString"",""coordinates"":[[153.0345937,-29.7858298],[153.0345273,-29.7855004]]}"
,,OSM-345718131,Picaninny Creek,Culvert,,,NSW,Regional NSW,,-29.785799,153.031581,stream,Unknown (open data),,Culvert,,,,,,,,96,,,,,,,,,,,,,"OPEN DATA (OpenStreetMap, ODbL). DQ: INCOMPLETE - geometry & identity captured; owner/region/importance INFERRED (verify). Missing: condition, conditionRating, lastInspectionDate, lga, yearBuilt, postingStatus. No engineering/inspection data from open source.",Active,,,,,,,,,,,,,,,"OpenStreetMap (open data, ODbL)",https://www.openstreetmap.org/way/345718131,OSM:way/345718131,345718131,,"{""type"":""LineString"",""coordinates"":[[153.0314286,-29.7861992],[153.0314921,-29.7859684],[153.0314872,-29.7857489],[153.0316532,-29.7855966],[153.0318443,-29.7854843]]}"
,,OSM-345718420,Seven Mile Creek,Culvert,,,NSW,Hunter,,-32.695163,151.807741,stream,Unknown (open data),,Culvert,,,,,,,,62,,,,,,,,,,,,,"OPEN DATA (OpenStreetMap, ODbL). DQ: INCOMPLETE - geometry & identity captured; owner/region/importance INFERRED (verify). Missing: condition, conditionRating, lastInspectionDate, lga, yearBuilt, postingStatus. No engineering/inspection data from open source.",Active,,,,,,,,,,,,,,,"OpenStreetMap (open data, ODbL)",https://www.openstreetmap.org/way/345718420,OSM:way/345718420,345718420,,"{""type"":""LineString"",""coordinates"":[[151.8074329,-32.6950567],[151.8080483,-32.6952684]]}"
,,OSM-345718726,Walkers Creek,Culvert,,,NSW,Mid North Coast,,-31.60143,152.729094,stream,Unknown (open data),,Culvert,,,,,,,,61,,,,,,,,,,,,,"OPEN DATA (OpenStreetMap, ODbL). DQ: INCOMPLETE - geometry & identity captured; owner/region/importance INFERRED (verify). Missing: condition, conditionRating, lastInspectionDate, lga, yearBuilt, postingStatus. No engineering/inspection data from open source.",Active,,,,,,,,,,,,,,,"OpenStreetMap (open data, ODbL)",https://www.openstreetmap.org/way/345718726,OSM:way/345718726,345718726,,"{""type"":""LineString"",""coordinates"":[[152.7287721,-31.6014139],[152.7294158,-31.6014452]]}"
,,OSM-345720167,Stony Creek,Culvert,,,NSW,Mid North Coast,,-30.759604,152.902196,stream,Unknown (open data),,Culvert,,,,,,,,23,,,,,,,,,,,,,"OPEN DATA (OpenStreetMap, ODbL). DQ: INCOMPLETE - geometry & identity captured; owner/region/importance INFERRED (verify). Missing: condition, conditionRating, lastInspectionDate, lga, yearBuilt, postingStatus. No engineering/inspection data from open source.",Active,,,,,,,,,,,,,,,"OpenStreetMap (open data, ODbL)",https://www.openstreetmap.org/way/345720167,OSM:way/345720167,345720167,,"{""type"":""LineString"",""coordinates"":[[152.9023136,-30.7596223],[152.9020785,-30.7595851]]}"
,,OSM-345721225,Boringalla Creek,Culvert,,,NSW,Mid North Coast,,-30.85942,152.92085,stream,Unknown (open data),,Culvert,,,,,,,,28,,,,,,,,,,,,,"OPEN DATA (OpenStreetMap, ODbL). DQ: INCOMPLETE - geometry & identity captured; owner/region/importance INFERRED (verify). Missing: condition, conditionRating, lastInspectionDate, lga, yearBuilt, postingStatus. No engineering/inspection data from open source.",Active,,,,,,,,,,,,,,,"OpenStreetMap (open data, ODbL)",https://www.openstreetmap.org/way/345721225,OSM:way/345721225,345721225,,"{""type"":""LineString"",""coordinates"":[[152.9208225,-30.8595424],[152.920878,-30.8592982]]}"
,,OSM-345721229,Marnam Creek,Culvert,,,NSW,Mid North Coast,,-30.437496,153.015099,stream,Unknown (open data),,Culvert,,,,,,,,27,,,,,,,,,,,,,"OPEN DATA (OpenStreetMap, ODbL). DQ: INCOMPLETE - geometry & identity captured; owner/region/importance INFERRED (verify). Missing: condition, conditionRating, lastInspectionDate, lga, yearBuilt, postingStatus. No engineering/inspection data from open source.",Active,,,,,,,,,,,,,,,"OpenStreetMap (open data, ODbL)",https://www.openstreetmap.org/way/345721229,OSM:way/345721229,345721229,,"{""type"":""LineString"",""coordinates"":[[153.0149599,-30.4375218],[153.0152374,-30.4374696]]}"
,,OSM-345721231,Coffs Creek Tributary,Culvert,,,NSW,Regional NSW,,-30.287018,153.124175,stream,Unknown (open data),,Culvert,,,,,,,,42,,,,,,,,,,,,,"OPEN DATA (OpenStreetMap, ODbL). DQ: INCOMPLETE - geometry & identity captured; owner/region/importance INFERRED (verify). Missing: condition, conditionRating, lastInspectionDate, lga, yearBuilt, postingStatus. No engineering/inspection data from open source.",Active,,,,,,,,,,,,,,,"OpenStreetMap (open data, ODbL)",https://www.openstreetmap.org/way/345721231,OSM:way/345721231,345721231,,"{""type"":""LineString"",""coordinates"":[[153.1239599,-30.2869934],[153.1243908,-30.2870433]]}"
,,OSM-345812265,Eversons Creek,Culvert,,,NSW,Northern Rivers,,-29.001882,153.451647,stream,Unknown (open data),,Culvert,,,,,,,,18,,,,,,,,,,,,,"OPEN DATA (OpenStreetMap, ODbL). DQ: INCOMPLETE - geometry & identity captured; owner/region/importance INFERRED (verify). Missing: condition, conditionRating, lastInspectionDate, lga, yearBuilt, postingStatus. No engineering/inspection data from open source.",Active,,,,,,,,,,,,,,,"OpenStreetMap (open data, ODbL)",https://www.openstreetmap.org/way/345812265,OSM:way/345812265,345812265,,"{""type"":""LineString"",""coordinates"":[[153.4517374,-29.0018866],[153.4515567,-29.0018776]]}"
,,OSM-345817836,Mosquito Creek,Culvert,,,NSW,Northern Rivers,,-28.900024,153.54745,stream,Unknown (open data),,Culvert,,,,,,,,8,,,,,,,,,,,,,"OPEN DATA (OpenStreetMap, ODbL). DQ: INCOMPLETE - geometry & identity captured; owner/region/importance INFERRED (verify). Missing: condition, conditionRating, lastInspectionDate, lga, yearBuilt, postingStatus. No engineering/inspection data from open source.",Active,,,,,,,,,,,,,,,"OpenStreetMap (open data, ODbL)",https://www.openstreetmap.org/way/345817836,OSM:way/345817836,345817836,,"{""type"":""LineString"",""coordinates"":[[153.5474925,-28.9000228],[153.5474071,-28.9000253]]}"
,,OSM-345934597,Muddy Gully,Culvert,,,NSW,Regional NSW,,-31.710766,149.725968,stream,Unknown (open data),,Culvert,,,,,,,,20,,,,,,,,,,,,,"OPEN DATA (OpenStreetMap, ODbL). DQ: INCOMPLETE - geometry & identity captured; owner/region/importance INFERRED (verify). Missing: condition, conditionRating, lastInspectionDate, lga, yearBuilt, postingStatus. No engineering/inspection data from open source.",Active,,,,,,,,,,,,,,,"OpenStreetMap (open data, ODbL)",https://www.openstreetmap.org/way/345934597,OSM:way/345934597,345934597,,"{""type"":""LineString"",""coordinates"":[[149.7260322,-31.7108391],[149.7259035,-31.7106919]]}"
,,OSM-347409305,Birdie Creek,Culvert,,,NSW,Central Coast,,-33.194815,151.60048,stream,Unknown (open data),,Culvert,,,,,,,,20,,,,,,,,,,,,,"OPEN DATA (OpenStreetMap, ODbL). DQ: INCOMPLETE - geometry & identity captured; owner/region/importance INFERRED (verify). Missing: condition, conditionRating, lastInspectionDate, lga, yearBuilt, postingStatus. No engineering/inspection data from open source.",Active,,,,,,,,,,,,,,,"OpenStreetMap (open data, ODbL)",https://www.openstreetmap.org/way/347409305,OSM:way/347409305,347409305,,"{""type"":""LineString"",""coordinates"":[[151.6005783,-33.1947826],[151.6003818,-33.1948476]]}"
,,OSM-347409337,Leask Creek,Culvert,,,NSW,Central Coast,,-33.425981,151.273718,stream,Unknown (open data),,Culvert,,,,,,,,20,,,,,,,,,,,,,"OPEN DATA (OpenStreetMap, ODbL). DQ: INCOMPLETE - geometry & identity captured; owner/region/importance INFERRED (verify). Missing: condition, conditionRating, lastInspectionDate, lga, yearBuilt, postingStatus. No engineering/inspection data from open source.",Active,,,,,,,,,,,,,,,"OpenStreetMap (open data, ODbL)",https://www.openstreetmap.org/way/347409337,OSM:way/347409337,347409337,,"{""type"":""LineString"",""coordinates"":[[151.2737208,-33.425892],[151.2737154,-33.4260699]]}"
,,OSM-347409338,Leask Creek,Culvert,,,NSW,Central Coast,,-33.428593,151.274723,stream,Unknown (open data),,Culvert,,,,,,,,55,,,,,,,,,,,,,"OPEN DATA (OpenStreetMap, ODbL). DQ: INCOMPLETE - geometry & identity captured; owner/region/importance INFERRED (verify). Missing: condition, conditionRating, lastInspectionDate, lga, yearBuilt, postingStatus. No engineering/inspection data from open source.",Active,,,,,,,,,,,,,,,"OpenStreetMap (open data, ODbL)",https://www.openstreetmap.org/way/347409338,OSM:way/347409338,347409338,,"{""type"":""LineString"",""coordinates"":[[151.2745734,-33.4283799],[151.2748729,-33.4288053]]}"
,,OSM-347409339,Leask Creek,Culvert,,,NSW,Central Coast,,-33.427706,151.273944,stream,Unknown (open data),,Culvert,,,,,,,,15,,,,,,,,,,,,,"OPEN DATA (OpenStreetMap, ODbL). DQ: INCOMPLETE - geometry & identity captured; owner/region/importance INFERRED (verify). Missing: condition, conditionRating, lastInspectionDate, lga, yearBuilt, postingStatus. No engineering/inspection data from open source.",Active,,,,,,,,,,,,,,,"OpenStreetMap (open data, ODbL)",https://www.openstreetmap.org/way/347409339,OSM:way/347409339,347409339,,"{""type"":""LineString"",""coordinates"":[[151.2738694,-33.4276752],[151.2740178,-33.427736]]}"
,,OSM-353448031,Gordon Creek,Culvert,,,NSW,Sydney Metropolitan,,-33.768186,151.177731,stream,Unknown (open data),,Culvert,,,,,,,,39,,,,,,,,,,,,,"OPEN DATA (OpenStreetMap, ODbL). DQ: INCOMPLETE - geometry & identity captured; owner/region/importance INFERRED (verify). Missing: condition, conditionRating, lastInspectionDate, lga, yearBuilt, postingStatus. No engineering/inspection data from open source.",Active,,,,,,,,,,,,,,,"OpenStreetMap (open data, ODbL)",https://www.openstreetmap.org/way/353448031,OSM:way/353448031,353448031,,"{""type"":""LineString"",""coordinates"":[[151.1775438,-33.7682639],[151.1779189,-33.7681071]]}"
,,OSM-353587627,Brothers Creek,Culvert,,,NSW,South East & Tablelands,,-36.284424,149.129609,stream,Unknown (open data),,Culvert,,,,,,,,17,,,,,,,,,,,,,"OPEN DATA (OpenStreetMap, ODbL). DQ: INCOMPLETE - geometry & identity captured; owner/region/importance INFERRED (verify). Missing: condition, conditionRating, lastInspectionDate, lga, yearBuilt, postingStatus. No engineering/inspection data from open source.",Active,,,,,,,,,,,,,,,"OpenStreetMap (open data, ODbL)",https://www.openstreetmap.org/way/353587627,OSM:way/353587627,353587627,,"{""type"":""LineString"",""coordinates"":[[149.1295219,-36.2844496],[149.1296958,-36.2843981]]}"
,,OSM-353587629,Harry Willows Creek,Culvert,,,NSW,South East & Tablelands,,-36.004901,149.143866,stream,Unknown (open data),,Culvert,,,,,,,,20,,,,,,,,,,,,,"OPEN DATA (OpenStreetMap, ODbL). DQ: INCOMPLETE - geometry & identity captured; owner/region/importance INFERRED (verify). Missing: condition, conditionRating, lastInspectionDate, lga, yearBuilt, postingStatus. No engineering/inspection data from open source.",Active,,,,,,,,,,,,,,,"OpenStreetMap (open data, ODbL)",https://www.openstreetmap.org/way/353587629,OSM:way/353587629,353587629,,"{""type"":""LineString"",""coordinates"":[[149.1439694,-36.0048712],[149.1437635,-36.0049306]]}"
,,OSM-353587630,Harry Willows Creek,Culvert,,,NSW,South East & Tablelands,,-36.00522,149.143092,stream,Unknown (open data),,Culvert,,,,,,,,12,,,,,,,,,,,,,"OPEN DATA (OpenStreetMap, ODbL). DQ: INCOMPLETE - geometry & identity captured; owner/region/importance INFERRED (verify). Missing: condition, conditionRating, lastInspectionDate, lga, yearBuilt, postingStatus. No engineering/inspection data from open source.",Active,,,,,,,,,,,,,,,"OpenStreetMap (open data, ODbL)",https://www.openstreetmap.org/way/353587630,OSM:way/353587630,353587630,,"{""type"":""LineString"",""coordinates"":[[149.1431456,-36.0051885],[149.1430384,-36.0052524]]}"
,,OSM-353587635,Numeralla River,Culvert,,,NSW,South East & Tablelands,,-36.284126,149.312445,river,Unknown (open data),,Culvert,,,,,,,,8,,,,,,,,,,,,,"OPEN DATA (OpenStreetMap, ODbL). DQ: INCOMPLETE - geometry & identity captured; owner/region/importance INFERRED (verify). Missing: condition, conditionRating, lastInspectionDate, lga, yearBuilt, postingStatus. No engineering/inspection data from open source.",Active,,,,,,,,,,,,,,,"OpenStreetMap (open data, ODbL)",https://www.openstreetmap.org/way/353587635,OSM:way/353587635,353587635,,"{""type"":""LineString"",""coordinates"":[[149.3124405,-36.2841622],[149.312449,-36.2840901]]}"
,,OSM-358874805,White Rock River,Culvert,,,NSW,South East & Tablelands,,-37.063033,149.35194,stream,Unknown (open data),,Culvert,,,,,,,,19,,,,,,,,,,,,,"OPEN DATA (OpenStreetMap, ODbL). DQ: INCOMPLETE - geometry & identity captured; owner/region/importance INFERRED (verify). Missing: condition, conditionRating, lastInspectionDate, lga, yearBuilt, postingStatus. No engineering/inspection data from open source.",Active,,,,,,,,,,,,,,,"OpenStreetMap (open data, ODbL)",https://www.openstreetmap.org/way/358874805,OSM:way/358874805,358874805,,"{""type"":""LineString"",""coordinates"":[[149.3519149,-37.0629522],[149.3519648,-37.0631143]]}"
,,OSM-360262001,Yarraman Number 8 Channel,Culvert,,,NSW,Riverina,,-35.54824,144.183825,canal,Unknown (open data),,Culvert,,,,,,,,17,,,,,,,,,,,,,"OPEN DATA (OpenStreetMap, ODbL). DQ: INCOMPLETE - geometry & identity captured; owner/region/importance INFERRED (verify). Missing: condition, conditionRating, lastInspectionDate, lga, yearBuilt, postingStatus. No engineering/inspection data from open source.",Active,,,,,,,,,,,,,,,"OpenStreetMap (open data, ODbL)",https://www.openstreetmap.org/way/360262001,OSM:way/360262001,360262001,,"{""type"":""LineString"",""coordinates"":[[144.1837828,-35.5483073],[144.1838676,-35.548172]]}"
,,OSM-360262718,Yarraman Extension,Culvert,,,NSW,Riverina,,-35.543038,144.211891,canal,Unknown (open data),,Culvert,,,,,,,,16,,,,,,,,,,,,,"OPEN DATA (OpenStreetMap, ODbL). DQ: INCOMPLETE - geometry & identity captured; owner/region/importance INFERRED (verify). Missing: condition, conditionRating, lastInspectionDate, lga, yearBuilt, postingStatus. No engineering/inspection data from open source.",Active,,,,,,,,,,,,,,,"OpenStreetMap (open data, ODbL)",https://www.openstreetmap.org/way/360262718,OSM:way/360262718,360262718,,"{""type"":""LineString"",""coordinates"":[[144.2118028,-35.5430523],[144.2119801,-35.5430237]]}"
,,OSM-360436138,Northern Branch Canal,Culvert,,,NSW,Riverina,,-35.071349,143.859353,canal,Unknown (open data),,Culvert,,,,,,,,20,14,,,,,,,,,,,,"OPEN DATA (OpenStreetMap, ODbL). DQ: INCOMPLETE - geometry & identity captured; owner/region/importance INFERRED (verify). Missing: condition, conditionRating, lastInspectionDate, lga, yearBuilt, postingStatus. No engineering/inspection data from open source.",Active,,,,,,,,,,,,,,,"OpenStreetMap (open data, ODbL)",https://www.openstreetmap.org/way/360436138,OSM:way/360436138,360436138,,"{""type"":""LineString"",""coordinates"":[[143.8593904,-35.0714337],[143.8593148,-35.0712651]]}"
,,OSM-362349271,Oaksland Creek,Culvert,,,NSW,Central West & Orana,,-33.406912,149.615395,stream,Unknown (open data),,Culvert,,,,,,,,431,,,,,,,,,,,,,"OPEN DATA (OpenStreetMap, ODbL). DQ: INCOMPLETE - geometry & identity captured; owner/region/importance INFERRED (verify). Missing: condition, conditionRating, lastInspectionDate, lga, yearBuilt, postingStatus. No engineering/inspection data from open source.",Active,,,,,,,,,,,,,,,"OpenStreetMap (open data, ODbL)",https://www.openstreetmap.org/way/362349271,OSM:way/362349271,362349271,,"{""type"":""LineString"",""coordinates"":[[149.617042,-33.4088348],[149.6161185,-33.4071777],[149.6152246,-33.4062637],[149.6143907,-33.4061533],[149.6142016,-33.4061316]]}"
,,OSM-362349309,Golding Creek,Culvert,,,NSW,Central West & Orana,,-33.245271,149.09479,stream,Unknown (open data),,Culvert,,,,,,,,73,,,,,,,,,,,,,"OPEN DATA (OpenStreetMap, ODbL). DQ: INCOMPLETE - geometry & identity captured; owner/region/importance INFERRED (verify). Missing: condition, conditionRating, lastInspectionDate, lga, yearBuilt, postingStatus. No engineering/inspection data from open source.",Active,,,,,,,,,,,,,,,"OpenStreetMap (open data, ODbL)",https://www.openstreetmap.org/way/362349309,OSM:way/362349309,362349309,,"{""type"":""LineString"",""coordinates"":[[149.0950066,-33.2455432],[149.0945737,-33.2449978]]}"
,,OSM-363116512,Treefern Creek,Culvert,,,NSW,Regional NSW,,-30.275092,153.104055,stream,Unknown (open data),,Culvert,,,,,,,,10,,,,,,,,,,,,,"OPEN DATA (OpenStreetMap, ODbL). DQ: INCOMPLETE - geometry & identity captured; owner/region/importance INFERRED (verify). Missing: condition, conditionRating, lastInspectionDate, lga, yearBuilt, postingStatus. No engineering/inspection data from open source.",Active,,,,,,,,,,,,,,,"OpenStreetMap (open data, ODbL)",https://www.openstreetmap.org/way/363116512,OSM:way/363116512,363116512,,"{""type"":""LineString"",""coordinates"":[[153.1040557,-30.2750471],[153.104054,-30.2751374]]}"
,,OSM-363116517,Treefern Creek,Culvert,,,NSW,Regional NSW,,-30.274266,153.104092,stream,Unknown (open data),,Culvert,,,,,,,,12,,,,,,,,,,,,,"OPEN DATA (OpenStreetMap, ODbL). DQ: INCOMPLETE - geometry & identity captured; owner/region/importance INFERRED (verify). Missing: condition, conditionRating, lastInspectionDate, lga, yearBuilt, postingStatus. No engineering/inspection data from open source.",Active,,,,,,,,,,,,,,,"OpenStreetMap (open data, ODbL)",https://www.openstreetmap.org/way/363116517,OSM:way/363116517,363116517,,"{""type"":""LineString"",""coordinates"":[[153.1040982,-30.2742141],[153.1040852,-30.2743189]]}"
,,OSM-363282891,Copper Creek,Culvert,,,NSW,South East & Tablelands,,-35.589567,149.437875,stream,Unknown (open data),,Culvert,,,,,,,,32,,,,,,,,,,,,,"OPEN DATA (OpenStreetMap, ODbL). DQ: INCOMPLETE - geometry & identity captured; owner/region/importance INFERRED (verify). Missing: condition, conditionRating, lastInspectionDate, lga, yearBuilt, postingStatus. No engineering/inspection data from open source.",Active,,,,,,,,,,,,,,,"OpenStreetMap (open data, ODbL)",https://www.openstreetmap.org/way/363282891,OSM:way/363282891,363282891,,"{""type"":""LineString"",""coordinates"":[[149.4378646,-35.5897117],[149.437885,-35.589422]]}"
,,OSM-363567953,Wells Creek,Culvert,,,NSW,South East & Tablelands,,-35.464197,149.256107,stream,Unknown (open data),,Culvert,,,,,,,,14,,,,,,,,,,,,,"OPEN DATA (OpenStreetMap, ODbL). DQ: INCOMPLETE - geometry & identity captured; owner/region/importance INFERRED (verify). Missing: condition, conditionRating, lastInspectionDate, lga, yearBuilt, postingStatus. No engineering/inspection data from open source.",Active,,,,,,,,,,,,,,,"OpenStreetMap (open data, ODbL)",https://www.openstreetmap.org/way/363567953,OSM:way/363567953,363567953,,"{""type"":""LineString"",""coordinates"":[[149.2560306,-35.4641966],[149.2561825,-35.4641976]]}"
,,OSM-363746015,Deep Creek,Culvert,,,NSW,South East & Tablelands,,-35.596496,149.143877,stream,Unknown (open data),,Culvert,,,,,,,,23,,,,,,,,,,,,,"OPEN DATA (OpenStreetMap, ODbL). DQ: INCOMPLETE - geometry & identity captured; owner/region/importance INFERRED (verify). Missing: condition, conditionRating, lastInspectionDate, lga, yearBuilt, postingStatus. No engineering/inspection data from open source.",Active,,,,,,,,,,,,,,,"OpenStreetMap (open data, ODbL)",https://www.openstreetmap.org/way/363746015,OSM:way/363746015,363746015,,"{""type"":""LineString"",""coordinates"":[[149.1439596,-35.5964198],[149.143795,-35.5965722]]}"
,,OSM-364156080,Rocky Gully,Culvert,,,NSW,South East & Tablelands,,-35.451698,149.141476,stream,Unknown (open data),,Culvert,,,,,,,,57,,,,,,,,,,,,,"OPEN DATA (OpenStreetMap, ODbL). DQ: INCOMPLETE - geometry & identity captured; owner/region/importance INFERRED (verify). Missing: condition, conditionRating, lastInspectionDate, lga, yearBuilt, postingStatus. No engineering/inspection data from open source.",Active,,,,,,,,,,,,,,,"OpenStreetMap (open data, ODbL)",https://www.openstreetmap.org/way/364156080,OSM:way/364156080,364156080,,"{""type"":""LineString"",""coordinates"":[[149.1416282,-35.4519216],[149.1413229,-35.4514737]]}"
,,OSM-364479998,Macintyre River,Culvert,,,NSW,New England & North West,,-29.792208,151.137574,river,Unknown (open data),,Culvert,,,,,,,,14,6,,,,,,,,,,,,"OPEN DATA (OpenStreetMap, ODbL). DQ: INCOMPLETE - geometry & identity captured; owner/region/importance INFERRED (verify). Missing: condition, conditionRating, lastInspectionDate, lga, yearBuilt, postingStatus. No engineering/inspection data from open source.",Active,,,,,,,,,,,,,,,"OpenStreetMap (open data, ODbL)",https://www.openstreetmap.org/way/364479998,OSM:way/364479998,364479998,,"{""type"":""LineString"",""coordinates"":[[151.1376453,-29.7921958],[151.1375036,-29.7922198]]}"
,,OSM-366605133,Smiths Creek,Culvert,,,NSW,Northern Rivers,,-28.424507,153.381829,stream,Unknown (open data),,Culvert,,,,,,,,11,,,,,,,,,,,,,"OPEN DATA (OpenStreetMap, ODbL). DQ: INCOMPLETE - geometry & identity captured; owner/region/importance INFERRED (verify). Missing: condition, conditionRating, lastInspectionDate, lga, yearBuilt, postingStatus. No engineering/inspection data from open source.",Active,,,,,,,,,,,,,,,"OpenStreetMap (open data, ODbL)",https://www.openstreetmap.org/way/366605133,OSM:way/366605133,366605133,,"{""type"":""LineString"",""coordinates"":[[153.3818765,-28.4245374],[153.3817823,-28.4244776]]}"
,,OSM-366605134,Smiths Creek,Culvert,,,NSW,Northern Rivers,,-28.421715,153.377795,stream,Unknown (open data),,Culvert,,,,,,,,13,,,,,,,,,,,,,"OPEN DATA (OpenStreetMap, ODbL). DQ: INCOMPLETE - geometry & identity captured; owner/region/importance INFERRED (verify). Missing: condition, conditionRating, lastInspectionDate, lga, yearBuilt, postingStatus. No engineering/inspection data from open source.",Active,,,,,,,,,,,,,,,"OpenStreetMap (open data, ODbL)",https://www.openstreetmap.org/way/366605134,OSM:way/366605134,366605134,,"{""type"":""LineString"",""coordinates"":[[153.3778519,-28.4217462],[153.3777372,-28.4216843]]}"
,,OSM-367426768,Loombah Creek,Culvert,,,NSW,Central West & Orana,,-32.8013,148.733046,stream,Unknown (open data),,Culvert,,,,,,,,9,,,,,,,,,,,,,"OPEN DATA (OpenStreetMap, ODbL). DQ: INCOMPLETE - geometry & identity captured; owner/region/importance INFERRED (verify). Missing: condition, conditionRating, lastInspectionDate, lga, yearBuilt, postingStatus. No engineering/inspection data from open source.",Active,,,,,,,,,,,,,,,"OpenStreetMap (open data, ODbL)",https://www.openstreetmap.org/way/367426768,OSM:way/367426768,367426768,,"{""type"":""LineString"",""coordinates"":[[148.733096,-32.8013011],[148.7329966,-32.801298]]}"
,,OSM-367426782,Jews Creek,Culvert,,,NSW,Central West & Orana,,-33.012708,148.795095,stream,Unknown (open data),,Culvert,,,,,,,,19,,,,,,,,,,,,,"OPEN DATA (OpenStreetMap, ODbL). DQ: INCOMPLETE - geometry & identity captured; owner/region/importance INFERRED (verify). Missing: condition, conditionRating, lastInspectionDate, lga, yearBuilt, postingStatus. No engineering/inspection data from open source.",Active,,,,,,,,,,,,,,,"OpenStreetMap (open data, ODbL)",https://www.openstreetmap.org/way/367426782,OSM:way/367426782,367426782,,"{""type"":""LineString"",""coordinates"":[[148.7950078,-33.0127556],[148.7951822,-33.01266]]}"
,,OSM-367426863,Reedy Creek,Culvert,,,NSW,Central West & Orana,,-33.10384,148.876815,stream,Unknown (open data),,Culvert,,,,,,,,15,,,,,,,,,,,,,"OPEN DATA (OpenStreetMap, ODbL). DQ: INCOMPLETE - geometry & identity captured; owner/region/importance INFERRED (verify). Missing: condition, conditionRating, lastInspectionDate, lga, yearBuilt, postingStatus. No engineering/inspection data from open source.",Active,,,,,,,,,,,,,,,"OpenStreetMap (open data, ODbL)",https://www.openstreetmap.org/way/367426863,OSM:way/367426863,367426863,,"{""type"":""LineString"",""coordinates"":[[148.8767995,-33.1039052],[148.8768313,-33.1037747]]}"
,,OSM-367426873,Shingle Ridge Creek,Culvert,,,NSW,Central West & Orana,,-33.086084,148.836285,stream,Unknown (open data),,Culvert,,,,,,,,15,,,,,,,,,,,,,"OPEN DATA (OpenStreetMap, ODbL). DQ: INCOMPLETE - geometry & identity captured; owner/region/importance INFERRED (verify). Missing: condition, conditionRating, lastInspectionDate, lga, yearBuilt, postingStatus. No engineering/inspection data from open source.",Active,,,,,,,,,,,,,,,"OpenStreetMap (open data, ODbL)",https://www.openstreetmap.org/way/367426873,OSM:way/367426873,367426873,,"{""type"":""LineString"",""coordinates"":[[148.8362415,-33.0861394],[148.8363291,-33.0860293]]}"
,,OSM-367427079,Kittys Creek,Culvert,,,NSW,Central West & Orana,,-33.15704,149.193651,stream,Unknown (open data),,Culvert,,,,,,,,16,,,,,,,,,,,,,"OPEN DATA (OpenStreetMap, ODbL). DQ: INCOMPLETE - geometry & identity captured; owner/region/importance INFERRED (verify). Missing: condition, conditionRating, lastInspectionDate, lga, yearBuilt, postingStatus. No engineering/inspection data from open source.",Active,,,,,,,,,,,,,,,"OpenStreetMap (open data, ODbL)",https://www.openstreetmap.org/way/367427079,OSM:way/367427079,367427079,,"{""type"":""LineString"",""coordinates"":[[149.1936045,-33.1569781],[149.1936983,-33.1571028]]}"
,,OSM-367427083,Ironbark Gully,Culvert,,,NSW,Central West & Orana,,-32.932529,148.755504,stream,Unknown (open data),,Culvert,,,,,,,,7,,,,,,,,,,,,,"OPEN DATA (OpenStreetMap, ODbL). DQ: INCOMPLETE - geometry & identity captured; owner/region/importance INFERRED (verify). Missing: condition, conditionRating, lastInspectionDate, lga, yearBuilt, postingStatus. No engineering/inspection data from open source.",Active,,,,,,,,,,,,,,,"OpenStreetMap (open data, ODbL)",https://www.openstreetmap.org/way/367427083,OSM:way/367427083,367427083,,"{""type"":""LineString"",""coordinates"":[[148.7555361,-32.932548],[148.7554719,-32.9325102]]}"
,,OSM-367857741,School Creek,Culvert,,,NSW,Central West & Orana,,-33.612107,149.144059,stream,Unknown (open data),,Culvert,,,,,,,,32,,,,,,,,,,,,,"OPEN DATA (OpenStreetMap, ODbL). DQ: INCOMPLETE - geometry & identity captured; owner/region/importance INFERRED (verify). Missing: condition, conditionRating, lastInspectionDate, lga, yearBuilt, postingStatus. No engineering/inspection data from open source.",Active,,,,,,,,,,,,,,,"OpenStreetMap (open data, ODbL)",https://www.openstreetmap.org/way/367857741,OSM:way/367857741,367857741,,"{""type"":""LineString"",""coordinates"":[[149.1440968,-33.6119647],[149.1440206,-33.6122496]]}"
,,OSM-368448754,Farrahars Creek,Culvert,,,NSW,Illawarra & Shoalhaven,,-34.354805,150.909476,stream,Unknown (open data),,Culvert,,,,,,,,25,,,,,,,,,,,,,"OPEN DATA (OpenStreetMap, ODbL). DQ: INCOMPLETE - geometry & identity captured; owner/region/importance INFERRED (verify). Missing: condition, conditionRating, lastInspectionDate, lga, yearBuilt, postingStatus. No engineering/inspection data from open source.",Active,,,,,,,,,,,,,,,"OpenStreetMap (open data, ODbL)",https://www.openstreetmap.org/way/368448754,OSM:way/368448754,368448754,,"{""type"":""LineString"",""coordinates"":[[150.9093589,-34.354751],[150.9095929,-34.3548584]]}"
,,OSM-369176371,Breakfast Creek,Culvert,,,NSW,Sydney Metropolitan,,-33.751981,150.915033,stream,Unknown (open data),,Culvert,,,,,,,,35,,,,,,,,,,,,,"OPEN DATA (OpenStreetMap, ODbL). DQ: INCOMPLETE - geometry & identity captured; owner/region/importance INFERRED (verify). Missing: condition, conditionRating, lastInspectionDate, lga, yearBuilt, postingStatus. No engineering/inspection data from open source.",Active,,,,,,,,,,,,,,,"OpenStreetMap (open data, ODbL)",https://www.openstreetmap.org/way/369176371,OSM:way/369176371,369176371,,"{""type"":""LineString"",""coordinates"":[[150.9150806,-33.7521327],[150.9149851,-33.7518283]]}"
,,OSM-370289072,Strangers Creek,Culvert,,,NSW,Sydney Metropolitan,,-33.707027,150.942151,stream,Unknown (open data),,Culvert,,,,,,,,29,,,,,,,,,,,,,"OPEN DATA (OpenStreetMap, ODbL). DQ: INCOMPLETE - geometry & identity captured; owner/region/importance INFERRED (verify). Missing: condition, conditionRating, lastInspectionDate, lga, yearBuilt, postingStatus. No engineering/inspection data from open source.",Active,,,,,,,,,,,,,,,"OpenStreetMap (open data, ODbL)",https://www.openstreetmap.org/way/370289072,OSM:way/370289072,370289072,,"{""type"":""LineString"",""coordinates"":[[150.9422783,-33.7070998],[150.9420237,-33.7069547]]}"
,,OSM-370706641,Duncans Creek,Culvert,,,NSW,Sydney Metropolitan,,-33.900338,150.645166,stream,Unknown (open data),,Culvert,,,,,,,,13,,,,,,,,,,,,,"OPEN DATA (OpenStreetMap, ODbL). DQ: INCOMPLETE - geometry & identity captured; owner/region/importance INFERRED (verify). Missing: condition, conditionRating, lastInspectionDate, lga, yearBuilt, postingStatus. No engineering/inspection data from open source.",Active,,,,,,,,,,,,,,,"OpenStreetMap (open data, ODbL)",https://www.openstreetmap.org/way/370706641,OSM:way/370706641,370706641,,"{""type"":""LineString"",""coordinates"":[[150.6451891,-33.900392],[150.645142,-33.9002849]]}"
,,OSM-371272904,Menangle Creek,Culvert,,,NSW,Sydney Metropolitan,,-34.109177,150.781367,stream,Unknown (open data),,Culvert,,,,,,,,9,,,,,,,,,,,,,"OPEN DATA (OpenStreetMap, ODbL). DQ: INCOMPLETE - geometry & identity captured; owner/region/importance INFERRED (verify). Missing: condition, conditionRating, lastInspectionDate, lga, yearBuilt, postingStatus. No engineering/inspection data from open source.",Active,,,,,,,,,,,,,,,"OpenStreetMap (open data, ODbL)",https://www.openstreetmap.org/way/371272904,OSM:way/371272904,371272904,,"{""type"":""LineString"",""coordinates"":[[150.781406,-34.1091569],[150.7813274,-34.1091979]]}"
,,OSM-371860318,Lovers Jump Creek,Culvert,,,NSW,Sydney Metropolitan,,-33.719452,151.138409,stream,Unknown (open data),,Culvert,,,,,,,,17,,,,,,,,,,,,,"OPEN DATA (OpenStreetMap, ODbL). DQ: INCOMPLETE - geometry & identity captured; owner/region/importance INFERRED (verify). Missing: condition, conditionRating, lastInspectionDate, lga, yearBuilt, postingStatus. No engineering/inspection data from open source.",Active,,,,,,,,,,,,,,,"OpenStreetMap (open data, ODbL)",https://www.openstreetmap.org/way/371860318,OSM:way/371860318,371860318,,"{""type"":""LineString"",""coordinates"":[[151.1383539,-33.7195109],[151.1384641,-33.7193927]]}"
,,OSM-372263080,Cabramatta Creek,Culvert,,,NSW,Sydney Metropolitan,,-33.951604,150.849169,stream,Unknown (open data),,Culvert,,,,,,,,42,,,,,,,,,,,,,"OPEN DATA (OpenStreetMap, ODbL). DQ: INCOMPLETE - geometry & identity captured; owner/region/importance INFERRED (verify). Missing: condition, conditionRating, lastInspectionDate, lga, yearBuilt, postingStatus. No engineering/inspection data from open source.",Active,,,,,,,,,,,,,,,"OpenStreetMap (open data, ODbL)",https://www.openstreetmap.org/way/372263080,OSM:way/372263080,372263080,,"{""type"":""LineString"",""coordinates"":[[150.8491252,-33.9517872],[150.8492129,-33.951421]]}"
,,OSM-372263081,Cabramatta Creek,Culvert,,,NSW,Sydney Metropolitan,,-33.957198,150.8473,stream,Unknown (open data),,Culvert,,,,,,,,15,,,,,,,,,,,,,"OPEN DATA (OpenStreetMap, ODbL). DQ: INCOMPLETE - geometry & identity captured; owner/region/importance INFERRED (verify). Missing: condition, conditionRating, lastInspectionDate, lga, yearBuilt, postingStatus. No engineering/inspection data from open source.",Active,,,,,,,,,,,,,,,"OpenStreetMap (open data, ODbL)",https://www.openstreetmap.org/way/372263081,OSM:way/372263081,372263081,,"{""type"":""LineString"",""coordinates"":[[150.8472878,-33.9572641],[150.8473115,-33.9571317]]}"
,,OSM-372263082,Cabramatta Creek,Culvert,,,NSW,Sydney Metropolitan,,-33.965221,150.843289,stream,Unknown (open data),,Culvert,,,,,,,,15,,,,,,,,,,,,,"OPEN DATA (OpenStreetMap, ODbL). DQ: INCOMPLETE - geometry & identity captured; owner/region/importance INFERRED (verify). Missing: condition, conditionRating, lastInspectionDate, lga, yearBuilt, postingStatus. No engineering/inspection data from open source.",Active,,,,,,,,,,,,,,,"OpenStreetMap (open data, ODbL)",https://www.openstreetmap.org/way/372263082,OSM:way/372263082,372263082,,"{""type"":""LineString"",""coordinates"":[[150.8432316,-33.9652664],[150.8433462,-33.9651761]]}"
,,OSM-372263083,Cabramatta Creek,Culvert,,,NSW,Sydney Metropolitan,,-33.960631,150.845595,stream,Unknown (open data),,Culvert,,,,,,,,25,,,,,,,,,,,,,"OPEN DATA (OpenStreetMap, ODbL). DQ: INCOMPLETE - geometry & identity captured; owner/region/importance INFERRED (verify). Missing: condition, conditionRating, lastInspectionDate, lga, yearBuilt, postingStatus. No engineering/inspection data from open source.",Active,,,,,,,,,,,,,,,"OpenStreetMap (open data, ODbL)",https://www.openstreetmap.org/way/372263083,OSM:way/372263083,372263083,,"{""type"":""LineString"",""coordinates"":[[150.8455133,-33.960722],[150.8456757,-33.9605409]]}"
,,OSM-372555075,Orphan School Creek,Culvert,,,NSW,Sydney Metropolitan,,-33.865358,150.910783,drain,Unknown (open data),,Culvert,,,,,,,,27,,,,,,,,,,,,,"OPEN DATA (OpenStreetMap, ODbL). DQ: INCOMPLETE - geometry & identity captured; owner/region/importance INFERRED (verify). Missing: condition, conditionRating, lastInspectionDate, lga, yearBuilt, postingStatus. No engineering/inspection data from open source.",Active,,,,,,,,,,,,,,,"OpenStreetMap (open data, ODbL)",https://www.openstreetmap.org/way/372555075,OSM:way/372555075,372555075,,"{""type"":""LineString"",""coordinates"":[[150.9106714,-33.865282],[150.9108942,-33.865433]]}"
,,OSM-372555076,Orphan School Creek,Culvert,,,NSW,Sydney Metropolitan,,-33.865488,150.900392,drain,Unknown (open data),,Culvert,,,,,,,,23,,,,,,,,,,,,,"OPEN DATA (OpenStreetMap, ODbL). DQ: INCOMPLETE - geometry & identity captured; owner/region/importance INFERRED (verify). Missing: condition, conditionRating, lastInspectionDate, lga, yearBuilt, postingStatus. No engineering/inspection data from open source.",Active,,,,,,,,,,,,,,,"OpenStreetMap (open data, ODbL)",https://www.openstreetmap.org/way/372555076,OSM:way/372555076,372555076,,"{""type"":""LineString"",""coordinates"":[[150.9002944,-33.8655551],[150.9004896,-33.865421]]}"
,,OSM-372555077,Orphan School Creek,Culvert,,,NSW,Sydney Metropolitan,,-33.868244,150.897592,drain,Unknown (open data),,Culvert,,,,,,,,32,,,,,,,,,,,,,"OPEN DATA (OpenStreetMap, ODbL). DQ: INCOMPLETE - geometry & identity captured; owner/region/importance INFERRED (verify). Missing: condition, conditionRating, lastInspectionDate, lga, yearBuilt, postingStatus. No engineering/inspection data from open source.",Active,,,,,,,,,,,,,,,"OpenStreetMap (open data, ODbL)",https://www.openstreetmap.org/way/372555077,OSM:way/372555077,372555077,,"{""type"":""LineString"",""coordinates"":[[150.8974183,-33.8682383],[150.8977654,-33.8682491]]}"
,,OSM-372555078,Orphan School Creek,Culvert,,,NSW,Sydney Metropolitan,,-33.869812,150.888842,drain,Unknown (open data),,Culvert,,,,,,,,61,,,,,,,,,,,,,"OPEN DATA (OpenStreetMap, ODbL). DQ: INCOMPLETE - geometry & identity captured; owner/region/importance INFERRED (verify). Missing: condition, conditionRating, lastInspectionDate, lga, yearBuilt, postingStatus. No engineering/inspection data from open source.",Active,,,,,,,,,,,,,,,"OpenStreetMap (open data, ODbL)",https://www.openstreetmap.org/way/372555078,OSM:way/372555078,372555078,,"{""type"":""LineString"",""coordinates"":[[150.8885125,-33.8697757],[150.889172,-33.8698491]]}"
,,OSM-372566154,Orphan School Creek,Culvert,,,NSW,Sydney Metropolitan,,-33.869249,150.884576,drain,Unknown (open data),,Culvert,,,,,,,,25,,,,,,,,,,,,,"OPEN DATA (OpenStreetMap, ODbL). DQ: INCOMPLETE - geometry & identity captured; owner/region/importance INFERRED (verify). Missing: condition, conditionRating, lastInspectionDate, lga, yearBuilt, postingStatus. No engineering/inspection data from open source.",Active,,,,,,,,,,,,,,,"OpenStreetMap (open data, ODbL)",https://www.openstreetmap.org/way/372566154,OSM:way/372566154,372566154,,"{""type"":""LineString"",""coordinates"":[[150.8844414,-33.8692645],[150.8847115,-33.8692328]]}"
,,OSM-373836702,Cooks River,Culvert,,,NSW,Sydney Metropolitan,,-33.880795,151.068582,drain,Unknown (open data),,Culvert,,,,,,,,55,,,,,,,,,,,,,"OPEN DATA (OpenStreetMap, ODbL). DQ: INCOMPLETE - geometry & identity captured; owner/region/importance INFERRED (verify). Missing: condition, conditionRating, lastInspectionDate, lga, yearBuilt, postingStatus. No engineering/inspection data from open source.",Active,,,,,,,,,,,,,,,"OpenStreetMap (open data, ODbL)",https://www.openstreetmap.org/way/373836702,OSM:way/373836702,373836702,,"{""type"":""LineString"",""coordinates"":[[151.0682882,-33.8807961],[151.0684176,-33.8808046],[151.0685905,-33.8807957],[151.068729,-33.8807853],[151.0688838,-33.880792]]}"
,,OSM-373863992,A'Becketts Creek,Culvert,,,NSW,Sydney Metropolitan,,-33.827116,151.007359,drain,Unknown (open data),,Culvert,,,,,,,,80,,,,,,,,,,,,,"OPEN DATA (OpenStreetMap, ODbL). DQ: INCOMPLETE - geometry & identity captured; owner/region/importance INFERRED (verify). Missing: condition, conditionRating, lastInspectionDate, lga, yearBuilt, postingStatus. No engineering/inspection data from open source.",Active,,,,,,,,,,,,,,,"OpenStreetMap (open data, ODbL)",https://www.openstreetmap.org/way/373863992,OSM:way/373863992,373863992,,"{""type"":""LineString"",""coordinates"":[[151.0069451,-33.8270898],[151.0070857,-33.8271042],[151.0070986,-33.8271085],[151.0075255,-33.8271085],[151.0077022,-33.8271279],[151.0077982,-33.8271582]]}"
,,OSM-374042021,Table Top Creek,Culvert,,,NSW,Riverina,,-35.903658,147.074322,stream,Unknown (open data),,Culvert,,,,,,,,18,,,,,,,,,,,,,"OPEN DATA (OpenStreetMap, ODbL). DQ: INCOMPLETE - geometry & identity captured; owner/region/importance INFERRED (verify). Missing: condition, conditionRating, lastInspectionDate, lga, yearBuilt, postingStatus. No engineering/inspection data from open source.",Active,,,,,,,,,,,,,,,"OpenStreetMap (open data, ODbL)",https://www.openstreetmap.org/way/374042021,OSM:way/374042021,374042021,,"{""type"":""LineString"",""coordinates"":[[147.0744099,-35.9036986],[147.0742335,-35.9036169]]}"
,,OSM-374228883,Billabung Creek,Culvert,,,NSW,Riverina,,-34.826823,147.775764,stream,Unknown (open data),,Culvert,,,,,,,,15,,,,,,,,,,,,,"OPEN DATA (OpenStreetMap, ODbL). DQ: INCOMPLETE - geometry & identity captured; owner/region/importance INFERRED (verify). Missing: condition, conditionRating, lastInspectionDate, lga, yearBuilt, postingStatus. No engineering/inspection data from open source.",Active,,,,,,,,,,,,,,,"OpenStreetMap (open data, ODbL)",https://www.openstreetmap.org/way/374228883,OSM:way/374228883,374228883,,"{""type"":""LineString"",""coordinates"":[[147.7757337,-34.8267629],[147.7757942,-34.8268835]]}"
,,OSM-374245659,Brawlin Creek,Culvert,,,NSW,Regional NSW,,-34.753957,148.053843,stream,Unknown (open data),,Culvert,,,,,,,,12,,,,,,,,,,,,,"OPEN DATA (OpenStreetMap, ODbL). DQ: INCOMPLETE - geometry & identity captured; owner/region/importance INFERRED (verify). Missing: condition, conditionRating, lastInspectionDate, lga, yearBuilt, postingStatus. No engineering/inspection data from open source.",Active,,,,,,,,,,,,,,,"OpenStreetMap (open data, ODbL)",https://www.openstreetmap.org/way/374245659,OSM:way/374245659,374245659,,"{""type"":""LineString"",""coordinates"":[[148.0537905,-34.7539918],[148.0538949,-34.7539223]]}"
,,OSM-374374874,Spring Gully Creek,Culvert,,,NSW,Sydney Metropolitan,,-33.713061,151.115057,stream,Unknown (open data),,Culvert,,,,,,,,304,,,,,,,,,,,,,"OPEN DATA (OpenStreetMap, ODbL). DQ: INCOMPLETE - geometry & identity captured; owner/region/importance INFERRED (verify). Missing: condition, conditionRating, lastInspectionDate, lga, yearBuilt, postingStatus. No engineering/inspection data from open source.",Active,,,,,,,,,,,,,,,"OpenStreetMap (open data, ODbL)",https://www.openstreetmap.org/way/374374874,OSM:way/374374874,374374874,,"{""type"":""LineString"",""coordinates"":[[151.1145964,-33.7138988],[151.114643,-33.7136887],[151.1147171,-33.7133544],[151.1151489,-33.7128145],[151.1161792,-33.711547]]}"
,,OSM-374382078,Muttama Creek,Culvert,,,NSW,Regional NSW,,-34.869627,148.125775,stream,Unknown (open data),,Culvert,,,,,,,,20,,,,,,,,,,,,,"OPEN DATA (OpenStreetMap, ODbL). DQ: INCOMPLETE - geometry & identity captured; owner/region/importance INFERRED (verify). Missing: condition, conditionRating, lastInspectionDate, lga, yearBuilt, postingStatus. No engineering/inspection data from open source.",Active,,,,,,,,,,,,,,,"OpenStreetMap (open data, ODbL)",https://www.openstreetmap.org/way/374382078,OSM:way/374382078,374382078,,"{""type"":""LineString"",""coordinates"":[[148.1258283,-34.8695507],[148.1257225,-34.8697038]]}"
,,OSM-374811098,Dairy Creek,Culvert,,,NSW,Central West & Orana,,-33.309983,149.133624,stream,Unknown (open data),,Culvert,,,,,,,,21,1,,,,,,,,,,,,"OPEN DATA (OpenStreetMap, ODbL). DQ: INCOMPLETE - geometry & identity captured; owner/region/importance INFERRED (verify). Missing: condition, conditionRating, lastInspectionDate, lga, yearBuilt, postingStatus. No engineering/inspection data from open source.",Active,,,,,,,,,,,,,,,"OpenStreetMap (open data, ODbL)",https://www.openstreetmap.org/way/374811098,OSM:way/374811098,374811098,,"{""type"":""LineString"",""coordinates"":[[149.1335508,-33.310057],[149.1336976,-33.3099085]]}"
,,OSM-374811103,Ploughmans Creek,Culvert,,,NSW,Central West & Orana,,-33.278001,149.069878,stream,Unknown (open data),,Culvert,,,,,,,,29,,,,,,,,,,,,,"OPEN DATA (OpenStreetMap, ODbL). DQ: INCOMPLETE - geometry & identity captured; owner/region/importance INFERRED (verify). Missing: condition, conditionRating, lastInspectionDate, lga, yearBuilt, postingStatus. No engineering/inspection data from open source.",Active,,,,,,,,,,,,,,,"OpenStreetMap (open data, ODbL)",https://www.openstreetmap.org/way/374811103,OSM:way/374811103,374811103,,"{""type"":""LineString"",""coordinates"":[[149.0697404,-33.2780648],[149.0700149,-33.2779368]]}"
,,OSM-374811104,Ploughmans Creek,Culvert,,,NSW,Central West & Orana,,-33.283209,149.068388,stream,Unknown (open data),,Culvert,,,,,,,,25,,,,,,,,,,,,,"OPEN DATA (OpenStreetMap, ODbL). DQ: INCOMPLETE - geometry & identity captured; owner/region/importance INFERRED (verify). Missing: condition, conditionRating, lastInspectionDate, lga, yearBuilt, postingStatus. No engineering/inspection data from open source.",Active,,,,,,,,,,,,,,,"OpenStreetMap (open data, ODbL)",https://www.openstreetmap.org/way/374811104,OSM:way/374811104,374811104,,"{""type"":""LineString"",""coordinates"":[[149.0683997,-33.2833223],[149.0683765,-33.283096]]}"
,,OSM-376030295,Town Creek,Culvert,,,NSW,Illawarra & Shoalhaven,,-34.77613,150.69153,stream,Unknown (open data),,Culvert,,,,,,,,10,,,,,,,,,,,,,"OPEN DATA (OpenStreetMap, ODbL). DQ: INCOMPLETE - geometry & identity captured; owner/region/importance INFERRED (verify). Missing: condition, conditionRating, lastInspectionDate, lga, yearBuilt, postingStatus. No engineering/inspection data from open source.",Active,,,,,,,,,,,,,,,"OpenStreetMap (open data, ODbL)",https://www.openstreetmap.org/way/376030295,OSM:way/376030295,376030295,,"{""type"":""LineString"",""coordinates"":[[150.6914825,-34.7761122],[150.6915784,-34.7761485]]}"
,,OSM-376030296,Town Creek,Culvert,,,NSW,Illawarra & Shoalhaven,,-34.777491,150.696547,stream,Unknown (open data),,Culvert,,,,,,,,11,,,,,,,,,,,,,"OPEN DATA (OpenStreetMap, ODbL). DQ: INCOMPLETE - geometry & identity captured; owner/region/importance INFERRED (verify). Missing: condition, conditionRating, lastInspectionDate, lga, yearBuilt, postingStatus. No engineering/inspection data from open source.",Active,,,,,,,,,,,,,,,"OpenStreetMap (open data, ODbL)",https://www.openstreetmap.org/way/376030296,OSM:way/376030296,376030296,,"{""type"":""LineString"",""coordinates"":[[150.6965523,-34.7774415],[150.696542,-34.7775411]]}"
,,OSM-377394805,Gravelly Creek,Culvert,,,NSW,Regional NSW,,-29.001166,149.023331,stream,Unknown (open data),,Culvert,,,,,,,,18,,,,,,,,,,,,,"OPEN DATA (OpenStreetMap, ODbL). DQ: INCOMPLETE - geometry & identity captured; owner/region/importance INFERRED (verify). Missing: condition, conditionRating, lastInspectionDate, lga, yearBuilt, postingStatus. No engineering/inspection data from open source.",Active,,,,,,,,,,,,,,,"OpenStreetMap (open data, ODbL)",https://www.openstreetmap.org/way/377394805,OSM:way/377394805,377394805,,"{""type"":""LineString"",""coordinates"":[[149.0233434,-29.0010841],[149.0233181,-29.0012488]]}"
,,OSM-378117334,Vineyard Creek,Culvert,,,NSW,Sydney Metropolitan,,-33.809093,151.027945,stream,Unknown (open data),,Culvert,,,,,,,,14,,,,,,,,,,,,,"OPEN DATA (OpenStreetMap, ODbL). DQ: INCOMPLETE - geometry & identity captured; owner/region/importance INFERRED (verify). Missing: condition, conditionRating, lastInspectionDate, lga, yearBuilt, postingStatus. No engineering/inspection data from open source.",Active,,,,,,,,,,,,,,,"OpenStreetMap (open data, ODbL)",https://www.openstreetmap.org/way/378117334,OSM:way/378117334,378117334,,"{""type"":""LineString"",""coordinates"":[[151.027949,-33.8090327],[151.0279416,-33.809154]]}"
,,OSM-378280756,Eight Mile Swamp Creek,Culvert,,,NSW,Central West & Orana,,-33.600692,149.770524,stream,Unknown (open data),,Culvert,,,,,,,,22,,,,,,,,,,,,,"OPEN DATA (OpenStreetMap, ODbL). DQ: INCOMPLETE - geometry & identity captured; owner/region/importance INFERRED (verify). Missing: condition, conditionRating, lastInspectionDate, lga, yearBuilt, postingStatus. No engineering/inspection data from open source.",Active,,,,,,,,,,,,,,,"OpenStreetMap (open data, ODbL)",https://www.openstreetmap.org/way/378280756,OSM:way/378280756,378280756,,"{""type"":""LineString"",""coordinates"":[[149.7706047,-33.6006218],[149.770443,-33.6007614]]}"
,,OSM-378536971,Avondale Creek,Culvert,,,NSW,Sydney Metropolitan,,-33.753749,151.119024,stream,Unknown (open data),,Culvert,,,,,,,,23,,,,,,,,,,,,,"OPEN DATA (OpenStreetMap, ODbL). DQ: INCOMPLETE - geometry & identity captured; owner/region/importance INFERRED (verify). Missing: condition, conditionRating, lastInspectionDate, lga, yearBuilt, postingStatus. No engineering/inspection data from open source.",Active,,,,,,,,,,,,,,,"OpenStreetMap (open data, ODbL)",https://www.openstreetmap.org/way/378536971,OSM:way/378536971,378536971,,"{""type"":""LineString"",""coordinates"":[[151.1190767,-33.7536294],[151.119004,-33.7537917],[151.1189924,-33.7538246]]}"
,,OSM-378587834,Spring Gully Creek,Culvert,,,NSW,Sydney Metropolitan,,-33.708435,151.118053,stream,Unknown (open data),,Culvert,,,,,,,,50,,,,,,,,,,,,,"OPEN DATA (OpenStreetMap, ODbL). DQ: INCOMPLETE - geometry & identity captured; owner/region/importance INFERRED (verify). Missing: condition, conditionRating, lastInspectionDate, lga, yearBuilt, postingStatus. No engineering/inspection data from open source.",Active,,,,,,,,,,,,,,,"OpenStreetMap (open data, ODbL)",https://www.openstreetmap.org/way/378587834,OSM:way/378587834,378587834,,"{""type"":""LineString"",""coordinates"":[[151.1178577,-33.7085933],[151.1182479,-33.7082773]]}"
,,OSM-378639218,South Branch Cowan Creek,Culvert,,,NSW,Sydney Metropolitan,,-33.732187,151.146813,stream,Unknown (open data),,Culvert,,,,,,,,17,,,,,,,,,,,,,"OPEN DATA (OpenStreetMap, ODbL). DQ: INCOMPLETE - geometry & identity captured; owner/region/importance INFERRED (verify). Missing: condition, conditionRating, lastInspectionDate, lga, yearBuilt, postingStatus. No engineering/inspection data from open source.",Active,,,,,,,,,,,,,,,"OpenStreetMap (open data, ODbL)",https://www.openstreetmap.org/way/378639218,OSM:way/378639218,378639218,,"{""type"":""LineString"",""coordinates"":[[151.1467334,-33.7322264],[151.1468928,-33.7321479]]}"
,,OSM-378639219,Cowan Creek,Culvert,,,NSW,Sydney Metropolitan,,-33.732576,151.145619,stream,Unknown (open data),,Culvert,,,,,,,,13,,,,,,,,,,,,,"OPEN DATA (OpenStreetMap, ODbL). DQ: INCOMPLETE - geometry & identity captured; owner/region/importance INFERRED (verify). Missing: condition, conditionRating, lastInspectionDate, lga, yearBuilt, postingStatus. No engineering/inspection data from open source.",Active,,,,,,,,,,,,,,,"OpenStreetMap (open data, ODbL)",https://www.openstreetmap.org/way/378639219,OSM:way/378639219,378639219,,"{""type"":""LineString"",""coordinates"":[[151.1455593,-33.7326032],[151.1456779,-33.732549]]}"
,,OSM-378639220,South Branch Cowan Creek,Culvert,,,NSW,Sydney Metropolitan,,-33.730798,151.147905,stream,Unknown (open data),,Culvert,,,,,,,,20,,,,,,,,,,,,,"OPEN DATA (OpenStreetMap, ODbL). DQ: INCOMPLETE - geometry & identity captured; owner/region/importance INFERRED (verify). Missing: condition, conditionRating, lastInspectionDate, lga, yearBuilt, postingStatus. No engineering/inspection data from open source.",Active,,,,,,,,,,,,,,,"OpenStreetMap (open data, ODbL)",https://www.openstreetmap.org/way/378639220,OSM:way/378639220,378639220,,"{""type"":""LineString"",""coordinates"":[[151.1478464,-33.7308739],[151.147964,-33.730723]]}"
,,OSM-378978001,Scotts Creek,Culvert,,,NSW,Sydney Metropolitan,,-33.78501,151.200712,stream,Unknown (open data),,Culvert,,,,,,,,101,,,,,,,,,,,,,"OPEN DATA (OpenStreetMap, ODbL). DQ: INCOMPLETE - geometry & identity captured; owner/region/importance INFERRED (verify). Missing: condition, conditionRating, lastInspectionDate, lga, yearBuilt, postingStatus. No engineering/inspection data from open source.",Active,,,,,,,,,,,,,,,"OpenStreetMap (open data, ODbL)",https://www.openstreetmap.org/way/378978001,OSM:way/378978001,378978001,,"{""type"":""LineString"",""coordinates"":[[151.2002662,-33.784751],[151.2011576,-33.7852694]]}"
,,OSM-380184140,Molong Creek,Culvert,,,NSW,Central West & Orana,,-33.302329,149.028975,stream,Unknown (open data),,Culvert,,,,,,,,5,,,,,,,,,,,,,"OPEN DATA (OpenStreetMap, ODbL). DQ: INCOMPLETE - geometry & identity captured; owner/region/importance INFERRED (verify). Missing: condition, conditionRating, lastInspectionDate, lga, yearBuilt, postingStatus. No engineering/inspection data from open source.",Active,,,,,,,,,,,,,,,"OpenStreetMap (open data, ODbL)",https://www.openstreetmap.org/way/380184140,OSM:way/380184140,380184140,,"{""type"":""LineString"",""coordinates"":[[149.028962,-33.3023484],[149.028987,-33.3023089]]}"
,,OSM-380745963,Bongaralaby Creek,Culvert,,,NSW,South East & Tablelands,,-35.010113,149.647745,stream,Unknown (open data),,Culvert,,,,,,,,10,,,,,,,,,,,,,"OPEN DATA (OpenStreetMap, ODbL). DQ: INCOMPLETE - geometry & identity captured; owner/region/importance INFERRED (verify). Missing: condition, conditionRating, lastInspectionDate, lga, yearBuilt, postingStatus. No engineering/inspection data from open source.",Active,,,,,,,,,,,,,,,"OpenStreetMap (open data, ODbL)",https://www.openstreetmap.org/way/380745963,OSM:way/380745963,380745963,,"{""type"":""LineString"",""coordinates"":[[149.6476909,-35.0101204],[149.6477991,-35.0101058]]}"
,,OSM-380747293,School House Creek,Culvert,,,NSW,South East & Tablelands,,-35.760004,149.637763,stream,Unknown (open data),,Culvert,,,,,,,,7,,,,,,,,,,,,,"OPEN DATA (OpenStreetMap, ODbL). DQ: INCOMPLETE - geometry & identity captured; owner/region/importance INFERRED (verify). Missing: condition, conditionRating, lastInspectionDate, lga, yearBuilt, postingStatus. No engineering/inspection data from open source.",Active,,,,,,,,,,,,,,,"OpenStreetMap (open data, ODbL)",https://www.openstreetmap.org/way/380747293,OSM:way/380747293,380747293,,"{""type"":""LineString"",""coordinates"":[[149.6377242,-35.7599975],[149.6378022,-35.76001]]}"
,,OSM-380747951,Kiamma Creek,Culvert,,,NSW,South East & Tablelands,,-34.455026,149.467654,stream,Unknown (open data),,Culvert,,,,,,,,9,,,,,,,,,,,,,"OPEN DATA (OpenStreetMap, ODbL). DQ: INCOMPLETE - geometry & identity captured; owner/region/importance INFERRED (verify). Missing: condition, conditionRating, lastInspectionDate, lga, yearBuilt, postingStatus. No engineering/inspection data from open source.",Active,,,,,,,,,,,,,,,"OpenStreetMap (open data, ODbL)",https://www.openstreetmap.org/way/380747951,OSM:way/380747951,380747951,,"{""type"":""LineString"",""coordinates"":[[149.4677061,-34.4550261],[149.4676028,-34.455025]]}"
,,OSM-381189885,Bombala River,Culvert,,,NSW,South East & Tablelands,,-36.706647,149.394823,river,Unknown (open data),,Culvert,,,,,,,,1,,,,,,,,,,,,,"OPEN DATA (OpenStreetMap, ODbL). DQ: INCOMPLETE - geometry & identity captured; owner/region/importance INFERRED (verify). Missing: condition, conditionRating, lastInspectionDate, lga, yearBuilt, postingStatus. No engineering/inspection data from open source.",Active,,,,,,,,,,,,,,,"OpenStreetMap (open data, ODbL)",https://www.openstreetmap.org/way/381189885,OSM:way/381189885,381189885,,"{""type"":""LineString"",""coordinates"":[[149.3948231,-36.7066408],[149.3948224,-36.7066527]]}"
,,OSM-383212634,Hawthorne Canal,Culvert,,,NSW,Sydney Metropolitan,,-33.894033,151.143181,drain,Unknown (open data),,Culvert,,,,,,,,90,,,,,,,,,,,,,"OPEN DATA (OpenStreetMap, ODbL). DQ: INCOMPLETE - geometry & identity captured; owner/region/importance INFERRED (verify). Missing: condition, conditionRating, lastInspectionDate, lga, yearBuilt, postingStatus. No engineering/inspection data from open source.",Active,,,,,,,,,,,,,,,"OpenStreetMap (open data, ODbL)",https://www.openstreetmap.org/way/383212634,OSM:way/383212634,383212634,,"{""type"":""LineString"",""coordinates"":[[151.1431474,-33.8944372],[151.1432142,-33.8936286]]}"
,,OSM-383212636,Hawthorne Canal,Culvert,,,NSW,Sydney Metropolitan,,-33.895302,151.142916,drain,Unknown (open data),,Culvert,,,,,,,,53,,,,,,,,,,,,,"OPEN DATA (OpenStreetMap, ODbL). DQ: INCOMPLETE - geometry & identity captured; owner/region/importance INFERRED (verify). Missing: condition, conditionRating, lastInspectionDate, lga, yearBuilt, postingStatus. No engineering/inspection data from open source.",Active,,,,,,,,,,,,,,,"OpenStreetMap (open data, ODbL)",https://www.openstreetmap.org/way/383212636,OSM:way/383212636,383212636,,"{""type"":""LineString"",""coordinates"":[[151.1428036,-33.8955363],[151.1429279,-33.8952811],[151.1430158,-33.8950892]]}"
,,OSM-383212638,Hawthorne Canal,Culvert,,,NSW,Sydney Metropolitan,,-33.896455,151.142262,drain,Unknown (open data),,Culvert,,,,,,,,36,,,,,,,,,,,,,"OPEN DATA (OpenStreetMap, ODbL). DQ: INCOMPLETE - geometry & identity captured; owner/region/importance INFERRED (verify). Missing: condition, conditionRating, lastInspectionDate, lga, yearBuilt, postingStatus. No engineering/inspection data from open source.",Active,,,,,,,,,,,,,,,"OpenStreetMap (open data, ODbL)",https://www.openstreetmap.org/way/383212638,OSM:way/383212638,383212638,,"{""type"":""LineString"",""coordinates"":[[151.142167,-33.8965948],[151.1423571,-33.8963158]]}"
,,OSM-384468991,Bewong Creek,Culvert,,,NSW,Illawarra & Shoalhaven,,-35.085063,150.53076,stream,Unknown (open data),,Culvert,,,,,,,,21,,,,,,,,,,,,,"OPEN DATA (OpenStreetMap, ODbL). DQ: INCOMPLETE - geometry & identity captured; owner/region/importance INFERRED (verify). Missing: condition, conditionRating, lastInspectionDate, lga, yearBuilt, postingStatus. No engineering/inspection data from open source. On NSW freight network (OSM hgv=designated, spatial join); NHVR B-double/road-train/HML approval NOT verified.",Active,,,,,,,,,,,true,,,,"OpenStreetMap (open data, ODbL)",https://www.openstreetmap.org/way/384468991,OSM:way/384468991,384468991,,"{""type"":""LineString"",""coordinates"":[[150.530853,-35.0850086],[150.5306668,-35.0851178]]}"
,,OSM-384468995,Booths Creek,Culvert,,,NSW,South East & Tablelands,,-36.638091,149.984457,stream,Unknown (open data),,Culvert,,,,,,,,29,,,,,,,,,,,,,"OPEN DATA (OpenStreetMap, ODbL). DQ: INCOMPLETE - geometry & identity captured; owner/region/importance INFERRED (verify). Missing: condition, conditionRating, lastInspectionDate, lga, yearBuilt, postingStatus. No engineering/inspection data from open source.",Active,,,,,,,,,,,,,,,"OpenStreetMap (open data, ODbL)",https://www.openstreetmap.org/way/384468995,OSM:way/384468995,384468995,,"{""type"":""LineString"",""coordinates"":[[149.9843617,-36.6379849],[149.9845525,-36.6381963]]}"
,,OSM-384469001,Boydtown Creek,Culvert,,,NSW,South East & Tablelands,,-37.107179,149.871745,stream,Unknown (open data),,Culvert,,,,,,,,19,,,,,,,,,,,,,"OPEN DATA (OpenStreetMap, ODbL). DQ: INCOMPLETE - geometry & identity captured; owner/region/importance INFERRED (verify). Missing: condition, conditionRating, lastInspectionDate, lga, yearBuilt, postingStatus. No engineering/inspection data from open source.",Active,,,,,,,,,,,,,,,"OpenStreetMap (open data, ODbL)",https://www.openstreetmap.org/way/384469001,OSM:way/384469001,384469001,,"{""type"":""LineString"",""coordinates"":[[149.8716421,-37.1071963],[149.8718473,-37.1071612]]}"
,,OSM-384469140,Freshwater Creek,Culvert,,,NSW,South East & Tablelands,,-37.054552,149.903126,stream,Unknown (open data),,Culvert,,,,,,,,19,,,,,,,,,,,,,"OPEN DATA (OpenStreetMap, ODbL). DQ: INCOMPLETE - geometry & identity captured; owner/region/importance INFERRED (verify). Missing: condition, conditionRating, lastInspectionDate, lga, yearBuilt, postingStatus. No engineering/inspection data from open source.",Active,,,,,,,,,,,,,,,"OpenStreetMap (open data, ODbL)",https://www.openstreetmap.org/way/384469140,OSM:way/384469140,384469140,,"{""type"":""LineString"",""coordinates"":[[149.9030484,-37.0546129],[149.9032031,-37.0544913]]}"
,,OSM-384469146,Gooloo Creek,Culvert,,,NSW,Illawarra & Shoalhaven,,-35.226429,150.435454,stream,Unknown (open data),,Culvert,,,,,,,,14,,,,,,,,,,,,,"OPEN DATA (OpenStreetMap, ODbL). DQ: INCOMPLETE - geometry & identity captured; owner/region/importance INFERRED (verify). Missing: condition, conditionRating, lastInspectionDate, lga, yearBuilt, postingStatus. No engineering/inspection data from open source.",Active,,,,,,,,,,,,,,,"OpenStreetMap (open data, ODbL)",https://www.openstreetmap.org/way/384469146,OSM:way/384469146,384469146,,"{""type"":""LineString"",""coordinates"":[[150.4353798,-35.2264078],[150.4355292,-35.2264512]]}"
,,OSM-384469196,Jigamy Creek,Culvert,,,NSW,South East & Tablelands,,-36.985292,149.907058,stream,Unknown (open data),,Culvert,,,,,,,,33,,,,,,,,,,,,,"OPEN DATA (OpenStreetMap, ODbL). DQ: INCOMPLETE - geometry & identity captured; owner/region/importance INFERRED (verify). Missing: condition, conditionRating, lastInspectionDate, lga, yearBuilt, postingStatus. No engineering/inspection data from open source.",Active,,,,,,,,,,,,,,,"OpenStreetMap (open data, ODbL)",https://www.openstreetmap.org/way/384469196,OSM:way/384469196,384469196,,"{""type"":""LineString"",""coordinates"":[[149.9068905,-36.9853597],[149.9072262,-36.9852249]]}"
,,OSM-384469319,Mullenderee Creek,Culvert,,,NSW,South East & Tablelands,,-35.888682,150.084882,stream,Unknown (open data),,Culvert,,,,,,,,15,,,,,,,,,,,,,"OPEN DATA (OpenStreetMap, ODbL). DQ: INCOMPLETE - geometry & identity captured; owner/region/importance INFERRED (verify). Missing: condition, conditionRating, lastInspectionDate, lga, yearBuilt, postingStatus. No engineering/inspection data from open source.",Active,,,,,,,,,,,,,,,"OpenStreetMap (open data, ODbL)",https://www.openstreetmap.org/way/384469319,OSM:way/384469319,384469319,,"{""type"":""LineString"",""coordinates"":[[150.0847999,-35.8886894],[150.0849636,-35.888674]]}"
,,OSM-384469699,Racecourse Creek,Culvert,,,NSW,South East & Tablelands,,-35.91546,150.084713,stream,Unknown (open data),,Culvert,,,,,,,,21,,,,,,,,,,,,,"OPEN DATA (OpenStreetMap, ODbL). DQ: INCOMPLETE - geometry & identity captured; owner/region/importance INFERRED (verify). Missing: condition, conditionRating, lastInspectionDate, lga, yearBuilt, postingStatus. No engineering/inspection data from open source.",Active,,,,,,,,,,,,,,,"OpenStreetMap (open data, ODbL)",https://www.openstreetmap.org/way/384469699,OSM:way/384469699,384469699,,"{""type"":""LineString"",""coordinates"":[[150.0846083,-35.9154367],[150.0846981,-35.9154507],[150.0848323,-35.915492]]}"
,,OSM-384469777,Town Creek,Culvert,,,NSW,Illawarra & Shoalhaven,,-34.774597,150.689805,stream,Unknown (open data),,Culvert,,,,,,,,17,,,,,,,,,,,,,"OPEN DATA (OpenStreetMap, ODbL). DQ: INCOMPLETE - geometry & identity captured; owner/region/importance INFERRED (verify). Missing: condition, conditionRating, lastInspectionDate, lga, yearBuilt, postingStatus. No engineering/inspection data from open source.",Active,,,,,,,,,,,,,,,"OpenStreetMap (open data, ODbL)",https://www.openstreetmap.org/way/384469777,OSM:way/384469777,384469777,,"{""type"":""LineString"",""coordinates"":[[150.6898108,-34.7745226],[150.6897987,-34.774671]]}"
,,OSM-385523590,Allan's Creek,Culvert,,,NSW,Illawarra & Shoalhaven,,-34.453503,150.859475,stream,Unknown (open data),,Culvert,,,,,,,,34,,,,,,,,,,,,,"OPEN DATA (OpenStreetMap, ODbL). DQ: INCOMPLETE - geometry & identity captured; owner/region/importance INFERRED (verify). Missing: condition, conditionRating, lastInspectionDate, lga, yearBuilt, postingStatus. No engineering/inspection data from open source.",Active,,,,,,,,,,,,,,,"OpenStreetMap (open data, ODbL)",https://www.openstreetmap.org/way/385523590,OSM:way/385523590,385523590,,"{""type"":""LineString"",""coordinates"":[[150.8593145,-34.453422],[150.8596354,-34.4535832]]}"
,,OSM-385523592,Allan's Creek,Culvert,,,NSW,Illawarra & Shoalhaven,,-34.453108,150.858701,stream,Unknown (open data),,Culvert,,,,,,,,61,,,,,,,,,,,,,"OPEN DATA (OpenStreetMap, ODbL). DQ: INCOMPLETE - geometry & identity captured; owner/region/importance INFERRED (verify). Missing: condition, conditionRating, lastInspectionDate, lga, yearBuilt, postingStatus. No engineering/inspection data from open source.",Active,,,,,,,,,,,,,,,"OpenStreetMap (open data, ODbL)",https://www.openstreetmap.org/way/385523592,OSM:way/385523592,385523592,,"{""type"":""LineString"",""coordinates"":[[150.8584174,-34.4529626],[150.8589848,-34.4532527]]}"
,,OSM-385523603,Bellambi Creek,Culvert,,,NSW,Illawarra & Shoalhaven,,-34.338677,150.878992,stream,Unknown (open data),,Culvert,,,,,,,,31,,,,,,,,,,,,,"OPEN DATA (OpenStreetMap, ODbL). DQ: INCOMPLETE - geometry & identity captured; owner/region/importance INFERRED (verify). Missing: condition, conditionRating, lastInspectionDate, lga, yearBuilt, postingStatus. No engineering/inspection data from open source.",Active,,,,,,,,,,,,,,,"OpenStreetMap (open data, ODbL)",https://www.openstreetmap.org/way/385523603,OSM:way/385523603,385523603,,"{""type"":""LineString"",""coordinates"":[[150.8791392,-34.3387473],[150.878845,-34.3386059]]}"
,,OSM-385523631,Cataract Creek,Culvert,,,NSW,Illawarra & Shoalhaven,,-34.350011,150.867911,stream,Unknown (open data),,Culvert,,,,,,,,22,,,,,,,,,,,,,"OPEN DATA (OpenStreetMap, ODbL). DQ: INCOMPLETE - geometry & identity captured; owner/region/importance INFERRED (verify). Missing: condition, conditionRating, lastInspectionDate, lga, yearBuilt, postingStatus. No engineering/inspection data from open source.",Active,,,,,,,,,,,,,,,"OpenStreetMap (open data, ODbL)",https://www.openstreetmap.org/way/385523631,OSM:way/385523631,385523631,,"{""type"":""LineString"",""coordinates"":[[150.8680035,-34.3500751],[150.867818,-34.349946]]}"
,,OSM-385909038,Bullockwide Creek,Culvert,,,NSW,Riverina,,-35.360017,143.841951,stream,Unknown (open data),,Culvert,,,,,,,,45,,,,,,,,,,,,,"OPEN DATA (OpenStreetMap, ODbL). DQ: INCOMPLETE - geometry & identity captured; owner/region/importance INFERRED (verify). Missing: condition, conditionRating, lastInspectionDate, lga, yearBuilt, postingStatus. No engineering/inspection data from open source.",Active,,,,,,,,,,,,,,,"OpenStreetMap (open data, ODbL)",https://www.openstreetmap.org/way/385909038,OSM:way/385909038,385909038,,"{""type"":""LineString"",""coordinates"":[[143.8420105,-35.3602122],[143.841892,-35.3598227]]}"
,,OSM-386063235,Yarrunga Creek,Culvert,,,NSW,Illawarra & Shoalhaven,,-34.648039,150.476176,stream,Unknown (open data),,Culvert,,,,,,,,7,,,,,,,,,,,,,"OPEN DATA (OpenStreetMap, ODbL). DQ: INCOMPLETE - geometry & identity captured; owner/region/importance INFERRED (verify). Missing: condition, conditionRating, lastInspectionDate, lga, yearBuilt, postingStatus. No engineering/inspection data from open source.",Active,,,,,,,,,,,,,,,"OpenStreetMap (open data, ODbL)",https://www.openstreetmap.org/way/386063235,OSM:way/386063235,386063235,,"{""type"":""LineString"",""coordinates"":[[150.4761824,-34.6480065],[150.4761704,-34.6480717]]}"
,,OSM-386398998,Bullockhide Creek,Culvert,,,NSW,Riverina,,-35.399287,143.86669,river,Unknown (open data),,Culvert,,,,,,,,21,,,,,,,,,,,,,"OPEN DATA (OpenStreetMap, ODbL). DQ: INCOMPLETE - geometry & identity captured; owner/region/importance INFERRED (verify). Missing: condition, conditionRating, lastInspectionDate, lga, yearBuilt, postingStatus. No engineering/inspection data from open source.",Active,,,,,,,,,,,,,,,"OpenStreetMap (open data, ODbL)",https://www.openstreetmap.org/way/386398998,OSM:way/386398998,386398998,,"{""type"":""LineString"",""coordinates"":[[143.8666739,-35.3993785],[143.8667068,-35.3991946]]}"
,,OSM-386690572,New Merran Cut,Culvert,,,NSW,Riverina,,-35.563858,144.073594,canal,Unknown (open data),,Culvert,,,,,,,,30,,,,,,,,,,,,,"OPEN DATA (OpenStreetMap, ODbL). DQ: INCOMPLETE - geometry & identity captured; owner/region/importance INFERRED (verify). Missing: condition, conditionRating, lastInspectionDate, lga, yearBuilt, postingStatus. No engineering/inspection data from open source.",Active,,,,,,,,,,,,,,,"OpenStreetMap (open data, ODbL)",https://www.openstreetmap.org/way/386690572,OSM:way/386690572,386690572,,"{""type"":""LineString"",""coordinates"":[[144.0736041,-35.5639928],[144.0735844,-35.563724]]}"
,,OSM-391177401,Joes Creek,Culvert,,,NSW,South East & Tablelands,,-35.742532,150.189047,stream,Unknown (open data),,Culvert,,,,,,,,9,,,,,,,,,,,,,"OPEN DATA (OpenStreetMap, ODbL). DQ: INCOMPLETE - geometry & identity captured; owner/region/importance INFERRED (verify). Missing: condition, conditionRating, lastInspectionDate, lga, yearBuilt, postingStatus. No engineering/inspection data from open source.",Active,,,,,,,,,,,,,,,"OpenStreetMap (open data, ODbL)",https://www.openstreetmap.org/way/391177401,OSM:way/391177401,391177401,,"{""type"":""LineString"",""coordinates"":[[150.1890419,-35.7425736],[150.1890525,-35.7424907]]}"
,,OSM-391177403,Joes Creek,Culvert,,,NSW,South East & Tablelands,,-35.739128,150.190233,stream,Unknown (open data),,Culvert,,,,,,,,9,,,,,,,,,,,,,"OPEN DATA (OpenStreetMap, ODbL). DQ: INCOMPLETE - geometry & identity captured; owner/region/importance INFERRED (verify). Missing: condition, conditionRating, lastInspectionDate, lga, yearBuilt, postingStatus. No engineering/inspection data from open source.",Active,,,,,,,,,,,,,,,"OpenStreetMap (open data, ODbL)",https://www.openstreetmap.org/way/391177403,OSM:way/391177403,391177403,,"{""type"":""LineString"",""coordinates"":[[150.1902194,-35.739165],[150.1902468,-35.7390913]]}"
,,OSM-391177405,Joes Creek,Culvert,,,NSW,South East & Tablelands,,-35.736051,150.194309,stream,Unknown (open data),,Culvert,,,,,,,,27,,,,,,,,,,,,,"OPEN DATA (OpenStreetMap, ODbL). DQ: INCOMPLETE - geometry & identity captured; owner/region/importance INFERRED (verify). Missing: condition, conditionRating, lastInspectionDate, lga, yearBuilt, postingStatus. No engineering/inspection data from open source.",Active,,,,,,,,,,,,,,,"OpenStreetMap (open data, ODbL)",https://www.openstreetmap.org/way/391177405,OSM:way/391177405,391177405,,"{""type"":""LineString"",""coordinates"":[[150.1941631,-35.7360262],[150.1944542,-35.7360753]]}"
,,OSM-391177511,Sheep Station Creek,Culvert,,,NSW,South East & Tablelands,,-35.666113,150.167089,stream,Unknown (open data),,Culvert,,,,,,,,27,,,,,,,,,,,,,"OPEN DATA (OpenStreetMap, ODbL). DQ: INCOMPLETE - geometry & identity captured; owner/region/importance INFERRED (verify). Missing: condition, conditionRating, lastInspectionDate, lga, yearBuilt, postingStatus. No engineering/inspection data from open source.",Active,,,,,,,,,,,,,,,"OpenStreetMap (open data, ODbL)",https://www.openstreetmap.org/way/391177511,OSM:way/391177511,391177511,,"{""type"":""LineString"",""coordinates"":[[150.1672145,-35.6660457],[150.1669644,-35.6661795]]}"
,,OSM-391313445,Burrandong Creek,Culvert,,,NSW,Central West & Orana,,-32.931754,148.238291,stream,Unknown (open data),,Culvert,,,,,,,,26,,,,,,,,,,,,,"OPEN DATA (OpenStreetMap, ODbL). DQ: INCOMPLETE - geometry & identity captured; owner/region/importance INFERRED (verify). Missing: condition, conditionRating, lastInspectionDate, lga, yearBuilt, postingStatus. No engineering/inspection data from open source.",Active,,,,,,,,,,,,,,,"OpenStreetMap (open data, ODbL)",https://www.openstreetmap.org/way/391313445,OSM:way/391313445,391313445,,"{""type"":""LineString"",""coordinates"":[[148.238194,-32.9318389],[148.2383882,-32.9316687]]}"
,,OSM-391488024,Jerusalem Creek,Culvert,,,NSW,Northern Rivers,,-29.245192,153.360727,stream,Unknown (open data),,Culvert,,,,,,,,43,,,,,,,,,,,,,"OPEN DATA (OpenStreetMap, ODbL). DQ: INCOMPLETE - geometry & identity captured; owner/region/importance INFERRED (verify). Missing: condition, conditionRating, lastInspectionDate, lga, yearBuilt, postingStatus. No engineering/inspection data from open source.",Active,,,,,,,,,,,,,,,"OpenStreetMap (open data, ODbL)",https://www.openstreetmap.org/way/391488024,OSM:way/391488024,391488024,,"{""type"":""LineString"",""coordinates"":[[153.3605813,-29.245046],[153.3608721,-29.2453376]]}"
,,OSM-391494242,Woolpack Gully,Culvert,,,NSW,Northern Rivers,,-29.364966,153.294799,stream,Unknown (open data),,Culvert,,,,,,,,33,,,,,,,,,,,,,"OPEN DATA (OpenStreetMap, ODbL). DQ: INCOMPLETE - geometry & identity captured; owner/region/importance INFERRED (verify). Missing: condition, conditionRating, lastInspectionDate, lga, yearBuilt, postingStatus. No engineering/inspection data from open source.",Active,,,,,,,,,,,,,,,"OpenStreetMap (open data, ODbL)",https://www.openstreetmap.org/way/391494242,OSM:way/391494242,391494242,,"{""type"":""LineString"",""coordinates"":[[153.2947566,-29.3648222],[153.2948416,-29.3651096]]}"
,,OSM-391737996,Deep Creek,Culvert,,,NSW,Central West & Orana,,-32.99813,148.399668,stream,Unknown (open data),,Culvert,,,,,,,,22,,,,,,,,,,,,,"OPEN DATA (OpenStreetMap, ODbL). DQ: INCOMPLETE - geometry & identity captured; owner/region/importance INFERRED (verify). Missing: condition, conditionRating, lastInspectionDate, lga, yearBuilt, postingStatus. No engineering/inspection data from open source.",Active,,,,,,,,,,,,,,,"OpenStreetMap (open data, ODbL)",https://www.openstreetmap.org/way/391737996,OSM:way/391737996,391737996,,"{""type"":""LineString"",""coordinates"":[[148.3997372,-32.9982121],[148.3995993,-32.9980469]]}"
,,OSM-391740434,Budgebegambil Creek,Culvert,,,NSW,Central West & Orana,,-32.831766,148.400651,stream,Unknown (open data),,Culvert,,,,,,,,23,,,,,,,,,,,,,"OPEN DATA (OpenStreetMap, ODbL). DQ: INCOMPLETE - geometry & identity captured; owner/region/importance INFERRED (verify). Missing: condition, conditionRating, lastInspectionDate, lga, yearBuilt, postingStatus. No engineering/inspection data from open source.",Active,,,,,,,,,,,,,,,"OpenStreetMap (open data, ODbL)",https://www.openstreetmap.org/way/391740434,OSM:way/391740434,391740434,,"{""type"":""LineString"",""coordinates"":[[148.4005563,-32.8318309],[148.4007461,-32.8317013]]}"
,,OSM-393068063,Mororo Creek,Culvert,,,NSW,Northern Rivers,,-29.359255,153.246307,stream,Unknown (open data),,Culvert,,,,,,,,26,,,,,,,,,,,,,"OPEN DATA (OpenStreetMap, ODbL). DQ: INCOMPLETE - geometry & identity captured; owner/region/importance INFERRED (verify). Missing: condition, conditionRating, lastInspectionDate, lga, yearBuilt, postingStatus. No engineering/inspection data from open source.",Active,,,,,,,,,,,,,,,"OpenStreetMap (open data, ODbL)",https://www.openstreetmap.org/way/393068063,OSM:way/393068063,393068063,,"{""type"":""LineString"",""coordinates"":[[153.2463168,-29.3591364],[153.246297,-29.3593732]]}"
,,OSM-393089594,Jacky Bulbin Creek,Culvert,,,NSW,Northern Rivers,,-29.162625,153.172498,stream,Unknown (open data),,Culvert,,,,,,,,34,,,,,,,,,,,,,"OPEN DATA (OpenStreetMap, ODbL). DQ: INCOMPLETE - geometry & identity captured; owner/region/importance INFERRED (verify). Missing: condition, conditionRating, lastInspectionDate, lga, yearBuilt, postingStatus. No engineering/inspection data from open source.",Active,,,,,,,,,,,,,,,"OpenStreetMap (open data, ODbL)",https://www.openstreetmap.org/way/393089594,OSM:way/393089594,393089594,,"{""type"":""LineString"",""coordinates"":[[153.1726357,-29.1627169],[153.1723593,-29.1625338]]}"
,,OSM-393529007,Burrandong Creek,Culvert,,,NSW,Central West & Orana,,-32.891289,148.218938,stream,Unknown (open data),,Culvert,,,,,,,,15,,,,,,,,,,,,,"OPEN DATA (OpenStreetMap, ODbL). DQ: INCOMPLETE - geometry & identity captured; owner/region/importance INFERRED (verify). Missing: condition, conditionRating, lastInspectionDate, lga, yearBuilt, postingStatus. No engineering/inspection data from open source.",Active,,,,,,,,,,,,,,,"OpenStreetMap (open data, ODbL)",https://www.openstreetmap.org/way/393529007,OSM:way/393529007,393529007,,"{""type"":""LineString"",""coordinates"":[[148.2189984,-32.8913311],[148.2188771,-32.8912467]]}"
,,OSM-393529545,Greenbah Creek,Culvert,,,NSW,Central West & Orana,,-32.77293,148.400399,stream,Unknown (open data),,Culvert,,,,,,,,11,,,,,,,,,,,,,"OPEN DATA (OpenStreetMap, ODbL). DQ: INCOMPLETE - geometry & identity captured; owner/region/importance INFERRED (verify). Missing: condition, conditionRating, lastInspectionDate, lga, yearBuilt, postingStatus. No engineering/inspection data from open source.",Active,,,,,,,,,,,,,,,"OpenStreetMap (open data, ODbL)",https://www.openstreetmap.org/way/393529545,OSM:way/393529545,393529545,,"{""type"":""LineString"",""coordinates"":[[148.4004003,-32.7729807],[148.4003984,-32.7728793]]}"
,,OSM-393530596,Hopping Dicks Creek,Culvert,,,NSW,Northern Rivers,,-28.292198,153.205158,stream,Unknown (open data),,Culvert,,,,,,,,17,,,,,,,,,,,,,"OPEN DATA (OpenStreetMap, ODbL). DQ: INCOMPLETE - geometry & identity captured; owner/region/importance INFERRED (verify). Missing: condition, conditionRating, lastInspectionDate, lga, yearBuilt, postingStatus. No engineering/inspection data from open source.",Active,,,,,,,,,,,,,,,"OpenStreetMap (open data, ODbL)",https://www.openstreetmap.org/way/393530596,OSM:way/393530596,393530596,,"{""type"":""LineString"",""coordinates"":[[153.205088,-28.2921536],[153.2052285,-28.2922417]]}"
,,OSM-393532220,Garrets Gully,Culvert,,,NSW,Northern Rivers,,-29.353456,153.227402,stream,Unknown (open data),,Culvert,,,,,,,,17,,,,,,,,,,,,,"OPEN DATA (OpenStreetMap, ODbL). DQ: INCOMPLETE - geometry & identity captured; owner/region/importance INFERRED (verify). Missing: condition, conditionRating, lastInspectionDate, lga, yearBuilt, postingStatus. No engineering/inspection data from open source.",Active,,,,,,,,,,,,,,,"OpenStreetMap (open data, ODbL)",https://www.openstreetmap.org/way/393532220,OSM:way/393532220,393532220,,"{""type"":""LineString"",""coordinates"":[[153.2273152,-29.3534619],[153.2274898,-29.3534497]]}"
,,OSM-393532232,Cooks Creek,Culvert,,,NSW,Central West & Orana,,-32.932969,148.432681,stream,Unknown (open data),,Culvert,,,,,,,,13,,,,,,,,,,,,,"OPEN DATA (OpenStreetMap, ODbL). DQ: INCOMPLETE - geometry & identity captured; owner/region/importance INFERRED (verify). Missing: condition, conditionRating, lastInspectionDate, lga, yearBuilt, postingStatus. No engineering/inspection data from open source.",Active,,,,,,,,,,,,,,,"OpenStreetMap (open data, ODbL)",https://www.openstreetmap.org/way/393532232,OSM:way/393532232,393532232,,"{""type"":""LineString"",""coordinates"":[[148.4327349,-32.9330032],[148.4326261,-32.9329354]]}"
,,OSM-393532234,Goobang Creek,Culvert,,,NSW,Central West & Orana,,-33.091774,148.241741,stream,Unknown (open data),,Culvert,,,,,,,,8,,,,,,,,,,,,,"OPEN DATA (OpenStreetMap, ODbL). DQ: INCOMPLETE - geometry & identity captured; owner/region/importance INFERRED (verify). Missing: condition, conditionRating, lastInspectionDate, lga, yearBuilt, postingStatus. No engineering/inspection data from open source.",Active,,,,,,,,,,,,,,,"OpenStreetMap (open data, ODbL)",https://www.openstreetmap.org/way/393532234,OSM:way/393532234,393532234,,"{""type"":""LineString"",""coordinates"":[[148.2417293,-33.0917406],[148.2417526,-33.091808]]}"
,,OSM-393532236,Goobang Creek,Culvert,,,NSW,Central West & Orana,,-33.110308,148.227352,stream,Unknown (open data),,Culvert,,,,,,,,9,,,,,,,,,,,,,"OPEN DATA (OpenStreetMap, ODbL). DQ: INCOMPLETE - geometry & identity captured; owner/region/importance INFERRED (verify). Missing: condition, conditionRating, lastInspectionDate, lga, yearBuilt, postingStatus. No engineering/inspection data from open source.",Active,,,,,,,,,,,,,,,"OpenStreetMap (open data, ODbL)",https://www.openstreetmap.org/way/393532236,OSM:way/393532236,393532236,,"{""type"":""LineString"",""coordinates"":[[148.2273645,-33.1102685],[148.2273393,-33.1103483]]}"
,,OSM-393535438,Beargamil Creek,Culvert,,,NSW,Central West & Orana,,-33.09387,148.368927,stream,Unknown (open data),,Culvert,,,,,,,,17,,,,,,,,,,,,,"OPEN DATA (OpenStreetMap, ODbL). DQ: INCOMPLETE - geometry & identity captured; owner/region/importance INFERRED (verify). Missing: condition, conditionRating, lastInspectionDate, lga, yearBuilt, postingStatus. No engineering/inspection data from open source.",Active,,,,,,,,,,,,,,,"OpenStreetMap (open data, ODbL)",https://www.openstreetmap.org/way/393535438,OSM:way/393535438,393535438,,"{""type"":""LineString"",""coordinates"":[[148.3689746,-33.0938046],[148.3688791,-33.0939363]]}"
,,OSM-394357965,Sandon River,Culvert,,,NSW,Regional NSW,,-29.717647,153.227744,river,Unknown (open data),,Culvert,,,,,,,,14,,,,,,,,,,,,,"OPEN DATA (OpenStreetMap, ODbL). DQ: INCOMPLETE - geometry & identity captured; owner/region/importance INFERRED (verify). Missing: condition, conditionRating, lastInspectionDate, lga, yearBuilt, postingStatus. No engineering/inspection data from open source.",Active,,,,,,,,,,,,,,,"OpenStreetMap (open data, ODbL)",https://www.openstreetmap.org/way/394357965,OSM:way/394357965,394357965,,"{""type"":""LineString"",""coordinates"":[[153.2276735,-29.7176594],[153.2278154,-29.7176351]]}"
,,OSM-394537084,Dirty Creek,Culvert,,,NSW,Regional NSW,,-29.984735,153.149403,stream,Unknown (open data),,Culvert,,,,,,,,37,,,,,,,,,,,,,"OPEN DATA (OpenStreetMap, ODbL). DQ: INCOMPLETE - geometry & identity captured; owner/region/importance INFERRED (verify). Missing: condition, conditionRating, lastInspectionDate, lga, yearBuilt, postingStatus. No engineering/inspection data from open source.",Active,,,,,,,,,,,,,,,"OpenStreetMap (open data, ODbL)",https://www.openstreetmap.org/way/394537084,OSM:way/394537084,394537084,,"{""type"":""LineString"",""coordinates"":[[153.149221,-29.9847845],[153.1495859,-29.9846857]]}"
,,OSM-394537085,Dirty Creek,Culvert,,,NSW,Regional NSW,,-29.986903,153.150036,stream,Unknown (open data),,Culvert,,,,,,,,25,,,,,,,,,,,,,"OPEN DATA (OpenStreetMap, ODbL). DQ: INCOMPLETE - geometry & identity captured; owner/region/importance INFERRED (verify). Missing: condition, conditionRating, lastInspectionDate, lga, yearBuilt, postingStatus. No engineering/inspection data from open source.",Active,,,,,,,,,,,,,,,"OpenStreetMap (open data, ODbL)",https://www.openstreetmap.org/way/394537085,OSM:way/394537085,394537085,,"{""type"":""LineString"",""coordinates"":[[153.1501048,-29.9869969],[153.1499679,-29.9868093]]}"
